fund,date,daily_return
Combined Equal-Weight,2021-01-04,-0.0038907547941801576
Combined Equal-Weight,2021-01-05,0.018120376539992038
Combined Equal-Weight,2021-01-06,0.040182477161079845
Combined Equal-Weight,2021-01-07,0.010143704534638191
Combined Equal-Weight,2021-01-08,0.0012208607118854035
Combined Equal-Weight,2021-01-11,-0.02152422578249631
Combined Equal-Weight,2021-01-12,-0.0006109898860971225
Combined Equal-Weight,2021-01-13,0.013803567861465397
Combined Equal-Weight,2021-01-14,0.005860779073975744
Combined Equal-Weight,2021-01-15,-0.01549532333694095
Combined Equal-Weight,2021-01-19,0.007634480717274238
Combined Equal-Weight,2021-01-20,0.005661901921990959
Combined Equal-Weight,2021-01-21,-0.027791277934350513
Combined Equal-Weight,2021-01-22,0.007759507727108147
Combined Equal-Weight,2021-01-25,-0.002077719675077335
Combined Equal-Weight,2021-01-26,-0.004617090510871492
Combined Equal-Weight,2021-01-27,-0.03390197079643124
Combined Equal-Weight,2021-01-28,0.024511344724528247
Combined Equal-Weight,2021-01-29,-0.007617075142822902
Combined Equal-Weight,2021-02-01,0.010204431715737181
Combined Equal-Weight,2021-02-02,0.021403561784053608
Combined Equal-Weight,2021-02-03,0.009427809957152509
Combined Equal-Weight,2021-02-04,0.004677017929212065
Combined Equal-Weight,2021-02-05,0.01929836944865081
Combined Equal-Weight,2021-02-08,0.024349974909302272
Combined Equal-Weight,2021-02-09,0.008633479616969735
Combined Equal-Weight,2021-02-10,0.008348949512855613
Combined Equal-Weight,2021-02-11,0.012119537999230363
Combined Equal-Weight,2021-02-12,0.012771234706878482
Combined Equal-Weight,2021-02-16,8.878331594455713e-05
Combined Equal-Weight,2021-02-17,0.009077872795865008
Combined Equal-Weight,2021-02-18,-0.004446512107421033
Combined Equal-Weight,2021-02-19,0.009084852155601876
Combined Equal-Weight,2021-02-22,-0.00868332831267409
Combined Equal-Weight,2021-02-23,-0.02610771316507361
Combined Equal-Weight,2021-02-24,0.01875870301090632
Combined Equal-Weight,2021-02-25,-0.02413005959171149
Combined Equal-Weight,2021-02-26,-0.010366431104046591
Combined Equal-Weight,2021-03-01,0.027648109503017656
Combined Equal-Weight,2021-03-02,-0.004995095667853328
Combined Equal-Weight,2021-03-03,-0.00033320893871828646
Combined Equal-Weight,2021-03-04,-0.009153766461762136
Combined Equal-Weight,2021-03-05,0.013226334721981788
Combined Equal-Weight,2021-03-08,0.0044615570870611574
Combined Equal-Weight,2021-03-09,0.013254338704809366
Combined Equal-Weight,2021-03-10,0.0034800257662523444
Combined Equal-Weight,2021-03-11,0.004812708500153618
Combined Equal-Weight,2021-03-12,0.0025552918773153028
Combined Equal-Weight,2021-03-15,-0.0011713058424097
Combined Equal-Weight,2021-03-16,0.007015489487125954
Combined Equal-Weight,2021-03-17,0.006925596336963362
Combined Equal-Weight,2021-03-18,-0.015048507897716851
Combined Equal-Weight,2021-03-19,-0.0007063611481626293
Combined Equal-Weight,2021-03-22,-0.00010487066879600628
Combined Equal-Weight,2021-03-23,-0.005565115183487839
Combined Equal-Weight,2021-03-24,-0.013883901971090516
Combined Equal-Weight,2021-03-25,0.00575361294981287
Combined Equal-Weight,2021-03-26,0.03094468102817685
Combined Equal-Weight,2021-03-29,0.00720851876096163
Combined Equal-Weight,2021-03-30,-0.0005418116981099115
Combined Equal-Weight,2021-03-31,0.010304119991946515
Combined Equal-Weight,2021-04-01,0.014672578757863942
Combined Equal-Weight,2021-04-05,0.023081966962157616
Combined Equal-Weight,2021-04-06,0.0059664400990261214
Combined Equal-Weight,2021-04-07,-0.013625912450554611
Combined Equal-Weight,2021-04-08,0.010035511307399434
Combined Equal-Weight,2021-04-09,-0.0022646376081477174
Combined Equal-Weight,2021-04-12,-0.00014566428523633758
Combined Equal-Weight,2021-04-13,0.0197269451628339
Combined Equal-Weight,2021-04-14,0.00717985817728976
Combined Equal-Weight,2021-04-15,0.018026410097255228
Combined Equal-Weight,2021-04-16,0.010810640530123875
Combined Equal-Weight,2021-04-19,-0.013429808386374404
Combined Equal-Weight,2021-04-20,-0.0017194123355581932
Combined Equal-Weight,2021-04-21,0.0020527523406248726
Combined Equal-Weight,2021-04-22,-0.01619857718772049
Combined Equal-Weight,2021-04-23,0.004644271415590373
Combined Equal-Weight,2021-04-26,0.026003937241607527
Combined Equal-Weight,2021-04-27,0.007995005006577837
Combined Equal-Weight,2021-04-28,0.0006928192729146098
Combined Equal-Weight,2021-04-29,0.005640496360681095
Combined Equal-Weight,2021-04-30,0.007084977550949065
Combined Equal-Weight,2021-05-03,0.01544405454342334
Combined Equal-Weight,2021-05-04,-0.005648499007211
Combined Equal-Weight,2021-05-05,0.043723330868181844
Combined Equal-Weight,2021-05-06,0.022550097273660648
Combined Equal-Weight,2021-05-07,0.001800001640671186
Combined Equal-Weight,2021-05-10,-0.014161891036241459
Combined Equal-Weight,2021-05-11,0.012826295389902969
Combined Equal-Weight,2021-05-12,-0.04312851663134941
Combined Equal-Weight,2021-05-13,0.01742943796387151
Combined Equal-Weight,2021-05-14,0.020617598770978452
Combined Equal-Weight,2021-05-17,-0.008442744291785171
Combined Equal-Weight,2021-05-18,-0.004358603510738576
Combined Equal-Weight,2021-05-19,-0.05502496853780313
Combined Equal-Weight,2021-05-20,0.031663435606871106
Combined Equal-Weight,2021-05-21,-0.021497824737603276
Combined Equal-Weight,2021-05-24,0.047287331314570705
Combined Equal-Weight,2021-05-25,-0.0040971051605681996
Combined Equal-Weight,2021-05-26,0.014872081029443268
Combined Equal-Weight,2021-05-27,-0.003959701442402558
Combined Equal-Weight,2021-05-28,-0.011492925379301374
Combined Equal-Weight,2021-06-01,0.0019320991050394568
Combined Equal-Weight,2021-06-02,0.005887695082374621
Combined Equal-Weight,2021-06-03,0.006975701709594548
Combined Equal-Weight,2021-06-04,-0.006163965303206659
Combined Equal-Weight,2021-06-07,-0.015368342643534448
Combined Equal-Weight,2021-06-08,-0.002371154567070978
Combined Equal-Weight,2021-06-09,0.0073027072576986665
Combined Equal-Weight,2021-06-10,-0.004799715458690141
Combined Equal-Weight,2021-06-11,-0.005929566468440189
Combined Equal-Weight,2021-06-14,0.0007492351693836757
Combined Equal-Weight,2021-06-15,0.0008401618357091988
Combined Equal-Weight,2021-06-16,-0.01824447264472362
Combined Equal-Weight,2021-06-17,-0.005570700136612287
Combined Equal-Weight,2021-06-18,-0.022182970428932646
Combined Equal-Weight,2021-06-21,-0.01754747781534833
Combined Equal-Weight,2021-06-22,-0.004652135019746894
Combined Equal-Weight,2021-06-23,0.0114251516164361
Combined Equal-Weight,2021-06-24,0.01693102791334944
Combined Equal-Weight,2021-06-25,-0.006932437710560352
Combined Equal-Weight,2021-06-28,0.0017426400271460009
Combined Equal-Weight,2021-06-29,0.012414481983307891
Combined Equal-Weight,2021-06-30,0.005368765226058118
Combined Equal-Weight,2021-07-01,-0.0033192767515803833
Combined Equal-Weight,2021-07-02,0.004263327713458633
Combined Equal-Weight,2021-07-06,-0.004212575069847087
Combined Equal-Weight,2021-07-07,-0.002181279266246696
Combined Equal-Weight,2021-07-08,-0.014100931368607789
Combined Equal-Weight,2021-07-09,0.015525252970304146
Combined Equal-Weight,2021-07-12,6.666012125694092e-06
Combined Equal-Weight,2021-07-13,-0.009426809800300117
Combined Equal-Weight,2021-07-14,-0.00025849365444601994
Combined Equal-Weight,2021-07-15,-0.006653536534465437
Combined Equal-Weight,2021-07-16,-0.011967131418521895
Combined Equal-Weight,2021-07-19,-0.022459570395439412
Combined Equal-Weight,2021-07-20,0.0028586259219501317
Combined Equal-Weight,2021-07-21,0.022601742030328022
Combined Equal-Weight,2021-07-22,0.004775657305063478
Combined Equal-Weight,2021-07-23,0.009348842887017787
Combined Equal-Weight,2021-07-26,0.008748477236540465
Combined Equal-Weight,2021-07-27,0.002717867987850973
Combined Equal-Weight,2021-07-28,0.00635380484284413
Combined Equal-Weight,2021-07-29,0.00834840788571078
Combined Equal-Weight,2021-07-30,0.0002823173721804382
Combined Equal-Weight,2021-08-02,-0.00041449549998878624
Combined Equal-Weight,2021-08-03,0.0028984554738739295
Combined Equal-Weight,2021-08-04,-0.0006855822474707844
Combined Equal-Weight,2021-08-05,0.006763876655075017
Combined Equal-Weight,2021-08-06,0.0065574618304001945
Combined Equal-Weight,2021-08-09,0.006843418909327442
Combined Equal-Weight,2021-08-10,0.00839153195052591
Combined Equal-Weight,2021-08-11,0.01764108417771884
Combined Equal-Weight,2021-08-12,-0.002135655200135237
Combined Equal-Weight,2021-08-13,0.017674559383084754
Combined Equal-Weight,2021-08-16,-0.008433254654068604
Combined Equal-Weight,2021-08-17,-0.015290825753124777
Combined Equal-Weight,2021-08-18,-0.008506412839214212
Combined Equal-Weight,2021-08-19,0.0064703088836362815
Combined Equal-Weight,2021-08-20,0.010881405382754462
Combined Equal-Weight,2021-08-23,0.012042506748717808
Combined Equal-Weight,2021-08-24,-0.00947256705076925
Combined Equal-Weight,2021-08-25,0.0038713081381516177
Combined Equal-Weight,2021-08-26,-0.016122481497608716
Combined Equal-Weight,2021-08-27,0.02151123226674198
Combined Equal-Weight,2021-08-30,-0.006425248361791525
Combined Equal-Weight,2021-08-31,0.005361457888820467
Combined Equal-Weight,2021-09-01,0.007531067699489176
Combined Equal-Weight,2021-09-02,0.007735529282360306
Combined Equal-Weight,2021-09-03,0.004866835916925921
Combined Equal-Weight,2021-09-07,-0.036280959812934784
Combined Equal-Weight,2021-09-08,-0.0015716560248669772
Combined Equal-Weight,2021-09-09,-0.004756211936891715
Combined Equal-Weight,2021-09-10,-0.010110524390361903
Combined Equal-Weight,2021-09-13,-0.002580416306756819
Combined Equal-Weight,2021-09-14,-0.0014324195158687495
Combined Equal-Weight,2021-09-15,0.012875051537632583
Combined Equal-Weight,2021-09-16,-0.00780368734541298
Combined Equal-Weight,2021-09-17,-0.014286215712741262
Combined Equal-Weight,2021-09-20,-0.03329331545513273
Combined Equal-Weight,2021-09-21,-0.010663478479630055
Combined Equal-Weight,2021-09-22,0.025647581307518146
Combined Equal-Weight,2021-09-23,0.012260223908901548
Combined Equal-Weight,2021-09-24,-0.012367511550657524
Combined Equal-Weight,2021-09-27,-0.0024383260660474316
Combined Equal-Weight,2021-09-28,-0.014791132484124888
Combined Equal-Weight,2021-09-29,0.00746668734471468
Combined Equal-Weight,2021-09-30,-0.0017850033793431175
Combined Equal-Weight,2021-10-01,0.024591481632230426
Combined Equal-Weight,2021-10-04,-0.004760865119006869
Combined Equal-Weight,2021-10-05,0.011263409404533145
Combined Equal-Weight,2021-10-06,0.005299640659841376
Combined Equal-Weight,2021-10-07,0.005638156018019543
Combined Equal-Weight,2021-10-08,-0.002315084894826297
Combined Equal-Weight,2021-10-11,-0.004783810819609661
Combined Equal-Weight,2021-10-12,-0.004723113417267521
Combined Equal-Weight,2021-10-13,0.00804623580702964
Combined Equal-Weight,2021-10-14,0.012013720336223653
Combined Equal-Weight,2021-10-15,0.007506264442978244
Combined Equal-Weight,2021-10-18,-0.0006564281322926671
Combined Equal-Weight,2021-10-19,0.010334411223166513
Combined Equal-Weight,2021-10-20,0.015919467021704395
Combined Equal-Weight,2021-10-21,-0.005106919703657935
Combined Equal-Weight,2021-10-22,-0.0005606793506842658
Combined Equal-Weight,2021-10-25,0.00820131279086554
Combined Equal-Weight,2021-10-26,0.0020380461203450533
Combined Equal-Weight,2021-10-27,-0.028659861087892757
Combined Equal-Weight,2021-10-28,0.016269624424211402
Combined Equal-Weight,2021-10-29,0.002378028928441149
Combined Equal-Weight,2021-11-01,0.005496539455518861
Combined Equal-Weight,2021-11-02,0.009294275797061706
Combined Equal-Weight,2021-11-03,0.006961779327564759
Combined Equal-Weight,2021-11-04,-0.0004541795884501549
Combined Equal-Weight,2021-11-05,0.001897790668587881
Combined Equal-Weight,2021-11-08,0.013160514517736172
Combined Equal-Weight,2021-11-09,0.009076821272139915
Combined Equal-Weight,2021-11-10,-0.014626270437855953
Combined Equal-Weight,2021-11-11,0.002818263951857184
Combined Equal-Weight,2021-11-12,-0.0017091093745052728
Combined Equal-Weight,2021-11-15,-0.0031997942733268006
Combined Equal-Weight,2021-11-16,-0.014269076752689023
Combined Equal-Weight,2021-11-17,-0.004503910391576135
Combined Equal-Weight,2021-11-18,-0.012178625840402222
Combined Equal-Weight,2021-11-19,0.0016083130038162291
Combined Equal-Weight,2021-11-22,-0.0043254668527288875
Combined Equal-Weight,2021-11-23,0.010080833081749263
Combined Equal-Weight,2021-11-24,-0.002837992481822486
Combined Equal-Weight,2021-11-26,-0.029338476707881755
Combined Equal-Weight,2021-11-29,0.008916650891831267
Combined Equal-Weight,2021-11-30,-0.01844936691249475
Combined Equal-Weight,2021-12-01,-0.011750985011291237
Combined Equal-Weight,2021-12-02,0.018424546320772138
Combined Equal-Weight,2021-12-03,-0.00989665005268462
Combined Equal-Weight,2021-12-06,0.017967098671794034
Combined Equal-Weight,2021-12-07,0.011524713550818215
Combined Equal-Weight,2021-12-08,0.005738811185586794
Combined Equal-Weight,2021-12-09,-0.017306547344091625
Combined Equal-Weight,2021-12-10,-0.0017509506946767062
Combined Equal-Weight,2021-12-13,-0.01847500062645433
Combined Equal-Weight,2021-12-14,0.00037317725438743194
Combined Equal-Weight,2021-12-15,0.01533648303075982
Combined Equal-Weight,2021-12-16,-0.001455775154937346
Combined Equal-Weight,2021-12-17,-0.014493090540587995
Combined Equal-Weight,2021-12-20,-0.006322349334487458
Combined Equal-Weight,2021-12-21,0.017718322151441344
Combined Equal-Weight,2021-12-22,0.005884459350951686
Combined Equal-Weight,2021-12-23,0.01298087177425178
Combined Equal-Weight,2021-12-27,0.011695336888605875
Combined Equal-Weight,2021-12-28,-0.009558348712256833
Combined Equal-Weight,2021-12-29,-0.004461703030257021
Combined Equal-Weight,2021-12-30,0.0015601369410051652
Combined Equal-Weight,2021-12-31,-0.003464394306561567
Combined Equal-Weight,2022-01-03,0.003123160162046699
Combined Equal-Weight,2022-01-04,0.004945424476565639
Combined Equal-Weight,2022-01-05,-0.018520541664949264
Combined Equal-Weight,2022-01-06,0.00035154698139848743
Combined Equal-Weight,2022-01-07,-0.005573185878732739
Combined Equal-Weight,2022-01-10,-0.010468008645634554
Combined Equal-Weight,2022-01-11,0.014117589837793546
Combined Equal-Weight,2022-01-12,0.011324891190994092
Combined Equal-Weight,2022-01-13,-0.009911573013603521
Combined Equal-Weight,2022-01-14,0.005830496410168117
Combined Equal-Weight,2022-01-18,-0.011533023635334367
Combined Equal-Weight,2022-01-19,-0.010489090579142503
Combined Equal-Weight,2022-01-20,-0.01697219514854896
Combined Equal-Weight,2022-01-21,-0.03006122398201549
Combined Equal-Weight,2022-01-24,-0.0028541466834678063
Combined Equal-Weight,2022-01-25,-0.0027430716109983653
Combined Equal-Weight,2022-01-26,-0.006530534848476083
Combined Equal-Weight,2022-01-27,-0.004293893754328957
Combined Equal-Weight,2022-01-28,0.0183096178597727
Combined Equal-Weight,2022-01-31,0.014107319571363016
Combined Equal-Weight,2022-02-01,0.012964162723813271
Combined Equal-Weight,2022-02-02,0.0017817301239004529
Combined Equal-Weight,2022-02-03,-0.00535646553699757
Combined Equal-Weight,2022-02-04,0.013733646897065199
Combined Equal-Weight,2022-02-07,0.013688791888446367
Combined Equal-Weight,2022-02-08,0.0029371659880817287
Combined Equal-Weight,2022-02-09,0.013799729865727304
Combined Equal-Weight,2022-02-10,-0.018483629148971906
Combined Equal-Weight,2022-02-11,-0.01848541179562176
Combined Equal-Weight,2022-02-14,-0.006096454332451162
Combined Equal-Weight,2022-02-15,0.017944771341906925
Combined Equal-Weight,2022-02-16,-0.0029439425950380242
Combined Equal-Weight,2022-02-17,-0.025669044392356868
Combined Equal-Weight,2022-02-18,-0.008308974284683532
Combined Equal-Weight,2022-02-22,0.0010145262277304046
Combined Equal-Weight,2022-02-23,-0.013019673685019412
Combined Equal-Weight,2022-02-24,0.005844886592826034
Combined Equal-Weight,2022-02-25,0.028299068288828368
Combined Equal-Weight,2022-02-28,0.014981012301147338
Combined Equal-Weight,2022-03-01,-0.010226922298809874
Combined Equal-Weight,2022-03-02,0.013323609703012582
Combined Equal-Weight,2022-03-03,-0.003943445898772509
Combined Equal-Weight,2022-03-04,-0.010092048189367155
Combined Equal-Weight,2022-03-07,-0.01776908707754453
Combined Equal-Weight,2022-03-08,-0.0005181088985887557
Combined Equal-Weight,2022-03-09,0.02275385732553449
Combined Equal-Weight,2022-03-10,-0.008283750117282968
Combined Equal-Weight,2022-03-11,-0.005725738540850366
Combined Equal-Weight,2022-03-14,-0.003629062472281808
Combined Equal-Weight,2022-03-15,0.008665417098065818
Combined Equal-Weight,2022-03-16,0.02011624343873986
Combined Equal-Weight,2022-03-17,0.011785017412108273
Combined Equal-Weight,2022-03-18,0.007895695606537636
Combined Equal-Weight,2022-03-21,0.0070109715696001045
Combined Equal-Weight,2022-03-22,0.015103216163539686
Combined Equal-Weight,2022-03-23,-0.006049250070386996
Combined Equal-Weight,2022-03-24,0.013068632416285836
Combined Equal-Weight,2022-03-25,0.005595401879406856
Combined Equal-Weight,2022-03-28,0.001447418861126204
Combined Equal-Weight,2022-03-29,0.012684810195777252
Combined Equal-Weight,2022-03-30,-0.0019830263042148032
Combined Equal-Weight,2022-03-31,-0.017306133656382425
Combined Equal-Weight,2022-04-01,0.0073455156681250236
Combined Equal-Weight,2022-04-04,0.0008953739066797098
Combined Equal-Weight,2022-04-05,-0.013658704065118672
Combined Equal-Weight,2022-04-06,-0.016328677696710422
Combined Equal-Weight,2022-04-07,0.007364622930832038
Combined Equal-Weight,2022-04-08,-0.004348636173546209
Combined Equal-Weight,2022-04-11,-0.023264955744011714
Combined Equal-Weight,2022-04-12,0.004007312985704973
Combined Equal-Weight,2022-04-13,0.013787966587576847
Combined Equal-Weight,2022-04-14,-0.005741101907638509
Combined Equal-Weight,2022-04-18,0.004428319975481326
Combined Equal-Weight,2022-04-19,0.014011769138049196
Combined Equal-Weight,2022-04-20,-0.0007653785091205787
Combined Equal-Weight,2022-04-21,-0.013784294691622687
Combined Equal-Weight,2022-04-22,-0.021214101715744397
Combined Equal-Weight,2022-04-25,-0.00044088502730586316
Combined Equal-Weight,2022-04-26,-0.028544543537565997
Combined Equal-Weight,2022-04-27,0.004447883171157322
Combined Equal-Weight,2022-04-28,0.016149437880903197
Combined Equal-Weight,2022-04-29,-0.03535914037351933
Combined Equal-Weight,2022-05-02,0.003043863419666624
Combined Equal-Weight,2022-05-03,0.0035640299123010435
Combined Equal-Weight,2022-05-04,0.041779191869066076
Combined Equal-Weight,2022-05-05,-0.03567404621053816
Combined Equal-Weight,2022-05-06,-0.0014604223199472903
Combined Equal-Weight,2022-05-09,-0.05231015937226137
Combined Equal-Weight,2022-05-10,0.002289456630839913
Combined Equal-Weight,2022-05-11,-0.026863850658016598
Combined Equal-Weight,2022-05-12,-0.006284836576940928
Combined Equal-Weight,2022-05-13,0.02971034348845338
Combined Equal-Weight,2022-05-16,-0.008837458817569869
Combined Equal-Weight,2022-05-17,0.023522176558263535
Combined Equal-Weight,2022-05-18,-0.036568352952385266
Combined Equal-Weight,2022-05-19,0.006398791311356195
Combined Equal-Weight,2022-05-20,-0.00472162270689022
Combined Equal-Weight,2022-05-23,0.0106081092658785
Combined Equal-Weight,2022-05-24,0.005686548913250514
Combined Equal-Weight,2022-05-25,0.005888223167806835
Combined Equal-Weight,2022-05-26,0.0042446690341475385
Combined Equal-Weight,2022-05-27,0.011565068511086298
Combined Equal-Weight,2022-05-31,-0.004450962361167221
Combined Equal-Weight,2022-06-01,-0.016220122078898155
Combined Equal-Weight,2022-06-02,0.01624013380735481
Combined Equal-Weight,2022-06-03,-0.011271403291995528
Combined Equal-Weight,2022-06-06,0.004473021448710697
Combined Equal-Weight,2022-06-07,0.006515504781820812
Combined Equal-Weight,2022-06-08,-0.013009352302863542
Combined Equal-Weight,2022-06-09,-0.02068098499577959
Combined Equal-Weight,2022-06-10,-0.03016926038223657
Combined Equal-Weight,2022-06-13,-0.054737652165409836
Combined Equal-Weight,2022-06-14,-0.0034627853951064965
Combined Equal-Weight,2022-06-15,0.01998391741926174
Combined Equal-Weight,2022-06-16,-0.041892255552994244
Combined Equal-Weight,2022-06-17,0.0027328718837826135
Combined Equal-Weight,2022-06-21,0.018731182956851004
Combined Equal-Weight,2022-06-22,-0.008861850562642583
Combined Equal-Weight,2022-06-23,0.0100016140490976
Combined Equal-Weight,2022-06-24,0.030300955456340237
Combined Equal-Weight,2022-06-27,-0.0037082095460848007
Combined Equal-Weight,2022-06-28,-0.015119424936045182
Combined Equal-Weight,2022-06-29,-0.006696225000566496
Combined Equal-Weight,2022-06-30,-0.007535848717859894
Combined Equal-Weight,2022-07-01,0.005155360012899511
Combined Equal-Weight,2022-07-05,-0.008417589662965288
Combined Equal-Weight,2022-07-06,0.0027449040675721625
Combined Equal-Weight,2022-07-07,0.01812251090033878
Combined Equal-Weight,2022-07-08,-0.004392454474492609
Combined Equal-Weight,2022-07-11,-0.01564164553513321
Combined Equal-Weight,2022-07-12,-0.007135968983798229
Combined Equal-Weight,2022-07-13,0.004273844927175245
Combined Equal-Weight,2022-07-14,0.00039546183623717976
Combined Equal-Weight,2022-07-15,0.01772329816929271
Combined Equal-Weight,2022-07-18,0.0153131147321425
Combined Equal-Weight,2022-07-19,0.02586875775096274
Combined Equal-Weight,2022-07-20,-0.003828157409285749
Combined Equal-Weight,2022-07-21,0.00855275720091389
Combined Equal-Weight,2022-07-22,-0.005418183269914842
Combined Equal-Weight,2022-07-25,-0.009139212362314906
Combined Equal-Weight,2022-07-26,-0.003336425903804736
Combined Equal-Weight,2022-07-27,0.02792847365268602
Combined Equal-Weight,2022-07-28,0.021607122134156626
Combined Equal-Weight,2022-07-29,0.007116952121869635
Combined Equal-Weight,2022-08-01,-0.0034638165145915484
Combined Equal-Weight,2022-08-02,-0.01125840552766689
Combined Equal-Weight,2022-08-03,0.0043077639733036166
Combined Equal-Weight,2022-08-04,-0.0011084059539739493
Combined Equal-Weight,2022-08-05,0.008947954951706028
Combined Equal-Weight,2022-08-08,0.0037225810330289637
Combined Equal-Weight,2022-08-09,-0.007945398147576593
Combined Equal-Weight,2022-08-10,0.022285586386157935
Combined Equal-Weight,2022-08-11,0.00711277305876338
Combined Equal-Weight,2022-08-12,0.014744085826509505
Combined Equal-Weight,2022-08-15,0.0008230034027234425
Combined Equal-Weight,2022-08-16,0.002814440189481566
Combined Equal-Weight,2022-08-17,-0.007798589889117788
Combined Equal-Weight,2022-08-18,0.00043693173708676884
Combined Equal-Weight,2022-08-19,-0.025355329437994716
Combined Equal-Weight,2022-08-22,-0.01253747539978588
Combined Equal-Weight,2022-08-23,0.004000658103116927
Combined Equal-Weight,2022-08-24,0.0006884568862047304
Combined Equal-Weight,2022-08-25,0.013369768680934337
Combined Equal-Weight,2022-08-26,-0.036080888455400716
Combined Equal-Weight,2022-08-29,0.005030206035969886
Combined Equal-Weight,2022-08-30,-0.015619484591487917
Combined Equal-Weight,2022-08-31,-0.005587489685243131
Combined Equal-Weight,2022-09-01,0.0034886436672656863
Combined Equal-Weight,2022-09-02,-0.007112650662027257
Combined Equal-Weight,2022-09-06,-0.01516233427813982
Combined Equal-Weight,2022-09-07,0.022888356862568352
Combined Equal-Weight,2022-09-08,0.006030335202376024
Combined Equal-Weight,2022-09-09,0.02197192647032312
Combined Equal-Weight,2022-09-12,0.005828411314179709
Combined Equal-Weight,2022-09-13,-0.0452262252013494
Combined Equal-Weight,2022-09-14,0.006167148570890119
Combined Equal-Weight,2022-09-15,-0.021520483858726538
Combined Equal-Weight,2022-09-16,-0.003864168641195474
Combined Equal-Weight,2022-09-19,0.008872265784185429
Combined Equal-Weight,2022-09-20,-0.012956882717406143
Combined Equal-Weight,2022-09-21,-0.020650512877607576
Combined Equal-Weight,2022-09-22,0.00349808634492015
Combined Equal-Weight,2022-09-23,-0.016667819937102528
Combined Equal-Weight,2022-09-26,-0.01293929840562053
Combined Equal-Weight,2022-09-27,-0.005605479284624965
Combined Equal-Weight,2022-09-28,0.017534552039938048
Combined Equal-Weight,2022-09-29,-0.012207247581198724
Combined Equal-Weight,2022-09-30,-0.013137197439580913
Combined Equal-Weight,2022-10-03,0.030449618306372543
Combined Equal-Weight,2022-10-04,0.028809583357177367
Combined Equal-Weight,2022-10-05,-0.0034065901150966233
Combined Equal-Weight,2022-10-06,-0.010554134887437127
Combined Equal-Weight,2022-10-07,-0.02028021844549765
Combined Equal-Weight,2022-10-10,-0.012045546445742964
Combined Equal-Weight,2022-10-11,-0.005794294732439905
Combined Equal-Weight,2022-10-12,-0.004392407956616383
Combined Equal-Weight,2022-10-13,0.021919988104568862
Combined Equal-Weight,2022-10-14,-0.014943014408953998
Combined Equal-Weight,2022-10-17,0.018691664879151734
Combined Equal-Weight,2022-10-18,0.007318470900009656
Combined Equal-Weight,2022-10-19,-0.010522088707603131
Combined Equal-Weight,2022-10-20,-0.0039039696602135377
Combined Equal-Weight,2022-10-21,0.02200682486592608
Combined Equal-Weight,2022-10-24,0.003431330492379288
Combined Equal-Weight,2022-10-25,0.022866863952870096
Combined Equal-Weight,2022-10-26,0.008034988239200652
Combined Equal-Weight,2022-10-27,-0.003632952115667947
Combined Equal-Weight,2022-10-28,0.023573826986520476
Combined Equal-Weight,2022-10-31,-0.006095718685837176
Combined Equal-Weight,2022-11-01,0.001166547427961367
Combined Equal-Weight,2022-11-02,-0.016734417076221923
Combined Equal-Weight,2022-11-03,0.0006162937564336262
Combined Equal-Weight,2022-11-04,0.0269031608428341
Combined Equal-Weight,2022-11-07,0.006391610036462398
Combined Equal-Weight,2022-11-08,-0.013701324476817447
Combined Equal-Weight,2022-11-09,-0.042062367229832656
Combined Equal-Weight,2022-11-10,0.0675006791956451
Combined Equal-Weight,2022-11-11,0.006815255597190181
Combined Equal-Weight,2022-11-14,-0.003402631049289913
Combined Equal-Weight,2022-11-15,0.010602315236801465
Combined Equal-Weight,2022-11-16,-0.011701976878377256
Combined Equal-Weight,2022-11-17,-0.0010528206157177614
Combined Equal-Weight,2022-11-18,0.004579782972334325
Combined Equal-Weight,2022-11-21,-0.001608971703776883
Combined Equal-Weight,2022-11-22,0.018700329196249955
Combined Equal-Weight,2022-11-23,0.010489829245412908
Combined Equal-Weight,2022-11-25,-0.0004737967332436474
Combined Equal-Weight,2022-11-28,-0.018339494590531833
Combined Equal-Weight,2022-11-29,0.006229594226936348
Combined Equal-Weight,2022-11-30,0.025515568887532696
Combined Equal-Weight,2022-12-01,-0.003572930901665892
Combined Equal-Weight,2022-12-02,0.002700736387861955
Combined Equal-Weight,2022-12-05,-0.014665870362620128
Combined Equal-Weight,2022-12-06,-0.009217703200675515
Combined Equal-Weight,2022-12-07,-0.004218368396410738
Combined Equal-Weight,2022-12-08,0.009516938329560376
Combined Equal-Weight,2022-12-09,-0.009422793287027822
Combined Equal-Weight,2022-12-12,0.013429631001319246
Combined Equal-Weight,2022-12-13,0.01112670271869061
Combined Equal-Weight,2022-12-14,-0.009161190736121408
Combined Equal-Weight,2022-12-15,-0.021888844095310084
Combined Equal-Weight,2022-12-16,-0.021319753226927002
Combined Equal-Weight,2022-12-19,-0.010728852442311063
Combined Equal-Weight,2022-12-20,0.00870012313657669
Combined Equal-Weight,2022-12-21,0.014259856269343464
Combined Equal-Weight,2022-12-22,-0.008621359750384588
Combined Equal-Weight,2022-12-23,0.0062776444668217425
Combined Equal-Weight,2022-12-27,-0.0017391378059759656
Combined Equal-Weight,2022-12-28,-0.01518677672705094
Combined Equal-Weight,2022-12-29,0.011231947956177225
Combined Equal-Weight,2022-12-30,-0.0014994889775808392
Combined Equal-Weight,2023-01-03,0.001424910863188168
Combined Equal-Weight,2023-01-04,0.021530127426546662
Combined Equal-Weight,2023-01-05,-0.008150576794457376
Combined Equal-Weight,2023-01-06,0.02337325761487568
Combined Equal-Weight,2023-01-09,0.004700037490849591
Combined Equal-Weight,2023-01-10,0.00735110865966385
Combined Equal-Weight,2023-01-11,0.013105328625998683
Combined Equal-Weight,2023-01-12,0.010156315980829734
Combined Equal-Weight,2023-01-13,0.00851194859562675
Combined Equal-Weight,2023-01-17,-0.0041944376698762305
Combined Equal-Weight,2023-01-18,-0.02044387826217308
Combined Equal-Weight,2023-01-19,-0.002273349482211665
Combined Equal-Weight,2023-01-20,0.023514059303050755
Combined Equal-Weight,2023-01-23,0.01302064324129035
Combined Equal-Weight,2023-01-24,-0.009353205795021241
Combined Equal-Weight,2023-01-25,0.0066582357232981525
Combined Equal-Weight,2023-01-26,0.0067288746334758015
Combined Equal-Weight,2023-01-27,0.00077192814743481
Combined Equal-Weight,2023-01-30,-0.016294006955992344
Combined Equal-Weight,2023-01-31,0.013220029608013514
Combined Equal-Weight,2023-02-01,0.009731505056982968
Combined Equal-Weight,2023-02-02,-0.0005500485124867098
Combined Equal-Weight,2023-02-03,-0.0083410692489316
Combined Equal-Weight,2023-02-06,-0.006746947547876076
Combined Equal-Weight,2023-02-07,0.015576413927813292
Combined Equal-Weight,2023-02-08,-0.010476762630954598
Combined Equal-Weight,2023-02-09,-0.017697535698175303
Combined Equal-Weight,2023-02-10,0.00618052303885483
Combined Equal-Weight,2023-02-13,0.006761791597266651
Combined Equal-Weight,2023-02-14,0.004442089540639553
Combined Equal-Weight,2023-02-15,0.011134968990990214
Combined Equal-Weight,2023-02-16,-0.01891393728273206
Combined Equal-Weight,2023-02-17,0.005827864390259856
Combined Equal-Weight,2023-02-21,-0.017782639383102143
Combined Equal-Weight,2023-02-22,-0.005864817854914084
Combined Equal-Weight,2023-02-23,0.0026098348420776885
Combined Equal-Weight,2023-02-24,-0.013726279036938729
Combined Equal-Weight,2023-02-27,0.0007106336017079127
Combined Equal-Weight,2023-02-28,-0.005696637618743372
Combined Equal-Weight,2023-03-01,0.0034743615811126615
Combined Equal-Weight,2023-03-02,0.00829123085185667
Combined Equal-Weight,2023-03-03,0.007100174740261895
Combined Equal-Weight,2023-03-06,-0.0021608539506573357
Combined Equal-Weight,2023-03-07,-0.015787497184841452
Combined Equal-Weight,2023-03-08,-0.001875277968040321
Combined Equal-Weight,2023-03-09,-0.0245362038404097
Combined Equal-Weight,2023-03-10,-0.011593807963097256
Combined Equal-Weight,2023-03-13,0.004382789544936423
Combined Equal-Weight,2023-03-14,0.015481833902104156
Combined Equal-Weight,2023-03-15,-0.01672843659227346
Combined Equal-Weight,2023-03-16,0.01486903532780614
Combined Equal-Weight,2023-03-17,0.0007420631691404397
Combined Equal-Weight,2023-03-20,0.003751462439011292
Combined Equal-Weight,2023-03-21,0.019658805021547755
Combined Equal-Weight,2023-03-22,-0.024846038452477917
Combined Equal-Weight,2023-03-23,0.009246312215876318
Combined Equal-Weight,2023-03-24,0.0018179527117647104
Combined Equal-Weight,2023-03-27,0.00037268379532808254
Combined Equal-Weight,2023-03-28,0.00631299467802165
Combined Equal-Weight,2023-03-29,0.017745844831308605
Combined Equal-Weight,2023-03-30,0.003797618035491045
Combined Equal-Weight,2023-03-31,0.01412909388152939
Combined Equal-Weight,2023-04-03,0.005473537217209086
Combined Equal-Weight,2023-04-04,-0.0027585180853188043
Combined Equal-Weight,2023-04-05,0.003848383184211969
Combined Equal-Weight,2023-04-06,-0.001632453040931714
Combined Equal-Weight,2023-04-10,0.0068584890585663754
Combined Equal-Weight,2023-04-11,0.0027781488234734177
Combined Equal-Weight,2023-04-12,-0.0026424747146835143
Combined Equal-Weight,2023-04-13,0.009702366753600434
Combined Equal-Weight,2023-04-14,-0.0022719367063586083
Combined Equal-Weight,2023-04-17,0.00018522706613806968
Combined Equal-Weight,2023-04-18,0.0036803527513123322
Combined Equal-Weight,2023-04-19,-0.009925908423353686
Combined Equal-Weight,2023-04-20,-0.008568364002944074
Combined Equal-Weight,2023-04-21,-0.006889445400750231
Combined Equal-Weight,2023-04-24,0.0004305062900748462
Combined Equal-Weight,2023-04-25,-0.009650637567961992
Combined Equal-Weight,2023-04-26,-0.01252399632443319
Combined Equal-Weight,2023-04-27,0.01470703557001306
Combined Equal-Weight,2023-04-28,0.00852458587815826
Combined Equal-Weight,2023-05-01,-0.005701460638165662
Combined Equal-Weight,2023-05-02,-0.011728617620718739
Combined Equal-Weight,2023-05-03,-0.00900896537441455
Combined Equal-Weight,2023-05-04,-0.006213969164150282
Combined Equal-Weight,2023-05-05,0.018044649030289912
Combined Equal-Weight,2023-05-08,-0.006554959489218448
Combined Equal-Weight,2023-05-09,-0.0008714536635478385
Combined Equal-Weight,2023-05-10,-0.0017549888693666978
Combined Equal-Weight,2023-05-11,-0.010958382402106734
Combined Equal-Weight,2023-05-12,0.0004064625232982086
Combined Equal-Weight,2023-05-15,0.0051931715604700895
Combined Equal-Weight,2023-05-16,-0.011904080387034558
Combined Equal-Weight,2023-05-17,0.012751658329153513
Combined Equal-Weight,2023-05-18,0.0029668728035717913
Combined Equal-Weight,2023-05-19,-0.0015144502784157742
Combined Equal-Weight,2023-05-22,0.0019826777328277086
Combined Equal-Weight,2023-05-23,-0.0045412686415083345
Combined Equal-Weight,2023-05-24,-0.012587796060454322
Combined Equal-Weight,2023-05-25,0.0001796215698891933
Combined Equal-Weight,2023-05-26,0.009530105655791186
Combined Equal-Weight,2023-05-30,7.578433379529421e-05
Combined Equal-Weight,2023-05-31,-0.005713966401747791
Combined Equal-Weight,2023-06-01,0.003122756880351519
Combined Equal-Weight,2023-06-02,0.02132852041270767
Combined Equal-Weight,2023-06-05,-0.01417536110529351
Combined Equal-Weight,2023-06-06,0.009414201121807915
Combined Equal-Weight,2023-06-07,0.0012151655515494283
Combined Equal-Weight,2023-06-08,0.004640053398329462
Combined Equal-Weight,2023-06-09,-0.004253699654141783
Combined Equal-Weight,2023-06-12,0.004438536941679718
Combined Equal-Weight,2023-06-13,0.00648216286749041
Combined Equal-Weight,2023-06-14,-0.0070893547692674475
Combined Equal-Weight,2023-06-15,0.009301110782040432
Combined Equal-Weight,2023-06-16,0.0023198408494336555
Combined Equal-Weight,2023-06-20,-0.005993356231431429
Combined Equal-Weight,2023-06-21,0.00888656915466569
Combined Equal-Weight,2023-06-22,-0.005267702939070904
Combined Equal-Weight,2023-06-23,0.006400617430051085
Combined Equal-Weight,2023-06-26,0.006565141694990466
Combined Equal-Weight,2023-06-27,0.009790980390278446
Combined Equal-Weight,2023-06-28,-0.00808080814049297
Combined Equal-Weight,2023-06-29,0.010228184796819901
Combined Equal-Weight,2023-06-30,0.022603202991231905
Combined Equal-Weight,2023-07-03,0.003877257598172458
Combined Equal-Weight,2023-07-05,-0.006060561334685032
Combined Equal-Weight,2023-07-06,-0.014258838320504312
Combined Equal-Weight,2023-07-07,0.0035620926596644227
Combined Equal-Weight,2023-07-10,0.006097554230657369
Combined Equal-Weight,2023-07-11,0.011893023138107531
Combined Equal-Weight,2023-07-12,0.00614355714412082
Combined Equal-Weight,2023-07-13,0.037260963080475606
Combined Equal-Weight,2023-07-14,-0.015765993628187005
Combined Equal-Weight,2023-07-17,-0.0036493398954162448
Combined Equal-Weight,2023-07-18,0.005054130851559699
Combined Equal-Weight,2023-07-19,0.00994415802872069
Combined Equal-Weight,2023-07-20,0.0014145962126503107
Combined Equal-Weight,2023-07-21,0.0034909232161122452
Combined Equal-Weight,2023-07-24,-0.0019643631749951666
Combined Equal-Weight,2023-07-25,0.002921939450274055
Combined Equal-Weight,2023-07-26,0.004385740905184213
Combined Equal-Weight,2023-07-27,-0.0034876241260207172
Combined Equal-Weight,2023-07-28,0.004778237695945107
Combined Equal-Weight,2023-07-31,0.000723495473357098
Combined Equal-Weight,2023-08-01,-0.001676767319656945
Combined Equal-Weight,2023-08-02,-0.017607225545439347
Combined Equal-Weight,2023-08-03,-0.007005576565142809
Combined Equal-Weight,2023-08-04,-0.003047998051579566
Combined Equal-Weight,2023-08-07,0.007853063301314755
Combined Equal-Weight,2023-08-08,-0.00041396196849816796
Combined Equal-Weight,2023-08-09,-0.002003905671024901
Combined Equal-Weight,2023-08-10,-0.0009152087186206452
Combined Equal-Weight,2023-08-11,0.0009789535037611962
Combined Equal-Weight,2023-08-14,0.0017471645415393204
Combined Equal-Weight,2023-08-15,-0.01576839806135726
Combined Equal-Weight,2023-08-16,-0.013305220169425746
Combined Equal-Weight,2023-08-17,-0.018618058375637507
Combined Equal-Weight,2023-08-18,0.0024718852413691396
Combined Equal-Weight,2023-08-21,-0.002074208430349927
Combined Equal-Weight,2023-08-22,-0.006481701670536286
Combined Equal-Weight,2023-08-23,0.011351836612056927
Combined Equal-Weight,2023-08-24,-0.012212596412256194
Combined Equal-Weight,2023-08-25,0.003910768741890752
Combined Equal-Weight,2023-08-28,0.005986453806978164
Combined Equal-Weight,2023-08-29,0.019163789948962447
Combined Equal-Weight,2023-08-30,-0.002387208164079165
Combined Equal-Weight,2023-08-31,-0.008881755663568981
Combined Equal-Weight,2023-09-01,0.001219440181121436
Combined Equal-Weight,2023-09-05,-0.007538113444384513
Combined Equal-Weight,2023-09-06,-0.003237180952029944
Combined Equal-Weight,2023-09-07,0.0011196778357605054
Combined Equal-Weight,2023-09-08,0.0013551750133678686
Combined Equal-Weight,2023-09-11,-0.0031409107050021797
Combined Equal-Weight,2023-09-12,0.005296249437674423
Combined Equal-Weight,2023-09-13,0.0010123337048559909
Combined Equal-Weight,2023-09-14,0.012813333441212051
Combined Equal-Weight,2023-09-15,-0.005808530218916478
Combined Equal-Weight,2023-09-18,0.00307322177542228
Combined Equal-Weight,2023-09-19,-0.001511980520843071
Combined Equal-Weight,2023-09-20,-0.006164775560719364
Combined Equal-Weight,2023-09-21,-0.01879012387273413
Combined Equal-Weight,2023-09-22,-0.0025746824554939395
Combined Equal-Weight,2023-09-25,0.003190848654452438
Combined Equal-Weight,2023-09-26,-0.010548755017963485
Combined Equal-Weight,2023-09-27,0.00037824047969263567
Combined Equal-Weight,2023-09-28,0.0075548927291205995
Combined Equal-Weight,2023-09-29,1.851772713848068e-05
Combined Equal-Weight,2023-10-02,-0.015670879792627775
Combined Equal-Weight,2023-10-03,-0.007155150739297566
Combined Equal-Weight,2023-10-04,0.00016981327522040085
Combined Equal-Weight,2023-10-05,-0.003383397491625158
Combined Equal-Weight,2023-10-06,0.010446034496043383
Combined Equal-Weight,2023-10-09,0.0021486729784539536
Combined Equal-Weight,2023-10-10,0.005664866368411876
Combined Equal-Weight,2023-10-11,0.001310471855917437
Combined Equal-Weight,2023-10-12,-0.008315333978963658
Combined Equal-Weight,2023-10-13,0.0021009296326924033
Combined Equal-Weight,2023-10-16,0.013352363471423595
Combined Equal-Weight,2023-10-17,-0.0008165491795922443
Combined Equal-Weight,2023-10-18,-0.01306918273518783
Combined Equal-Weight,2023-10-19,-0.004911795990365633
Combined Equal-Weight,2023-10-20,-0.003891431941462769
Combined Equal-Weight,2023-10-23,0.004044908075954013
Combined Equal-Weight,2023-10-24,0.009045168664367687
Combined Equal-Weight,2023-10-25,-0.009453075722180177
Combined Equal-Weight,2023-10-26,-0.0018253131376461279
Combined Equal-Weight,2023-10-27,-0.010215886757690746
Combined Equal-Weight,2023-10-30,0.01035294554855504
Combined Equal-Weight,2023-10-31,0.006494664734265533
Combined Equal-Weight,2023-11-01,0.0074731466890766395
Combined Equal-Weight,2023-11-02,0.019716930895427795
Combined Equal-Weight,2023-11-03,0.011609533501200538
Combined Equal-Weight,2023-11-06,0.0012650560466206796
Combined Equal-Weight,2023-11-07,-0.00565682063775113
Combined Equal-Weight,2023-11-08,0.0005373236373398129
Combined Equal-Weight,2023-11-09,-0.004262813716021548
Combined Equal-Weight,2023-11-10,0.011558798455876484
Combined Equal-Weight,2023-11-13,-0.0034629506400296493
Combined Equal-Weight,2023-11-14,0.015143199718425291
Combined Equal-Weight,2023-11-15,0.011433957330833112
Combined Equal-Weight,2023-11-16,-0.0049298375794798255
Combined Equal-Weight,2023-11-17,0.0024150821575656565
Combined Equal-Weight,2023-11-20,0.001610736214803915
Combined Equal-Weight,2023-11-21,-0.010749734228255233
Combined Equal-Weight,2023-11-22,0.009313950446122763
Combined Equal-Weight,2023-11-24,0.003816234040107991
Combined Equal-Weight,2023-11-27,-0.003595268554405201
Combined Equal-Weight,2023-11-28,0.0035147730414762245
Combined Equal-Weight,2023-11-29,0.0036377976713231905
Combined Equal-Weight,2023-11-30,0.004697903801838477
Combined Equal-Weight,2023-12-01,0.010431243938583391
Combined Equal-Weight,2023-12-04,0.0025456703170938823
Combined Equal-Weight,2023-12-05,-0.0013196565186203016
Combined Equal-Weight,2023-12-06,-0.00037605267178299846
Combined Equal-Weight,2023-12-07,0.008122624623117195
Combined Equal-Weight,2023-12-08,0.010514856207447796
Combined Equal-Weight,2023-12-11,-0.0053279500923371255
Combined Equal-Weight,2023-12-12,0.001723179573799259
Combined Equal-Weight,2023-12-13,0.022446754372463174
Combined Equal-Weight,2023-12-14,0.013057907022419529
Combined Equal-Weight,2023-12-15,-0.009188801625396455
Combined Equal-Weight,2023-12-18,-0.0007028288814304655
Combined Equal-Weight,2023-12-19,0.004482053154236632
Combined Equal-Weight,2023-12-20,-0.009095040046854578
Combined Equal-Weight,2023-12-21,0.011473601741572397
Combined Equal-Weight,2023-12-22,0.004576504945732433
Combined Equal-Weight,2023-12-26,0.0016754512805441288
Combined Equal-Weight,2023-12-27,0.009970524194693391
Combined Equal-Weight,2023-12-28,-0.00038119645650203077
Combined Equal-Weight,2023-12-29,-0.005624265916081817
Combined Max-Sharpe,2021-01-04,-0.003130286475826678
Combined Max-Sharpe,2021-01-05,0.048680793832956704
Combined Max-Sharpe,2021-01-06,0.08779247098025078
Combined Max-Sharpe,2021-01-07,0.04134541812402026
Combined Max-Sharpe,2021-01-08,0.015845743217611345
Combined Max-Sharpe,2021-01-11,-0.04284652020357175
Combined Max-Sharpe,2021-01-12,-0.026130972812915862
Combined Max-Sharpe,2021-01-13,0.06162880319298146
Combined Max-Sharpe,2021-01-14,0.02661609640825869
Combined Max-Sharpe,2021-01-15,-0.04519482328645529
Combined Max-Sharpe,2021-01-19,-0.009569351117385811
Combined Max-Sharpe,2021-01-20,0.0011460615115557356
Combined Max-Sharpe,2021-01-21,-0.08349812482958843
Combined Max-Sharpe,2021-01-22,0.04209294104824262
Combined Max-Sharpe,2021-01-25,0.0007204937193309875
Combined Max-Sharpe,2021-01-26,-1.0660711793010825e-05
Combined Max-Sharpe,2021-01-27,-0.05396470226022354
Combined Max-Sharpe,2021-01-28,0.07427341323960958
Combined Max-Sharpe,2021-01-29,0.012832426936522768
Combined Max-Sharpe,2021-02-01,0.018732682920343732
Combined Max-Sharpe,2021-02-02,0.042565642103509105
Combined Max-Sharpe,2021-02-03,0.03069733851441382
Combined Max-Sharpe,2021-02-04,-0.013825932823791002
Combined Max-Sharpe,2021-02-05,0.030352655433923143
Combined Max-Sharpe,2021-02-08,0.11939230590572132
Combined Max-Sharpe,2021-02-09,0.0006500744493443451
Combined Max-Sharpe,2021-02-10,-0.004053584709621794
Combined Max-Sharpe,2021-02-11,0.057094530286184414
Combined Max-Sharpe,2021-02-12,0.016652091122973924
Combined Max-Sharpe,2021-02-16,0.016468690624173613
Combined Max-Sharpe,2021-02-17,0.027730282841723873
Combined Max-Sharpe,2021-02-18,-0.0062507158133199925
Combined Max-Sharpe,2021-02-19,0.048028876053703616
Combined Max-Sharpe,2021-02-22,-0.04865405652504737
Combined Max-Sharpe,2021-02-23,-0.08279107090176124
Combined Max-Sharpe,2021-02-24,0.024127841162982833
Combined Max-Sharpe,2021-02-25,-0.05719031905316696
Combined Max-Sharpe,2021-02-26,0.004133301981785917
Combined Max-Sharpe,2021-03-01,0.050850647959840865
Combined Max-Sharpe,2021-03-02,-0.03167409092493027
Combined Max-Sharpe,2021-03-03,0.010148691368782497
Combined Max-Sharpe,2021-03-04,-0.04559795050307813
Combined Max-Sharpe,2021-03-05,0.015295702547843354
Combined Max-Sharpe,2021-03-08,-0.007861669206020664
Combined Max-Sharpe,2021-03-09,0.05825717481614079
Combined Max-Sharpe,2021-03-10,-0.0052301756271862
Combined Max-Sharpe,2021-03-11,0.021356208429228356
Combined Max-Sharpe,2021-03-12,-0.02602819935394954
Combined Max-Sharpe,2021-03-15,-0.02863579174640591
Combined Max-Sharpe,2021-03-16,0.05576077926886368
Combined Max-Sharpe,2021-03-17,0.043196741663600394
Combined Max-Sharpe,2021-03-18,-0.04149683050029613
Combined Max-Sharpe,2021-03-19,0.017196672365120777
Combined Max-Sharpe,2021-03-22,-0.034698584467611066
Combined Max-Sharpe,2021-03-23,0.002694950550783359
Combined Max-Sharpe,2021-03-24,-0.038598744319591115
Combined Max-Sharpe,2021-03-25,-0.005807066777278824
Combined Max-Sharpe,2021-03-26,0.06382573235655764
Combined Max-Sharpe,2021-03-29,0.020558008094779413
Combined Max-Sharpe,2021-03-30,0.009936531752753285
Combined Max-Sharpe,2021-03-31,0.0052597901896146715
Combined Max-Sharpe,2021-04-01,0.00424276391264754
Combined Max-Sharpe,2021-04-05,0.018344659746816885
Combined Max-Sharpe,2021-04-06,-0.005316662984341489
Combined Max-Sharpe,2021-04-07,-0.03808880091920151
Combined Max-Sharpe,2021-04-08,0.03486424861823413
Combined Max-Sharpe,2021-04-09,-0.004549536469567209
Combined Max-Sharpe,2021-04-12,0.01160906683703159
Combined Max-Sharpe,2021-04-13,0.05489076381653214
Combined Max-Sharpe,2021-04-14,-0.006011565867124668
Combined Max-Sharpe,2021-04-15,0.024003541290920236
Combined Max-Sharpe,2021-04-16,-0.02190288919055155
Combined Max-Sharpe,2021-04-19,-0.025342322994705842
Combined Max-Sharpe,2021-04-20,0.01981640459127933
Combined Max-Sharpe,2021-04-21,-0.03374836698148835
Combined Max-Sharpe,2021-04-22,-0.03898548648158719
Combined Max-Sharpe,2021-04-23,-0.0022197746407833794
Combined Max-Sharpe,2021-04-26,0.07992432048382536
Combined Max-Sharpe,2021-04-27,0.038202908592653254
Combined Max-Sharpe,2021-04-28,0.002493352580380128
Combined Max-Sharpe,2021-04-29,-0.012685543490257373
Combined Max-Sharpe,2021-04-30,0.04791557287238413
Combined Max-Sharpe,2021-05-03,0.02128494100187146
Combined Max-Sharpe,2021-05-04,-0.040889195047275624
Combined Max-Sharpe,2021-05-05,0.06788686534166427
Combined Max-Sharpe,2021-05-06,0.01784255819831174
Combined Max-Sharpe,2021-05-07,0.010261895119335465
Combined Max-Sharpe,2021-05-10,-0.03061191376350662
Combined Max-Sharpe,2021-05-11,0.021192528557914484
Combined Max-Sharpe,2021-05-12,-0.08779029398336896
Combined Max-Sharpe,2021-05-13,0.053742607714890374
Combined Max-Sharpe,2021-05-14,0.013962578285488282
Combined Max-Sharpe,2021-05-17,-0.044804153082423484
Combined Max-Sharpe,2021-05-18,-0.010126846068111796
Combined Max-Sharpe,2021-05-19,-0.11154071712208924
Combined Max-Sharpe,2021-05-20,0.08246628721971593
Combined Max-Sharpe,2021-05-21,-0.06382335560133032
Combined Max-Sharpe,2021-05-24,0.08658608458645839
Combined Max-Sharpe,2021-05-25,-0.006284181891940369
Combined Max-Sharpe,2021-05-26,0.03813071430416001
Combined Max-Sharpe,2021-05-27,-0.025685501365023157
Combined Max-Sharpe,2021-05-28,-0.03861356744257044
Combined Max-Sharpe,2021-06-01,-0.007051074777213497
Combined Max-Sharpe,2021-06-02,0.005924167072018217
Combined Max-Sharpe,2021-06-03,0.014317150028506911
Combined Max-Sharpe,2021-06-04,-0.02456431925061979
Combined Max-Sharpe,2021-06-07,-0.02605386912371152
Combined Max-Sharpe,2021-06-08,-0.009037472477906056
Combined Max-Sharpe,2021-06-09,0.01674491539609506
Combined Max-Sharpe,2021-06-10,-0.011614221534934127
Combined Max-Sharpe,2021-06-11,-0.009437430438371568
Combined Max-Sharpe,2021-06-14,0.003212295011953392
Combined Max-Sharpe,2021-06-15,0.002299514410574251
Combined Max-Sharpe,2021-06-16,-0.031038484307205544
Combined Max-Sharpe,2021-06-17,-0.013013156965358109
Combined Max-Sharpe,2021-06-18,-0.02546241487060398
Combined Max-Sharpe,2021-06-21,-0.0574323984162743
Combined Max-Sharpe,2021-06-22,-0.0013946566314850853
Combined Max-Sharpe,2021-06-23,0.027929247309147955
Combined Max-Sharpe,2021-06-24,0.025729085833943073
Combined Max-Sharpe,2021-06-25,-0.033740527889461074
Combined Max-Sharpe,2021-06-28,0.004527494424588953
Combined Max-Sharpe,2021-06-29,0.03977038791580897
Combined Max-Sharpe,2021-06-30,0.0036180404848895433
Combined Max-Sharpe,2021-07-01,-0.012465230015829144
Combined Max-Sharpe,2021-07-02,0.015130253665162782
Combined Max-Sharpe,2021-07-06,0.009104136425057264
Combined Max-Sharpe,2021-07-07,-0.007691775532258853
Combined Max-Sharpe,2021-07-08,-0.026887073416308676
Combined Max-Sharpe,2021-07-09,0.01297484832172556
Combined Max-Sharpe,2021-07-12,-0.005725353335056901
Combined Max-Sharpe,2021-07-13,-0.017627369422045024
Combined Max-Sharpe,2021-07-14,-0.004811191967662678
Combined Max-Sharpe,2021-07-15,-0.024458415159838258
Combined Max-Sharpe,2021-07-16,-0.028065294143183067
Combined Max-Sharpe,2021-07-19,-0.004595308205683136
Combined Max-Sharpe,2021-07-20,-0.018649901118918163
Combined Max-Sharpe,2021-07-21,0.04522580782517526
Combined Max-Sharpe,2021-07-22,0.007728873078547518
Combined Max-Sharpe,2021-07-23,0.010668657219189677
Combined Max-Sharpe,2021-07-26,0.005774064716540129
Combined Max-Sharpe,2021-07-27,-0.004160171258880977
Combined Max-Sharpe,2021-07-28,0.003512661579304077
Combined Max-Sharpe,2021-07-29,0.00323320187248164
Combined Max-Sharpe,2021-07-30,0.010648490421085118
Combined Max-Sharpe,2021-08-02,-0.0013255554192261835
Combined Max-Sharpe,2021-08-03,0.0011555022969278678
Combined Max-Sharpe,2021-08-04,0.01346581203984721
Combined Max-Sharpe,2021-08-05,0.012034151060002322
Combined Max-Sharpe,2021-08-06,0.0062535324512139265
Combined Max-Sharpe,2021-08-09,0.017599225102844823
Combined Max-Sharpe,2021-08-10,0.009788032055576313
Combined Max-Sharpe,2021-08-11,0.012288174250633811
Combined Max-Sharpe,2021-08-12,0.0002904553291561497
Combined Max-Sharpe,2021-08-13,0.04628892929031376
Combined Max-Sharpe,2021-08-16,-0.013732034409042141
Combined Max-Sharpe,2021-08-17,-0.02666823249036035
Combined Max-Sharpe,2021-08-18,0.004606230797927969
Combined Max-Sharpe,2021-08-19,0.04172270111216135
Combined Max-Sharpe,2021-08-20,0.029629165603691054
Combined Max-Sharpe,2021-08-23,0.02686960655510165
Combined Max-Sharpe,2021-08-24,-0.024012354078450752
Combined Max-Sharpe,2021-08-25,0.01000076156351884
Combined Max-Sharpe,2021-08-26,-0.024037431688513182
Combined Max-Sharpe,2021-08-27,0.04466656268747172
Combined Max-Sharpe,2021-08-30,-0.012663680538663432
Combined Max-Sharpe,2021-08-31,0.003455695992028057
Combined Max-Sharpe,2021-09-01,0.0181207878735178
Combined Max-Sharpe,2021-09-02,0.008457553564480245
Combined Max-Sharpe,2021-09-03,0.008321568756404898
Combined Max-Sharpe,2021-09-07,-0.051027332943161766
Combined Max-Sharpe,2021-09-08,-0.009347849097718552
Combined Max-Sharpe,2021-09-09,-0.0029382974420958836
Combined Max-Sharpe,2021-09-10,-0.011297807163863905
Combined Max-Sharpe,2021-09-13,-0.02557830232982676
Combined Max-Sharpe,2021-09-14,0.00514954185097332
Combined Max-Sharpe,2021-09-15,0.01896111933407037
Combined Max-Sharpe,2021-09-16,-0.010864648093530648
Combined Max-Sharpe,2021-09-17,-0.02021914663423688
Combined Max-Sharpe,2021-09-20,-0.05248605734234185
Combined Max-Sharpe,2021-09-21,-0.01565184921421452
Combined Max-Sharpe,2021-09-22,0.05022918787151215
Combined Max-Sharpe,2021-09-23,0.01877447854042636
Combined Max-Sharpe,2021-09-24,-0.018151893565974606
Combined Max-Sharpe,2021-09-27,-0.019653248413147
Combined Max-Sharpe,2021-09-28,-0.027127319290895822
Combined Max-Sharpe,2021-09-29,0.00130463812103343
Combined Max-Sharpe,2021-09-30,0.012708060933410334
Combined Max-Sharpe,2021-10-01,0.03331149545109775
Combined Max-Sharpe,2021-10-04,-0.022266953576265153
Combined Max-Sharpe,2021-10-05,0.02574238407093031
Combined Max-Sharpe,2021-10-06,0.01809372274353497
Combined Max-Sharpe,2021-10-07,0.009159788481646697
Combined Max-Sharpe,2021-10-08,-0.00724311885796318
Combined Max-Sharpe,2021-10-11,0.0034902693914029615
Combined Max-Sharpe,2021-10-12,-0.006854776156084874
Combined Max-Sharpe,2021-10-13,0.020258501000693825
Combined Max-Sharpe,2021-10-14,0.019215472672655214
Combined Max-Sharpe,2021-10-15,0.018619600996825636
Combined Max-Sharpe,2021-10-18,0.0047934064530078665
Combined Max-Sharpe,2021-10-19,0.005360111389496306
Combined Max-Sharpe,2021-10-20,0.011346715123050834
Combined Max-Sharpe,2021-10-21,-0.00334873730832976
Combined Max-Sharpe,2021-10-22,0.0022664783139427404
Combined Max-Sharpe,2021-10-25,0.015960232498348888
Combined Max-Sharpe,2021-10-26,0.023202729330363676
Combined Max-Sharpe,2021-10-27,-0.03906952035645431
Combined Max-Sharpe,2021-10-28,0.027063944396798063
Combined Max-Sharpe,2021-10-29,0.016255872373564812
Combined Max-Sharpe,2021-11-01,-0.0015506235849272222
Combined Max-Sharpe,2021-11-02,0.017938544863796684
Combined Max-Sharpe,2021-11-03,0.00905322006045266
Combined Max-Sharpe,2021-11-04,0.023724933001454934
Combined Max-Sharpe,2021-11-05,-0.007903745238316344
Combined Max-Sharpe,2021-11-08,0.034754990323474545
Combined Max-Sharpe,2021-11-09,0.007981858469472731
Combined Max-Sharpe,2021-11-10,-0.027335580237319555
Combined Max-Sharpe,2021-11-11,0.01050960532263887
Combined Max-Sharpe,2021-11-12,-0.005611889915034258
Combined Max-Sharpe,2021-11-15,-0.012438268409711175
Combined Max-Sharpe,2021-11-16,-0.021791724639576966
Combined Max-Sharpe,2021-11-17,-0.009786233278488937
Combined Max-Sharpe,2021-11-18,0.005877161051094364
Combined Max-Sharpe,2021-11-19,0.02352990499289344
Combined Max-Sharpe,2021-11-22,-0.023163593000576584
Combined Max-Sharpe,2021-11-23,0.0024122631169675316
Combined Max-Sharpe,2021-11-24,-0.0023421849861784833
Combined Max-Sharpe,2021-11-26,-0.04279168724522964
Combined Max-Sharpe,2021-11-29,0.022790739305200314
Combined Max-Sharpe,2021-11-30,-0.021226403212232087
Combined Max-Sharpe,2021-12-01,-0.02101306768963871
Combined Max-Sharpe,2021-12-02,0.026385697322866542
Combined Max-Sharpe,2021-12-03,-0.044587619164000475
Combined Max-Sharpe,2021-12-06,0.0029858748140003844
Combined Max-Sharpe,2021-12-07,0.034049924134475384
Combined Max-Sharpe,2021-12-08,-0.0035342220430041476
Combined Max-Sharpe,2021-12-09,-0.04295611959366575
Combined Max-Sharpe,2021-12-10,-0.015814533901067063
Combined Max-Sharpe,2021-12-13,-0.05733438312823744
Combined Max-Sharpe,2021-12-14,0.00023252239598627966
Combined Max-Sharpe,2021-12-15,0.06154161985209704
Combined Max-Sharpe,2021-12-16,-0.04185080552857455
Combined Max-Sharpe,2021-12-17,-0.018101266504969828
Combined Max-Sharpe,2021-12-20,-0.0009273800701182535
Combined Max-Sharpe,2021-12-21,0.03406830451021835
Combined Max-Sharpe,2021-12-22,0.009939216021963
Combined Max-Sharpe,2021-12-23,0.02568065824399416
Combined Max-Sharpe,2021-12-27,0.0276615868796146
Combined Max-Sharpe,2021-12-28,-0.03073789268023419
Combined Max-Sharpe,2021-12-29,-0.018139312214430246
Combined Max-Sharpe,2021-12-30,0.0002290015033305283
Combined Max-Sharpe,2021-12-31,-0.009371506350482882
Combined Max-Sharpe,2022-01-03,-0.007919771463675541
Combined Max-Sharpe,2022-01-04,-0.007505858905761016
Combined Max-Sharpe,2022-01-05,-0.033216171069171796
Combined Max-Sharpe,2022-01-06,0.007348666631991221
Combined Max-Sharpe,2022-01-07,-0.028746366171179333
Combined Max-Sharpe,2022-01-10,-0.0034689384727260844
Combined Max-Sharpe,2022-01-11,0.01714479158133944
Combined Max-Sharpe,2022-01-12,0.022847625519911246
Combined Max-Sharpe,2022-01-13,-0.029341156968362994
Combined Max-Sharpe,2022-01-14,0.00749316062519546
Combined Max-Sharpe,2022-01-18,-0.024231777848699884
Combined Max-Sharpe,2022-01-19,-0.021618761208197612
Combined Max-Sharpe,2022-01-20,-0.02811683605920191
Combined Max-Sharpe,2022-01-21,-0.040800992657333
Combined Max-Sharpe,2022-01-24,-0.006288800001881278
Combined Max-Sharpe,2022-01-25,-0.015591342895099544
Combined Max-Sharpe,2022-01-26,0.003655374753031862
Combined Max-Sharpe,2022-01-27,-0.017868748844062168
Combined Max-Sharpe,2022-01-28,0.030364104165494333
Combined Max-Sharpe,2022-01-31,0.028199767694477237
Combined Max-Sharpe,2022-02-01,0.018139000809550086
Combined Max-Sharpe,2022-02-02,0.007903909604958076
Combined Max-Sharpe,2022-02-03,-0.010895418082005816
Combined Max-Sharpe,2022-02-04,0.020334841589252244
Combined Max-Sharpe,2022-02-07,0.017548717244246736
Combined Max-Sharpe,2022-02-08,0.003565795467251967
Combined Max-Sharpe,2022-02-09,0.02144798643665737
Combined Max-Sharpe,2022-02-10,-0.026672690876560216
Combined Max-Sharpe,2022-02-11,-0.02663591397837437
Combined Max-Sharpe,2022-02-14,0.005098428621686495
Combined Max-Sharpe,2022-02-15,0.03290337698013411
Combined Max-Sharpe,2022-02-16,-0.002117556965619802
Combined Max-Sharpe,2022-02-17,-0.0356633435151653
Combined Max-Sharpe,2022-02-18,-0.015235024782625886
Combined Max-Sharpe,2022-02-22,0.004630872642951223
Combined Max-Sharpe,2022-02-23,-0.007256449122455954
Combined Max-Sharpe,2022-02-24,0.012295467857690727
Combined Max-Sharpe,2022-02-25,0.027203206980597697
Combined Max-Sharpe,2022-02-28,0.023014388735481166
Combined Max-Sharpe,2022-03-01,0.002475985653484389
Combined Max-Sharpe,2022-03-02,0.014660118628576774
Combined Max-Sharpe,2022-03-03,-0.004980044922728556
Combined Max-Sharpe,2022-03-04,-0.014136276701279073
Combined Max-Sharpe,2022-03-07,-0.018562509461427273
Combined Max-Sharpe,2022-03-08,-0.004385221989644259
Combined Max-Sharpe,2022-03-09,0.032893182916631514
Combined Max-Sharpe,2022-03-10,-0.010374536506561073
Combined Max-Sharpe,2022-03-11,-0.010699032862066188
Combined Max-Sharpe,2022-03-14,-0.0033652031910379357
Combined Max-Sharpe,2022-03-15,0.018448329705841062
Combined Max-Sharpe,2022-03-16,0.024597298766216816
Combined Max-Sharpe,2022-03-17,0.010624521434592245
Combined Max-Sharpe,2022-03-18,0.0179681953567245
Combined Max-Sharpe,2022-03-21,0.013253289695886161
Combined Max-Sharpe,2022-03-22,0.010525658924328867
Combined Max-Sharpe,2022-03-23,0.00736998813195055
Combined Max-Sharpe,2022-03-24,0.028161474981239498
Combined Max-Sharpe,2022-03-25,0.0021462350671864524
Combined Max-Sharpe,2022-03-28,0.0059580432317241005
Combined Max-Sharpe,2022-03-29,0.011315522049565367
Combined Max-Sharpe,2022-03-30,-0.004091007583210094
Combined Max-Sharpe,2022-03-31,-0.017805321804898293
Combined Max-Sharpe,2022-04-01,0.011172363123105909
Combined Max-Sharpe,2022-04-04,-0.0005418142770999348
Combined Max-Sharpe,2022-04-05,-0.015286160010711492
Combined Max-Sharpe,2022-04-06,-0.01273876354449919
Combined Max-Sharpe,2022-04-07,0.015199950452632633
Combined Max-Sharpe,2022-04-08,-0.009766703137110774
Combined Max-Sharpe,2022-04-11,-0.032010581460482496
Combined Max-Sharpe,2022-04-12,0.005217088523595457
Combined Max-Sharpe,2022-04-13,0.0071869992476061035
Combined Max-Sharpe,2022-04-14,-0.005281988334106459
Combined Max-Sharpe,2022-04-18,0.008189205978201157
Combined Max-Sharpe,2022-04-19,-0.0002932779539292532
Combined Max-Sharpe,2022-04-20,-0.004979236597922703
Combined Max-Sharpe,2022-04-21,-0.023827103170430596
Combined Max-Sharpe,2022-04-22,-0.027814717072293382
Combined Max-Sharpe,2022-04-25,0.0015346384527640555
Combined Max-Sharpe,2022-04-26,-0.026298040636186196
Combined Max-Sharpe,2022-04-27,0.004112110141899642
Combined Max-Sharpe,2022-04-28,0.01840289650727181
Combined Max-Sharpe,2022-04-29,-0.046198546459255654
Combined Max-Sharpe,2022-05-02,-0.006864771521155406
Combined Max-Sharpe,2022-05-03,-0.0015912920222888884
Combined Max-Sharpe,2022-05-04,0.025331412357564243
Combined Max-Sharpe,2022-05-05,-0.04172748425524374
Combined Max-Sharpe,2022-05-06,-0.013863892596619565
Combined Max-Sharpe,2022-05-09,-0.06564200489814968
Combined Max-Sharpe,2022-05-10,0.007918132624757046
Combined Max-Sharpe,2022-05-11,-0.03076344803670011
Combined Max-Sharpe,2022-05-12,-0.014618854905607194
Combined Max-Sharpe,2022-05-13,0.015115475932269407
Combined Max-Sharpe,2022-05-16,-0.015236539086130194
Combined Max-Sharpe,2022-05-17,0.014392411132782048
Combined Max-Sharpe,2022-05-18,-0.04240702052144121
Combined Max-Sharpe,2022-05-19,0.021384109077547356
Combined Max-Sharpe,2022-05-20,-0.005580870031130121
Combined Max-Sharpe,2022-05-23,0.0021388117751936155
Combined Max-Sharpe,2022-05-24,0.006062408056314049
Combined Max-Sharpe,2022-05-25,0.011231371671037878
Combined Max-Sharpe,2022-05-26,-0.003138932772531068
Combined Max-Sharpe,2022-05-27,0.0072472552562572986
Combined Max-Sharpe,2022-05-31,-0.012842549975561817
Combined Max-Sharpe,2022-06-01,-0.01562241379891118
Combined Max-Sharpe,2022-06-02,0.01827319738753539
Combined Max-Sharpe,2022-06-03,-0.014400478459161474
Combined Max-Sharpe,2022-06-06,0.00397882826529227
Combined Max-Sharpe,2022-06-07,0.012704311528837645
Combined Max-Sharpe,2022-06-08,-0.01620447471083215
Combined Max-Sharpe,2022-06-09,-0.02622950138083517
Combined Max-Sharpe,2022-06-10,-0.016504963530525888
Combined Max-Sharpe,2022-06-13,-0.060012885863811
Combined Max-Sharpe,2022-06-14,-0.010939112183537106
Combined Max-Sharpe,2022-06-15,0.020679304362898925
Combined Max-Sharpe,2022-06-16,-0.020491913148594
Combined Max-Sharpe,2022-06-17,-0.0003093908401685804
Combined Max-Sharpe,2022-06-21,0.02322498400371476
Combined Max-Sharpe,2022-06-22,-0.0038081205227643716
Combined Max-Sharpe,2022-06-23,0.005138994147321317
Combined Max-Sharpe,2022-06-24,0.02696797426106687
Combined Max-Sharpe,2022-06-27,-0.0016078411576195897
Combined Max-Sharpe,2022-06-28,-0.015555867157606998
Combined Max-Sharpe,2022-06-29,-0.006316372132415985
Combined Max-Sharpe,2022-06-30,-0.013839381400411282
Combined Max-Sharpe,2022-07-01,0.004469689145951557
Combined Max-Sharpe,2022-07-05,-0.0032515374689252837
Combined Max-Sharpe,2022-07-06,-0.0023245231301067984
Combined Max-Sharpe,2022-07-07,0.00815364374519212
Combined Max-Sharpe,2022-07-08,-0.000370678658652005
Combined Max-Sharpe,2022-07-11,-0.012175977565937366
Combined Max-Sharpe,2022-07-12,-0.01260564289133635
Combined Max-Sharpe,2022-07-13,0.004869912170007485
Combined Max-Sharpe,2022-07-14,-0.006577085701108059
Combined Max-Sharpe,2022-07-15,0.01556076714745641
Combined Max-Sharpe,2022-07-18,-0.0015308780838197724
Combined Max-Sharpe,2022-07-19,0.013623713104908071
Combined Max-Sharpe,2022-07-20,-0.012783984691369361
Combined Max-Sharpe,2022-07-21,0.0041170330045030516
Combined Max-Sharpe,2022-07-22,-0.006768214407995956
Combined Max-Sharpe,2022-07-25,-0.021061377481885142
Combined Max-Sharpe,2022-07-26,0.0025891728459629263
Combined Max-Sharpe,2022-07-27,0.0165318994640406
Combined Max-Sharpe,2022-07-28,0.005303065363039181
Combined Max-Sharpe,2022-07-29,-0.012102465671605708
Combined Max-Sharpe,2022-08-01,-0.009637509913582308
Combined Max-Sharpe,2022-08-02,-0.0036564794450252352
Combined Max-Sharpe,2022-08-03,0.004441439203923989
Combined Max-Sharpe,2022-08-04,-0.0020848436438561007
Combined Max-Sharpe,2022-08-05,0.01034469813655114
Combined Max-Sharpe,2022-08-08,0.0031891106265562706
Combined Max-Sharpe,2022-08-09,-0.003098291715000673
Combined Max-Sharpe,2022-08-10,0.02233686598737076
Combined Max-Sharpe,2022-08-11,0.010327757442994625
Combined Max-Sharpe,2022-08-12,0.013258409999888716
Combined Max-Sharpe,2022-08-15,0.0008906743597471262
Combined Max-Sharpe,2022-08-16,-0.003958581487688333
Combined Max-Sharpe,2022-08-17,-0.00910953329045943
Combined Max-Sharpe,2022-08-18,0.002092092168302298
Combined Max-Sharpe,2022-08-19,-0.026465949643207313
Combined Max-Sharpe,2022-08-22,-0.01469427708922041
Combined Max-Sharpe,2022-08-23,-0.00013398176211996884
Combined Max-Sharpe,2022-08-24,-0.00031825303001985656
Combined Max-Sharpe,2022-08-25,0.022435522321872407
Combined Max-Sharpe,2022-08-26,-0.037793403161020006
Combined Max-Sharpe,2022-08-29,0.0022994054222194122
Combined Max-Sharpe,2022-08-30,-0.015648867177740666
Combined Max-Sharpe,2022-08-31,-0.009088185144939512
Combined Max-Sharpe,2022-09-01,0.007136993455625773
Combined Max-Sharpe,2022-09-02,-0.009907349068779303
Combined Max-Sharpe,2022-09-06,-0.005433683449509323
Combined Max-Sharpe,2022-09-07,0.014496682862558214
Combined Max-Sharpe,2022-09-08,0.004325761430145557
Combined Max-Sharpe,2022-09-09,0.01766809838758311
Combined Max-Sharpe,2022-09-12,0.0006770538586442135
Combined Max-Sharpe,2022-09-13,-0.03896083988769253
Combined Max-Sharpe,2022-09-14,-0.004743674523378459
Combined Max-Sharpe,2022-09-15,-0.02546508744289641
Combined Max-Sharpe,2022-09-16,-0.007335252374874308
Combined Max-Sharpe,2022-09-19,0.005670951105400797
Combined Max-Sharpe,2022-09-20,-0.021494101258097382
Combined Max-Sharpe,2022-09-21,-0.017961295964030878
Combined Max-Sharpe,2022-09-22,-0.001463075767148491
Combined Max-Sharpe,2022-09-23,-0.010646879043709515
Combined Max-Sharpe,2022-09-26,-0.011801029962499264
Combined Max-Sharpe,2022-09-27,0.002684746516418573
Combined Max-Sharpe,2022-09-28,0.015556332012234358
Combined Max-Sharpe,2022-09-29,-0.010144863701004734
Combined Max-Sharpe,2022-09-30,-0.011705419693398665
Combined Max-Sharpe,2022-10-03,0.026378143780024736
Combined Max-Sharpe,2022-10-04,0.02498984881471829
Combined Max-Sharpe,2022-10-05,0.00042242330015349457
Combined Max-Sharpe,2022-10-06,-0.009405032866562734
Combined Max-Sharpe,2022-10-07,-0.015575593407461605
Combined Max-Sharpe,2022-10-10,-0.011390550095768429
Combined Max-Sharpe,2022-10-11,0.005109683804815718
Combined Max-Sharpe,2022-10-12,-0.004200246336008159
Combined Max-Sharpe,2022-10-13,0.017516686268420335
Combined Max-Sharpe,2022-10-14,-0.00916418287270283
Combined Max-Sharpe,2022-10-17,0.02126398735949009
Combined Max-Sharpe,2022-10-18,0.003922682999897182
Combined Max-Sharpe,2022-10-19,-0.014681171202429876
Combined Max-Sharpe,2022-10-20,0.0006112427544856917
Combined Max-Sharpe,2022-10-21,0.023283967076501978
Combined Max-Sharpe,2022-10-24,0.0044813141072644865
Combined Max-Sharpe,2022-10-25,0.01974306612530997
Combined Max-Sharpe,2022-10-26,0.013043586185272862
Combined Max-Sharpe,2022-10-27,-0.003526862381741455
Combined Max-Sharpe,2022-10-28,0.0005379200188718829
Combined Max-Sharpe,2022-10-31,-0.007278521556790234
Combined Max-Sharpe,2022-11-01,0.0040545404894486246
Combined Max-Sharpe,2022-11-02,-0.03468687187723403
Combined Max-Sharpe,2022-11-03,7.649043250814155e-05
Combined Max-Sharpe,2022-11-04,0.02119371726290056
Combined Max-Sharpe,2022-11-07,0.008588843243668022
Combined Max-Sharpe,2022-11-08,-0.011863923325457179
Combined Max-Sharpe,2022-11-09,-0.03910599592725764
Combined Max-Sharpe,2022-11-10,0.05727538101501467
Combined Max-Sharpe,2022-11-11,-0.005178222728711292
Combined Max-Sharpe,2022-11-14,0.0052308072660782814
Combined Max-Sharpe,2022-11-15,0.006866521184218686
Combined Max-Sharpe,2022-11-16,-0.010975939861236763
Combined Max-Sharpe,2022-11-17,-0.0009135792920577028
Combined Max-Sharpe,2022-11-18,0.010190345702276359
Combined Max-Sharpe,2022-11-21,0.012416272453922402
Combined Max-Sharpe,2022-11-22,0.016358529582280117
Combined Max-Sharpe,2022-11-23,0.004503981639962584
Combined Max-Sharpe,2022-11-25,-0.00012482465836350726
Combined Max-Sharpe,2022-11-28,-0.015488356527851929
Combined Max-Sharpe,2022-11-29,0.0035921477503723515
Combined Max-Sharpe,2022-11-30,0.025418924273654688
Combined Max-Sharpe,2022-12-01,-0.001629310246439652
Combined Max-Sharpe,2022-12-02,0.012095721239112494
Combined Max-Sharpe,2022-12-05,-0.008324847651397429
Combined Max-Sharpe,2022-12-06,-0.001828965036192463
Combined Max-Sharpe,2022-12-07,-0.002300185531119291
Combined Max-Sharpe,2022-12-08,0.01457292496704942
Combined Max-Sharpe,2022-12-09,-0.015758891022087246
Combined Max-Sharpe,2022-12-12,0.010388843242854873
Combined Max-Sharpe,2022-12-13,0.007518899025429729
Combined Max-Sharpe,2022-12-14,-0.00338350713895316
Combined Max-Sharpe,2022-12-15,-0.02927267659028782
Combined Max-Sharpe,2022-12-16,-0.023418956688024156
Combined Max-Sharpe,2022-12-19,-0.005183018816074057
Combined Max-Sharpe,2022-12-20,0.00267599341996757
Combined Max-Sharpe,2022-12-21,0.014569884579536218
Combined Max-Sharpe,2022-12-22,-0.0036363504608997723
Combined Max-Sharpe,2022-12-23,-0.002884277331387243
Combined Max-Sharpe,2022-12-27,-0.006579546098729256
Combined Max-Sharpe,2022-12-28,-0.011110177834759446
Combined Max-Sharpe,2022-12-29,0.007874190889025204
Combined Max-Sharpe,2022-12-30,-0.004798812705162653
Combined Max-Sharpe,2023-01-03,-0.001724355649255439
Combined Max-Sharpe,2023-01-04,0.022729502342065652
Combined Max-Sharpe,2023-01-05,-0.005556483917254887
Combined Max-Sharpe,2023-01-06,0.026634186882201146
Combined Max-Sharpe,2023-01-09,-0.01608436703837146
Combined Max-Sharpe,2023-01-10,0.008540279467947208
Combined Max-Sharpe,2023-01-11,0.0008052832273803502
Combined Max-Sharpe,2023-01-12,-0.006733564365639478
Combined Max-Sharpe,2023-01-13,0.014211981577006151
Combined Max-Sharpe,2023-01-17,-0.004805286733980096
Combined Max-Sharpe,2023-01-18,-0.025351905757563735
Combined Max-Sharpe,2023-01-19,-0.0014368107449555952
Combined Max-Sharpe,2023-01-20,0.018698916664030795
Combined Max-Sharpe,2023-01-23,0.0029859913311130154
Combined Max-Sharpe,2023-01-24,-0.010173409537679845
Combined Max-Sharpe,2023-01-25,0.007982056164349839
Combined Max-Sharpe,2023-01-26,0.01265026905421132
Combined Max-Sharpe,2023-01-27,-0.0026481381908812045
Combined Max-Sharpe,2023-01-30,-0.013725362921475656
Combined Max-Sharpe,2023-01-31,0.013116062826926907
Combined Max-Sharpe,2023-02-01,0.018403037271220158
Combined Max-Sharpe,2023-02-02,0.0005109217883640551
Combined Max-Sharpe,2023-02-03,0.0007852688587726146
Combined Max-Sharpe,2023-02-06,-0.012067691260504625
Combined Max-Sharpe,2023-02-07,0.008839120246276548
Combined Max-Sharpe,2023-02-08,-0.0036644086519184668
Combined Max-Sharpe,2023-02-09,-0.004912632161820222
Combined Max-Sharpe,2023-02-10,0.005001995541614035
Combined Max-Sharpe,2023-02-13,0.013399885945480569
Combined Max-Sharpe,2023-02-14,0.010297671638148022
Combined Max-Sharpe,2023-02-15,0.002792346878023224
Combined Max-Sharpe,2023-02-16,-0.016323631531364634
Combined Max-Sharpe,2023-02-17,0.006451399839483777
Combined Max-Sharpe,2023-02-21,-0.013040839161063028
Combined Max-Sharpe,2023-02-22,-0.006405449633620185
Combined Max-Sharpe,2023-02-23,0.018144834656092915
Combined Max-Sharpe,2023-02-24,-0.008597308107170415
Combined Max-Sharpe,2023-02-27,0.007009758068262984
Combined Max-Sharpe,2023-02-28,0.0001720603152663033
Combined Max-Sharpe,2023-03-01,0.007566828583624196
Combined Max-Sharpe,2023-03-02,0.008209245369147092
Combined Max-Sharpe,2023-03-03,0.0065776575217190115
Combined Max-Sharpe,2023-03-06,-0.00796340263598868
Combined Max-Sharpe,2023-03-07,-0.016406752352067285
Combined Max-Sharpe,2023-03-08,-0.0037520084061134686
Combined Max-Sharpe,2023-03-09,-0.03199422817841143
Combined Max-Sharpe,2023-03-10,-0.010356698325097871
Combined Max-Sharpe,2023-03-13,0.008628506765845274
Combined Max-Sharpe,2023-03-14,0.016288124773805413
Combined Max-Sharpe,2023-03-15,-0.021533342694898507
Combined Max-Sharpe,2023-03-16,0.014985823202016503
Combined Max-Sharpe,2023-03-17,0.004442481319356418
Combined Max-Sharpe,2023-03-20,0.00711449239190754
Combined Max-Sharpe,2023-03-21,0.01664044453186197
Combined Max-Sharpe,2023-03-22,-0.025544289337986047
Combined Max-Sharpe,2023-03-23,0.01975864756095478
Combined Max-Sharpe,2023-03-24,0.0016341584217268044
Combined Max-Sharpe,2023-03-27,-0.0052908642416086196
Combined Max-Sharpe,2023-03-28,0.0026456428868631057
Combined Max-Sharpe,2023-03-29,0.007584044023063587
Combined Max-Sharpe,2023-03-30,0.005393118400531022
Combined Max-Sharpe,2023-03-31,0.014123377936714046
Combined Max-Sharpe,2023-04-03,0.00414599614176427
Combined Max-Sharpe,2023-04-04,-0.015084516953472692
Combined Max-Sharpe,2023-04-05,-0.00041997173793921125
Combined Max-Sharpe,2023-04-06,0.004076613618600093
Combined Max-Sharpe,2023-04-10,0.008387098415046512
Combined Max-Sharpe,2023-04-11,-0.0002398863523359412
Combined Max-Sharpe,2023-04-12,-0.004331361165692547
Combined Max-Sharpe,2023-04-13,0.006678882431043755
Combined Max-Sharpe,2023-04-14,0.000504605662147651
Combined Max-Sharpe,2023-04-17,-6.170370131287429e-05
Combined Max-Sharpe,2023-04-18,0.0077445771169719225
Combined Max-Sharpe,2023-04-19,-0.005967428932812541
Combined Max-Sharpe,2023-04-20,0.0027843045255158847
Combined Max-Sharpe,2023-04-21,-0.004864674389866689
Combined Max-Sharpe,2023-04-24,0.004265562584838912
Combined Max-Sharpe,2023-04-25,-0.010130914994186998
Combined Max-Sharpe,2023-04-26,-0.008382644292693166
Combined Max-Sharpe,2023-04-27,-0.02418646457073704
Combined Max-Sharpe,2023-04-28,0.010603309511114248
Combined Max-Sharpe,2023-05-01,0.011149905119824704
Combined Max-Sharpe,2023-05-02,-0.012130020376594837
Combined Max-Sharpe,2023-05-03,-0.009312360836360849
Combined Max-Sharpe,2023-05-04,-0.015444552867888678
Combined Max-Sharpe,2023-05-05,0.020951350724832687
Combined Max-Sharpe,2023-05-08,-0.0020713953147549454
Combined Max-Sharpe,2023-05-09,-0.006491597795144882
Combined Max-Sharpe,2023-05-10,-0.002222845224814652
Combined Max-Sharpe,2023-05-11,-0.006715857121394479
Combined Max-Sharpe,2023-05-12,0.0022876977730230514
Combined Max-Sharpe,2023-05-15,0.006496299271000138
Combined Max-Sharpe,2023-05-16,-0.011182311925210908
Combined Max-Sharpe,2023-05-17,0.01288951445291683
Combined Max-Sharpe,2023-05-18,0.01033038521858762
Combined Max-Sharpe,2023-05-19,0.0011025708984384421
Combined Max-Sharpe,2023-05-22,0.0019178320904385746
Combined Max-Sharpe,2023-05-23,-0.010238589610624285
Combined Max-Sharpe,2023-05-24,-0.012312002128956024
Combined Max-Sharpe,2023-05-25,0.04715385654937682
Combined Max-Sharpe,2023-05-26,0.0050900019485991595
Combined Max-Sharpe,2023-05-30,0.00017322439211467182
Combined Max-Sharpe,2023-05-31,-0.012287754100014163
Combined Max-Sharpe,2023-06-01,0.00601265119668176
Combined Max-Sharpe,2023-06-02,0.02117883707049524
Combined Max-Sharpe,2023-06-05,-0.009036204127595726
Combined Max-Sharpe,2023-06-06,-0.001379132586002269
Combined Max-Sharpe,2023-06-07,-0.007989389766845382
Combined Max-Sharpe,2023-06-08,0.01321729159229448
Combined Max-Sharpe,2023-06-09,-0.00037541345553706955
Combined Max-Sharpe,2023-06-12,0.007974757201325114
Combined Max-Sharpe,2023-06-13,0.01996095687093734
Combined Max-Sharpe,2023-06-14,0.0012465970712084457
Combined Max-Sharpe,2023-06-15,-0.0019130370044427936
Combined Max-Sharpe,2023-06-16,0.009290439788735524
Combined Max-Sharpe,2023-06-20,0.008230180859438921
Combined Max-Sharpe,2023-06-21,0.0005628330807172121
Combined Max-Sharpe,2023-06-22,0.0007511663601953047
Combined Max-Sharpe,2023-06-23,-0.0065770638991865206
Combined Max-Sharpe,2023-06-26,-0.015653894418537637
Combined Max-Sharpe,2023-06-27,0.010879914557127605
Combined Max-Sharpe,2023-06-28,-0.01097977298209661
Combined Max-Sharpe,2023-06-29,0.004132042077008097
Combined Max-Sharpe,2023-06-30,0.023735642743228664
Combined Max-Sharpe,2023-07-03,0.004205650396892098
Combined Max-Sharpe,2023-07-05,-0.0033516556719267246
Combined Max-Sharpe,2023-07-06,-0.006707086780477342
Combined Max-Sharpe,2023-07-07,0.004628656907122729
Combined Max-Sharpe,2023-07-10,-1.0834042383352077e-05
Combined Max-Sharpe,2023-07-11,0.009206437487673693
Combined Max-Sharpe,2023-07-12,0.01263761388287243
Combined Max-Sharpe,2023-07-13,0.026807683265158234
Combined Max-Sharpe,2023-07-14,-0.007773498651119206
Combined Max-Sharpe,2023-07-17,0.006443518015667409
Combined Max-Sharpe,2023-07-18,0.014885840502641136
Combined Max-Sharpe,2023-07-19,-0.005809513940274223
Combined Max-Sharpe,2023-07-20,-0.003963722838367963
Combined Max-Sharpe,2023-07-21,-0.008883470881352034
Combined Max-Sharpe,2023-07-24,0.0005055052123726308
Combined Max-Sharpe,2023-07-25,0.013689589527294614
Combined Max-Sharpe,2023-07-26,-0.004808787755575027
Combined Max-Sharpe,2023-07-27,0.015425074888723588
Combined Max-Sharpe,2023-07-28,0.012925978456400939
Combined Max-Sharpe,2023-07-31,-0.0007312536735320629
Combined Max-Sharpe,2023-08-01,-0.0017375649995970033
Combined Max-Sharpe,2023-08-02,-0.02134349216984273
Combined Max-Sharpe,2023-08-03,0.0019157837268615758
Combined Max-Sharpe,2023-08-04,-0.008550088022489015
Combined Max-Sharpe,2023-08-07,0.013071350659610589
Combined Max-Sharpe,2023-08-08,-0.004092710938260689
Combined Max-Sharpe,2023-08-09,-0.013584128365279462
Combined Max-Sharpe,2023-08-10,-0.003979307729833184
Combined Max-Sharpe,2023-08-11,-0.010091395169305932
Combined Max-Sharpe,2023-08-14,0.030163584775118
Combined Max-Sharpe,2023-08-15,-0.005946526325303495
Combined Max-Sharpe,2023-08-16,-0.009090434920558652
Combined Max-Sharpe,2023-08-17,-0.016635300220745653
Combined Max-Sharpe,2023-08-18,0.0010977705788474269
Combined Max-Sharpe,2023-08-21,0.02519010458580031
Combined Max-Sharpe,2023-08-22,-0.014076050751828662
Combined Max-Sharpe,2023-08-23,0.01020603361224624
Combined Max-Sharpe,2023-08-24,-0.005131311081114041
Combined Max-Sharpe,2023-08-25,-0.006581486761184442
Combined Max-Sharpe,2023-08-28,0.008385414889600271
Combined Max-Sharpe,2023-08-29,0.024240280210172122
Combined Max-Sharpe,2023-08-30,-0.00034245843222644606
Combined Max-Sharpe,2023-08-31,-0.0036177382173461126
Combined Max-Sharpe,2023-09-01,-0.003991913379555963
Combined Max-Sharpe,2023-09-05,-0.007145417304261645
Combined Max-Sharpe,2023-09-06,-0.01247535901500865
Combined Max-Sharpe,2023-09-07,0.0024918526077152
Combined Max-Sharpe,2023-09-08,-0.009567220039794301
Combined Max-Sharpe,2023-09-11,-0.008313176999402523
Combined Max-Sharpe,2023-09-12,0.0017252733974362116
Combined Max-Sharpe,2023-09-13,0.007696841220401834
Combined Max-Sharpe,2023-09-14,0.013873400046475063
Combined Max-Sharpe,2023-09-15,-0.026114010445395037
Combined Max-Sharpe,2023-09-18,0.00519522456502529
Combined Max-Sharpe,2023-09-19,0.0009253798082783953
Combined Max-Sharpe,2023-09-20,-0.013581409925146481
Combined Max-Sharpe,2023-09-21,-0.017850605470900446
Combined Max-Sharpe,2023-09-22,0.006043015314930779
Combined Max-Sharpe,2023-09-25,0.013068179472964906
Combined Max-Sharpe,2023-09-26,-0.00873962159003168
Combined Max-Sharpe,2023-09-27,0.008750497409756088
Combined Max-Sharpe,2023-09-28,0.009117362340974178
Combined Max-Sharpe,2023-09-29,-0.00306064390201796
Combined Max-Sharpe,2023-10-02,0.0009067473318382585
Combined Max-Sharpe,2023-10-03,-0.006651862211246499
Combined Max-Sharpe,2023-10-04,0.0013603678530435578
Combined Max-Sharpe,2023-10-05,0.0006284168819162716
Combined Max-Sharpe,2023-10-06,0.009422562644045451
Combined Max-Sharpe,2023-10-09,-0.004391294697916041
Combined Max-Sharpe,2023-10-10,0.0026159740237866077
Combined Max-Sharpe,2023-10-11,0.004510858563890225
Combined Max-Sharpe,2023-10-12,-0.006350163702524717
Combined Max-Sharpe,2023-10-13,-0.008553095821882467
Combined Max-Sharpe,2023-10-16,0.007957774462820566
Combined Max-Sharpe,2023-10-17,-0.010341242162015936
Combined Max-Sharpe,2023-10-18,-0.015396659618862277
Combined Max-Sharpe,2023-10-19,-0.00877846962749021
Combined Max-Sharpe,2023-10-20,-0.004997872917313214
Combined Max-Sharpe,2023-10-23,0.011885792437186318
Combined Max-Sharpe,2023-10-24,0.015433328904418567
Combined Max-Sharpe,2023-10-25,-0.017667148361049007
Combined Max-Sharpe,2023-10-26,-0.008165228734209147
Combined Max-Sharpe,2023-10-27,-0.01579919522914405
Combined Max-Sharpe,2023-10-30,0.01543296514655543
Combined Max-Sharpe,2023-10-31,-0.002668284631384109
Combined Max-Sharpe,2023-11-01,0.019789144727179873
Combined Max-Sharpe,2023-11-02,0.012230490508383091
Combined Max-Sharpe,2023-11-03,0.005835253590146082
Combined Max-Sharpe,2023-11-06,0.007325463187431682
Combined Max-Sharpe,2023-11-07,-0.00023343668111260475
Combined Max-Sharpe,2023-11-08,0.006335023628726826
Combined Max-Sharpe,2023-11-09,-0.006591985970435634
Combined Max-Sharpe,2023-11-10,0.01856677988511373
Combined Max-Sharpe,2023-11-13,0.0006989644088665114
Combined Max-Sharpe,2023-11-14,-0.0006409144861889294
Combined Max-Sharpe,2023-11-15,0.0022936567548750707
Combined Max-Sharpe,2023-11-16,-0.0025838257370322123
Combined Max-Sharpe,2023-11-17,0.0028778265616844125
Combined Max-Sharpe,2023-11-20,0.005052638864434904
Combined Max-Sharpe,2023-11-21,-0.010672671272652198
Combined Max-Sharpe,2023-11-22,0.0006488725779725109
Combined Max-Sharpe,2023-11-24,-0.002881861565937207
Combined Max-Sharpe,2023-11-27,0.0018181922525361037
Combined Max-Sharpe,2023-11-28,-0.0030835493007278615
Combined Max-Sharpe,2023-11-29,0.00588583673277029
Combined Max-Sharpe,2023-11-30,0.005510014807046026
Combined Max-Sharpe,2023-12-01,0.004851551161893017
Combined Max-Sharpe,2023-12-04,-0.006115373750590385
Combined Max-Sharpe,2023-12-05,0.01023386978336597
Combined Max-Sharpe,2023-12-06,-0.006682289858552292
Combined Max-Sharpe,2023-12-07,0.013019768292664172
Combined Max-Sharpe,2023-12-08,0.01178149302782369
Combined Max-Sharpe,2023-12-11,-0.008045512647603269
Combined Max-Sharpe,2023-12-12,0.01073800532846398
Combined Max-Sharpe,2023-12-13,0.011993931421232758
Combined Max-Sharpe,2023-12-14,0.0091617105261868
Combined Max-Sharpe,2023-12-15,-0.001974288918939736
Combined Max-Sharpe,2023-12-18,0.009332876927478348
Combined Max-Sharpe,2023-12-19,-7.143524066111838e-05
Combined Max-Sharpe,2023-12-20,-0.011434483194805807
Combined Max-Sharpe,2023-12-21,0.011041020384206486
Combined Max-Sharpe,2023-12-22,0.0071498345919881285
Combined Max-Sharpe,2023-12-26,-0.002232741732940355
Combined Max-Sharpe,2023-12-27,0.006215179913392897
Combined Max-Sharpe,2023-12-28,-0.0031845886794205102
Combined Max-Sharpe,2023-12-29,-0.0019602208950741727
Combined Mean-CVaR,2021-01-04,0.011914762204875477
Combined Mean-CVaR,2021-01-05,-0.00024057014025578817
Combined Mean-CVaR,2021-01-06,0.012389856339435578
Combined Mean-CVaR,2021-01-07,0.008043616909682168
Combined Mean-CVaR,2021-01-08,-0.009909400742183059
Combined Mean-CVaR,2021-01-11,0.006784874243272522
Combined Mean-CVaR,2021-01-12,-0.0029068282292730634
Combined Mean-CVaR,2021-01-13,-0.00860762348272865
Combined Mean-CVaR,2021-01-14,0.0005060370883544683
Combined Mean-CVaR,2021-01-15,-0.005757714319350289
Combined Mean-CVaR,2021-01-19,-0.003949109261640027
Combined Mean-CVaR,2021-01-20,0.010216247140959141
Combined Mean-CVaR,2021-01-21,-0.010984183663589176
Combined Mean-CVaR,2021-01-22,0.0017838537376598249
Combined Mean-CVaR,2021-01-25,-0.0001421108900486493
Combined Mean-CVaR,2021-01-26,-0.0013570532227055588
Combined Mean-CVaR,2021-01-27,-0.03282923632358355
Combined Mean-CVaR,2021-01-28,0.007234070058467211
Combined Mean-CVaR,2021-01-29,-0.01389967126211139
Combined Mean-CVaR,2021-02-01,-0.0014319549191515843
Combined Mean-CVaR,2021-02-02,0.008519671994024789
Combined Mean-CVaR,2021-02-03,-0.004295491908689579
Combined Mean-CVaR,2021-02-04,-0.003773032997037227
Combined Mean-CVaR,2021-02-05,0.012187622337793401
Combined Mean-CVaR,2021-02-08,0.005904832768599018
Combined Mean-CVaR,2021-02-09,-0.005338678280446081
Combined Mean-CVaR,2021-02-10,-0.005218999406292668
Combined Mean-CVaR,2021-02-11,-0.005512607516863873
Combined Mean-CVaR,2021-02-12,0.0057262245502851345
Combined Mean-CVaR,2021-02-16,-0.006387043748175805
Combined Mean-CVaR,2021-02-17,0.007213327852328033
Combined Mean-CVaR,2021-02-18,-0.018777713684017303
Combined Mean-CVaR,2021-02-19,-0.006451622168587783
Combined Mean-CVaR,2021-02-22,-0.0011538280747869114
Combined Mean-CVaR,2021-02-23,-0.011506730411248011
Combined Mean-CVaR,2021-02-24,-0.002811261121936456
Combined Mean-CVaR,2021-02-25,-0.005890012633609341
Combined Mean-CVaR,2021-02-26,-0.01958486447144809
Combined Mean-CVaR,2021-03-01,0.00658862024768481
Combined Mean-CVaR,2021-03-02,0.0036158929326113947
Combined Mean-CVaR,2021-03-03,-0.01092256427462466
Combined Mean-CVaR,2021-03-04,-0.008500398710842601
Combined Mean-CVaR,2021-03-05,0.010483629336249878
Combined Mean-CVaR,2021-03-08,-0.004007205242345847
Combined Mean-CVaR,2021-03-09,0.007792891466429652
Combined Mean-CVaR,2021-03-10,0.011815013668798943
Combined Mean-CVaR,2021-03-11,0.004124634407997714
Combined Mean-CVaR,2021-03-12,0.008381456537609204
Combined Mean-CVaR,2021-03-15,0.011068535448311195
Combined Mean-CVaR,2021-03-16,0.004309497203299521
Combined Mean-CVaR,2021-03-17,-0.0009140618092738206
Combined Mean-CVaR,2021-03-18,-0.005275741460346012
Combined Mean-CVaR,2021-03-19,0.005393560052036556
Combined Mean-CVaR,2021-03-22,0.0018606846165145092
Combined Mean-CVaR,2021-03-23,-0.0009255382558304494
Combined Mean-CVaR,2021-03-24,-0.003284512211578057
Combined Mean-CVaR,2021-03-25,0.0019756625164519914
Combined Mean-CVaR,2021-03-26,0.016555953240527877
Combined Mean-CVaR,2021-03-29,0.010688001258331336
Combined Mean-CVaR,2021-03-30,-0.010936878927245519
Combined Mean-CVaR,2021-03-31,0.002872535186929307
Combined Mean-CVaR,2021-04-01,0.004386979984345463
Combined Mean-CVaR,2021-04-05,0.014692298908427373
Combined Mean-CVaR,2021-04-06,-0.0027464224318542382
Combined Mean-CVaR,2021-04-07,-0.0017899409917188664
Combined Mean-CVaR,2021-04-08,-0.0014363888714594127
Combined Mean-CVaR,2021-04-09,0.004139074386123422
Combined Mean-CVaR,2021-04-12,-0.001984528922441196
Combined Mean-CVaR,2021-04-13,0.003064270033761665
Combined Mean-CVaR,2021-04-14,-0.0020782616991508575
Combined Mean-CVaR,2021-04-15,0.010536111910241706
Combined Mean-CVaR,2021-04-16,0.0030279785148049224
Combined Mean-CVaR,2021-04-19,-0.0033802440639529334
Combined Mean-CVaR,2021-04-20,0.007679242746071101
Combined Mean-CVaR,2021-04-21,0.004820031832517406
Combined Mean-CVaR,2021-04-22,-0.009140620908185272
Combined Mean-CVaR,2021-04-23,-0.0005083005594769236
Combined Mean-CVaR,2021-04-26,-0.006990835828297846
Combined Mean-CVaR,2021-04-27,-0.00521481980112267
Combined Mean-CVaR,2021-04-28,-0.0015583956671821964
Combined Mean-CVaR,2021-04-29,-0.0073091491553394505
Combined Mean-CVaR,2021-04-30,0.002902939552709754
Combined Mean-CVaR,2021-05-03,0.011594117341053116
Combined Mean-CVaR,2021-05-04,-0.00617551824609108
Combined Mean-CVaR,2021-05-05,0.010065454137719552
Combined Mean-CVaR,2021-05-06,0.00759542562849414
Combined Mean-CVaR,2021-05-07,0.002295528890061341
Combined Mean-CVaR,2021-05-10,0.0030366727226387577
Combined Mean-CVaR,2021-05-11,-0.007408719759371114
Combined Mean-CVaR,2021-05-12,-0.015318876641710593
Combined Mean-CVaR,2021-05-13,0.012002466255487248
Combined Mean-CVaR,2021-05-14,0.008282192064999156
Combined Mean-CVaR,2021-05-17,0.009834658378784762
Combined Mean-CVaR,2021-05-18,0.004661629894275123
Combined Mean-CVaR,2021-05-19,0.004889840015327524
Combined Mean-CVaR,2021-05-20,0.008124126873244594
Combined Mean-CVaR,2021-05-21,-0.005367120072726042
Combined Mean-CVaR,2021-05-24,0.002946374400160284
Combined Mean-CVaR,2021-05-25,-0.0060369886705701065
Combined Mean-CVaR,2021-05-26,-8.229507127515605e-05
Combined Mean-CVaR,2021-05-27,-0.004934791943494205
Combined Mean-CVaR,2021-05-28,-2.9090240147670258e-05
Combined Mean-CVaR,2021-06-01,-0.00457037016657256
Combined Mean-CVaR,2021-06-02,-0.002575341434510887
Combined Mean-CVaR,2021-06-03,0.0056646939922772805
Combined Mean-CVaR,2021-06-04,0.007584489433711067
Combined Mean-CVaR,2021-06-07,-0.009139296302329595
Combined Mean-CVaR,2021-06-08,-0.0056909924844608314
Combined Mean-CVaR,2021-06-09,0.0037266147166391877
Combined Mean-CVaR,2021-06-10,0.01250137641646781
Combined Mean-CVaR,2021-06-11,0.0019712368619961666
Combined Mean-CVaR,2021-06-14,-0.0022697082161696226
Combined Mean-CVaR,2021-06-15,-0.0074231038307784065
Combined Mean-CVaR,2021-06-16,-0.01199737297180141
Combined Mean-CVaR,2021-06-17,-0.0041677406327609995
Combined Mean-CVaR,2021-06-18,-0.012096843657605182
Combined Mean-CVaR,2021-06-21,0.0074678411578992816
Combined Mean-CVaR,2021-06-22,-0.0012757202935798333
Combined Mean-CVaR,2021-06-23,-0.007901981218706628
Combined Mean-CVaR,2021-06-24,0.009003455275764417
Combined Mean-CVaR,2021-06-25,0.007484217541729744
Combined Mean-CVaR,2021-06-28,0.001845348244655493
Combined Mean-CVaR,2021-06-29,-0.000826256820099143
Combined Mean-CVaR,2021-06-30,0.013241335958825595
Combined Mean-CVaR,2021-07-01,-0.0024752729140808715
Combined Mean-CVaR,2021-07-02,0.004558561079604731
Combined Mean-CVaR,2021-07-06,-0.004788562458600447
Combined Mean-CVaR,2021-07-07,0.00196910805817771
Combined Mean-CVaR,2021-07-08,-0.006865159729942625
Combined Mean-CVaR,2021-07-09,0.005993443249699494
Combined Mean-CVaR,2021-07-12,-0.002471600592207188
Combined Mean-CVaR,2021-07-13,0.0012629102333430835
Combined Mean-CVaR,2021-07-14,0.0036596341288580095
Combined Mean-CVaR,2021-07-15,-0.0014863607694907536
Combined Mean-CVaR,2021-07-16,-0.0035911730537198663
Combined Mean-CVaR,2021-07-19,-0.010056556085531292
Combined Mean-CVaR,2021-07-20,0.0025511923430384005
Combined Mean-CVaR,2021-07-21,0.00017447379266611544
Combined Mean-CVaR,2021-07-22,0.00017695936969474766
Combined Mean-CVaR,2021-07-23,0.009139069153980875
Combined Mean-CVaR,2021-07-26,0.0009788019973975082
Combined Mean-CVaR,2021-07-27,-9.408689193432458e-05
Combined Mean-CVaR,2021-07-28,0.002510100337931536
Combined Mean-CVaR,2021-07-29,-0.002686820356588595
Combined Mean-CVaR,2021-07-30,0.002192494105767156
Combined Mean-CVaR,2021-08-02,-0.004707368313677458
Combined Mean-CVaR,2021-08-03,8.098058068755929e-05
Combined Mean-CVaR,2021-08-04,-0.008772943777677992
Combined Mean-CVaR,2021-08-05,0.005311110661797825
Combined Mean-CVaR,2021-08-06,-0.002226040832631366
Combined Mean-CVaR,2021-08-09,0.0009173373215541959
Combined Mean-CVaR,2021-08-10,0.006804164475227583
Combined Mean-CVaR,2021-08-11,0.00865183476922771
Combined Mean-CVaR,2021-08-12,0.0015289610064093463
Combined Mean-CVaR,2021-08-13,0.004109159864963331
Combined Mean-CVaR,2021-08-16,0.007114059915824332
Combined Mean-CVaR,2021-08-17,0.002558660876844462
Combined Mean-CVaR,2021-08-18,-0.013117917407818216
Combined Mean-CVaR,2021-08-19,0.0033992748122655034
Combined Mean-CVaR,2021-08-20,0.0038750452701489606
Combined Mean-CVaR,2021-08-23,0.0014974895848183744
Combined Mean-CVaR,2021-08-24,-0.006380936267310513
Combined Mean-CVaR,2021-08-25,-0.004788495384132627
Combined Mean-CVaR,2021-08-26,-0.00707186939045369
Combined Mean-CVaR,2021-08-27,0.0024093740976786912
Combined Mean-CVaR,2021-08-30,0.0016714806677774828
Combined Mean-CVaR,2021-08-31,0.003475490657729465
Combined Mean-CVaR,2021-09-01,-0.0007288955514789747
Combined Mean-CVaR,2021-09-02,0.007711354100520197
Combined Mean-CVaR,2021-09-03,0.001365426094789412
Combined Mean-CVaR,2021-09-07,-0.019204144195059322
Combined Mean-CVaR,2021-09-08,0.0020834912464026394
Combined Mean-CVaR,2021-09-09,-0.010814185020610295
Combined Mean-CVaR,2021-09-10,-0.006210288710625768
Combined Mean-CVaR,2021-09-13,-0.0035047527066030524
Combined Mean-CVaR,2021-09-14,-0.005264363366565084
Combined Mean-CVaR,2021-09-15,0.006278310072550453
Combined Mean-CVaR,2021-09-16,-0.00809338232280146
Combined Mean-CVaR,2021-09-17,-0.005159618094744764
Combined Mean-CVaR,2021-09-20,-0.010134678321382241
Combined Mean-CVaR,2021-09-21,-0.002387769188096007
Combined Mean-CVaR,2021-09-22,0.0012290203548692873
Combined Mean-CVaR,2021-09-23,0.0047939729159896935
Combined Mean-CVaR,2021-09-24,-0.00036674287992231555
Combined Mean-CVaR,2021-09-27,-0.0030972436035380606
Combined Mean-CVaR,2021-09-28,-0.00408009668707591
Combined Mean-CVaR,2021-09-29,0.007197787667809481
Combined Mean-CVaR,2021-09-30,-0.005569727276264847
Combined Mean-CVaR,2021-10-01,0.011170335420370832
Combined Mean-CVaR,2021-10-04,0.0002435804084353044
Combined Mean-CVaR,2021-10-05,0.002737559923915541
Combined Mean-CVaR,2021-10-06,0.0040623078822050775
Combined Mean-CVaR,2021-10-07,0.011404878048325053
Combined Mean-CVaR,2021-10-08,-0.0003838410036372106
Combined Mean-CVaR,2021-10-11,-0.004432874201600944
Combined Mean-CVaR,2021-10-12,0.0011231603430030203
Combined Mean-CVaR,2021-10-13,0.0015644010192672776
Combined Mean-CVaR,2021-10-14,0.007669893475426666
Combined Mean-CVaR,2021-10-15,0.0005574056312671257
Combined Mean-CVaR,2021-10-18,-0.001286143718112069
Combined Mean-CVaR,2021-10-19,0.013632672318165397
Combined Mean-CVaR,2021-10-20,0.008590572724524686
Combined Mean-CVaR,2021-10-21,0.008193649248023101
Combined Mean-CVaR,2021-10-22,0.003557091718653024
Combined Mean-CVaR,2021-10-25,0.00801557360440596
Combined Mean-CVaR,2021-10-26,-0.002367927862452445
Combined Mean-CVaR,2021-10-27,-0.008902896806065354
Combined Mean-CVaR,2021-10-28,0.012122368049280647
Combined Mean-CVaR,2021-10-29,0.0016426023957283598
Combined Mean-CVaR,2021-11-01,0.003577901884832704
Combined Mean-CVaR,2021-11-02,0.005475182390422251
Combined Mean-CVaR,2021-11-03,0.002637218322256887
Combined Mean-CVaR,2021-11-04,0.009627194793715328
Combined Mean-CVaR,2021-11-05,-0.019301805096104664
Combined Mean-CVaR,2021-11-08,-0.0037250542034502144
Combined Mean-CVaR,2021-11-09,0.0039946946152212845
Combined Mean-CVaR,2021-11-10,0.0005608964824565833
Combined Mean-CVaR,2021-11-11,0.0020740096877218278
Combined Mean-CVaR,2021-11-12,0.0021687065229906515
Combined Mean-CVaR,2021-11-15,-0.008401045952136749
Combined Mean-CVaR,2021-11-16,-0.0076630038905314245
Combined Mean-CVaR,2021-11-17,-0.00633744918685116
Combined Mean-CVaR,2021-11-18,-0.0014652134728374453
Combined Mean-CVaR,2021-11-19,-0.0090070565400687
Combined Mean-CVaR,2021-11-22,0.0025273259619370673
Combined Mean-CVaR,2021-11-23,0.0049764306875400895
Combined Mean-CVaR,2021-11-24,-0.0016753801614836238
Combined Mean-CVaR,2021-11-26,-0.010458212296212386
Combined Mean-CVaR,2021-11-29,-0.011493675915425454
Combined Mean-CVaR,2021-11-30,-0.015585034165535527
Combined Mean-CVaR,2021-12-01,-0.014940067748833455
Combined Mean-CVaR,2021-12-02,-0.0015202043812615716
Combined Mean-CVaR,2021-12-03,0.011204171949494387
Combined Mean-CVaR,2021-12-06,0.00839738826045813
Combined Mean-CVaR,2021-12-07,0.0006591941351379591
Combined Mean-CVaR,2021-12-08,0.0011243714690051271
Combined Mean-CVaR,2021-12-09,0.0001662239490400298
Combined Mean-CVaR,2021-12-10,0.0068478179966740636
Combined Mean-CVaR,2021-12-13,0.008582522534700435
Combined Mean-CVaR,2021-12-14,0.0043737471037372175
Combined Mean-CVaR,2021-12-15,0.00626516727235604
Combined Mean-CVaR,2021-12-16,0.008095746822498962
Combined Mean-CVaR,2021-12-17,-0.012025211928309146
Combined Mean-CVaR,2021-12-20,0.0005803263917929186
Combined Mean-CVaR,2021-12-21,0.002713892899101302
Combined Mean-CVaR,2021-12-22,0.0013729238846247
Combined Mean-CVaR,2021-12-23,0.0018942230298273977
Combined Mean-CVaR,2021-12-27,0.00957733490110385
Combined Mean-CVaR,2021-12-28,0.005702735845962528
Combined Mean-CVaR,2021-12-29,0.0037081388716679684
Combined Mean-CVaR,2021-12-30,0.0017039400770866731
Combined Mean-CVaR,2021-12-31,0.00020424723085154606
Combined Mean-CVaR,2022-01-03,-0.0018335569529096749
Combined Mean-CVaR,2022-01-04,-0.001963192955290362
Combined Mean-CVaR,2022-01-05,-0.0003265087396296775
Combined Mean-CVaR,2022-01-06,-0.009983021333427565
Combined Mean-CVaR,2022-01-07,0.005575649504787214
Combined Mean-CVaR,2022-01-10,-0.011284737934349393
Combined Mean-CVaR,2022-01-11,0.004033364144585506
Combined Mean-CVaR,2022-01-12,0.0052521847125766245
Combined Mean-CVaR,2022-01-13,0.0026252997362504016
Combined Mean-CVaR,2022-01-14,-0.00461742524710767
Combined Mean-CVaR,2022-01-18,-0.006141734404210219
Combined Mean-CVaR,2022-01-19,0.01175164533063983
Combined Mean-CVaR,2022-01-20,-0.013541980993575495
Combined Mean-CVaR,2022-01-21,-0.004137771618473897
Combined Mean-CVaR,2022-01-24,-0.0016854879321333137
Combined Mean-CVaR,2022-01-25,-0.009358502234883048
Combined Mean-CVaR,2022-01-26,-0.01237329005291083
Combined Mean-CVaR,2022-01-27,0.0017840887714993775
Combined Mean-CVaR,2022-01-28,0.004102103943875644
Combined Mean-CVaR,2022-01-31,0.01358440012919184
Combined Mean-CVaR,2022-02-01,0.000567876204160939
Combined Mean-CVaR,2022-02-02,0.005930905848387168
Combined Mean-CVaR,2022-02-03,-0.009366024718153938
Combined Mean-CVaR,2022-02-04,-0.004506761547676559
Combined Mean-CVaR,2022-02-07,-0.0008556136570035638
Combined Mean-CVaR,2022-02-08,-0.0023956533754104126
Combined Mean-CVaR,2022-02-09,0.0009119598104054165
Combined Mean-CVaR,2022-02-10,-0.013917600679477938
Combined Mean-CVaR,2022-02-11,-0.00018172301983106947
Combined Mean-CVaR,2022-02-14,-0.007182093249736933
Combined Mean-CVaR,2022-02-15,0.0039113259967815135
Combined Mean-CVaR,2022-02-16,-0.003497864006322597
Combined Mean-CVaR,2022-02-17,0.006002566919653631
Combined Mean-CVaR,2022-02-18,-0.005436595089741136
Combined Mean-CVaR,2022-02-22,-0.008655365348386412
Combined Mean-CVaR,2022-02-23,-0.0033803969085805783
Combined Mean-CVaR,2022-02-24,-0.005285336419105589
Combined Mean-CVaR,2022-02-25,0.0224018027375706
Combined Mean-CVaR,2022-02-28,-0.010066237950778031
Combined Mean-CVaR,2022-03-01,-0.0011695632820551466
Combined Mean-CVaR,2022-03-02,0.009175167068935527
Combined Mean-CVaR,2022-03-03,0.009566027211830353
Combined Mean-CVaR,2022-03-04,0.011421079242435945
Combined Mean-CVaR,2022-03-07,-0.006383005649783308
Combined Mean-CVaR,2022-03-08,-0.013762250418226173
Combined Mean-CVaR,2022-03-09,0.00798937245614724
Combined Mean-CVaR,2022-03-10,0.003802296296606188
Combined Mean-CVaR,2022-03-11,-0.008542409301351398
Combined Mean-CVaR,2022-03-14,-0.005797196968637079
Combined Mean-CVaR,2022-03-15,0.00830473995492772
Combined Mean-CVaR,2022-03-16,0.005596927824189248
Combined Mean-CVaR,2022-03-17,0.009706710378115548
Combined Mean-CVaR,2022-03-18,0.005671746505463806
Combined Mean-CVaR,2022-03-21,0.0005118256965080423
Combined Mean-CVaR,2022-03-22,0.004150268276483747
Combined Mean-CVaR,2022-03-23,-0.006474255116582367
Combined Mean-CVaR,2022-03-24,0.005570854820006456
Combined Mean-CVaR,2022-03-25,0.008813946850277506
Combined Mean-CVaR,2022-03-28,0.007198671761042962
Combined Mean-CVaR,2022-03-29,0.01264149971847732
Combined Mean-CVaR,2022-03-30,0.005198084846923851
Combined Mean-CVaR,2022-03-31,-0.009672988038133878
Combined Mean-CVaR,2022-04-01,0.011107655954390748
Combined Mean-CVaR,2022-04-04,0.0010649879206597877
Combined Mean-CVaR,2022-04-05,-0.004148790122163874
Combined Mean-CVaR,2022-04-06,0.010079637171377805
Combined Mean-CVaR,2022-04-07,0.006006925252916421
Combined Mean-CVaR,2022-04-08,0.004037298212690512
Combined Mean-CVaR,2022-04-11,-0.012839521185713111
Combined Mean-CVaR,2022-04-12,-0.0032670889057500206
Combined Mean-CVaR,2022-04-13,0.011461087982551525
Combined Mean-CVaR,2022-04-14,0.002993556073169922
Combined Mean-CVaR,2022-04-18,-0.006434510251927725
Combined Mean-CVaR,2022-04-19,0.010611212349128405
Combined Mean-CVaR,2022-04-20,0.004738137685890336
Combined Mean-CVaR,2022-04-21,-0.00868358623144003
Combined Mean-CVaR,2022-04-22,-0.015898539696431898
Combined Mean-CVaR,2022-04-25,-0.003383636151299482
Combined Mean-CVaR,2022-04-26,-0.019678939355688665
Combined Mean-CVaR,2022-04-27,-0.0052838156051691065
Combined Mean-CVaR,2022-04-28,0.02055876876638352
Combined Mean-CVaR,2022-04-29,-0.02345111912955192
Combined Mean-CVaR,2022-05-02,-0.0007261940847362724
Combined Mean-CVaR,2022-05-03,0.0023658939461149654
Combined Mean-CVaR,2022-05-04,0.021474710281226193
Combined Mean-CVaR,2022-05-05,-0.016110759602213573
Combined Mean-CVaR,2022-05-06,-0.011507315399841312
Combined Mean-CVaR,2022-05-09,-0.005175543289960798
Combined Mean-CVaR,2022-05-10,-0.011264749532559841
Combined Mean-CVaR,2022-05-11,-0.0006428853966846527
Combined Mean-CVaR,2022-05-12,0.00429028854395667
Combined Mean-CVaR,2022-05-13,0.00521942474617588
Combined Mean-CVaR,2022-05-16,0.0051959811167359505
Combined Mean-CVaR,2022-05-17,-0.025417153249066415
Combined Mean-CVaR,2022-05-18,-0.03177281423932866
Combined Mean-CVaR,2022-05-19,-0.008472638745985722
Combined Mean-CVaR,2022-05-20,0.0012432689662609034
Combined Mean-CVaR,2022-05-23,0.016247125420320425
Combined Mean-CVaR,2022-05-24,0.010988849239984978
Combined Mean-CVaR,2022-05-25,-0.0009277712914407437
Combined Mean-CVaR,2022-05-26,0.0067526200529132285
Combined Mean-CVaR,2022-05-27,0.013170196803231463
Combined Mean-CVaR,2022-05-31,-0.0042405807854303396
Combined Mean-CVaR,2022-06-01,-0.010388094393650097
Combined Mean-CVaR,2022-06-02,0.009827017691461607
Combined Mean-CVaR,2022-06-03,-0.010519065051070456
Combined Mean-CVaR,2022-06-06,-0.0031160527396823525
Combined Mean-CVaR,2022-06-07,0.004998330307943186
Combined Mean-CVaR,2022-06-08,-0.009226326870982517
Combined Mean-CVaR,2022-06-09,-0.018058599827140996
Combined Mean-CVaR,2022-06-10,-0.0023966313130905923
Combined Mean-CVaR,2022-06-13,-0.027282308652858966
Combined Mean-CVaR,2022-06-14,-0.008194142971265138
Combined Mean-CVaR,2022-06-15,0.004466695000462517
Combined Mean-CVaR,2022-06-16,-0.00017678999004073635
Combined Mean-CVaR,2022-06-17,-0.008127464661806603
Combined Mean-CVaR,2022-06-21,0.027525662450530026
Combined Mean-CVaR,2022-06-22,-0.002112905797322754
Combined Mean-CVaR,2022-06-23,0.013919968347382206
Combined Mean-CVaR,2022-06-24,0.013942553398287011
Combined Mean-CVaR,2022-06-27,-0.0015057546533780307
Combined Mean-CVaR,2022-06-28,-0.01655632934661756
Combined Mean-CVaR,2022-06-29,-0.0026122302124325443
Combined Mean-CVaR,2022-06-30,-0.011932487141848481
Combined Mean-CVaR,2022-07-01,0.010588857050554032
Combined Mean-CVaR,2022-07-05,0.002467726176087476
Combined Mean-CVaR,2022-07-06,0.0033845161286431068
Combined Mean-CVaR,2022-07-07,0.0026047463116482144
Combined Mean-CVaR,2022-07-08,-0.003969744279695744
Combined Mean-CVaR,2022-07-11,-1.150481835780357e-05
Combined Mean-CVaR,2022-07-12,-0.00414043304524979
Combined Mean-CVaR,2022-07-13,-0.0010557624351033596
Combined Mean-CVaR,2022-07-14,0.00035883363759597864
Combined Mean-CVaR,2022-07-15,0.009562600031487893
Combined Mean-CVaR,2022-07-18,-0.010908121566638283
Combined Mean-CVaR,2022-07-19,0.01108442595921988
Combined Mean-CVaR,2022-07-20,-0.0047258886062541425
Combined Mean-CVaR,2022-07-21,0.006649503675392224
Combined Mean-CVaR,2022-07-22,-0.0033779281557070186
Combined Mean-CVaR,2022-07-25,-0.012159190597924112
Combined Mean-CVaR,2022-07-26,-0.011044824762691868
Combined Mean-CVaR,2022-07-27,0.008603432874025716
Combined Mean-CVaR,2022-07-28,0.007105785924124792
Combined Mean-CVaR,2022-07-29,0.007396257335125194
Combined Mean-CVaR,2022-08-01,-0.005409404713240465
Combined Mean-CVaR,2022-08-02,-0.004695445525848897
Combined Mean-CVaR,2022-08-03,0.004407085451427768
Combined Mean-CVaR,2022-08-04,-0.008882025167078636
Combined Mean-CVaR,2022-08-05,-0.0002537164377665226
Combined Mean-CVaR,2022-08-08,0.0055095172340600814
Combined Mean-CVaR,2022-08-09,0.002669724187460519
Combined Mean-CVaR,2022-08-10,0.007970806061514304
Combined Mean-CVaR,2022-08-11,-0.0021437741305283973
Combined Mean-CVaR,2022-08-12,0.0194398006525633
Combined Mean-CVaR,2022-08-15,0.007903888764979975
Combined Mean-CVaR,2022-08-16,0.022296950197734176
Combined Mean-CVaR,2022-08-17,-0.007508069770037881
Combined Mean-CVaR,2022-08-18,-0.005024250874020025
Combined Mean-CVaR,2022-08-19,-0.007662797501460081
Combined Mean-CVaR,2022-08-22,-0.014548966105043637
Combined Mean-CVaR,2022-08-23,-0.003308684907123774
Combined Mean-CVaR,2022-08-24,0.0007534148867744962
Combined Mean-CVaR,2022-08-25,0.007344605296599197
Combined Mean-CVaR,2022-08-26,-0.030829008872131615
Combined Mean-CVaR,2022-08-29,-0.007198779423876293
Combined Mean-CVaR,2022-08-30,-0.006271363865156645
Combined Mean-CVaR,2022-08-31,-0.004839291045639007
Combined Mean-CVaR,2022-09-01,0.010703186291048621
Combined Mean-CVaR,2022-09-02,-0.011448724042388269
Combined Mean-CVaR,2022-09-06,-0.004227865666212022
Combined Mean-CVaR,2022-09-07,0.020776768330013694
Combined Mean-CVaR,2022-09-08,0.002076368267372823
Combined Mean-CVaR,2022-09-09,0.013847934753273231
Combined Mean-CVaR,2022-09-12,0.012886018453985577
Combined Mean-CVaR,2022-09-13,-0.02509055510872987
Combined Mean-CVaR,2022-09-14,0.002889115943391412
Combined Mean-CVaR,2022-09-15,-0.008291579872085848
Combined Mean-CVaR,2022-09-16,0.0006757037830678529
Combined Mean-CVaR,2022-09-19,0.003454374525208736
Combined Mean-CVaR,2022-09-20,-0.01270187938548065
Combined Mean-CVaR,2022-09-21,-0.009591632853061846
Combined Mean-CVaR,2022-09-22,-0.0002922061865466513
Combined Mean-CVaR,2022-09-23,-0.019583175287396892
Combined Mean-CVaR,2022-09-26,-0.004319738292454061
Combined Mean-CVaR,2022-09-27,-0.00405833524989567
Combined Mean-CVaR,2022-09-28,0.021038226182932974
Combined Mean-CVaR,2022-09-29,-0.01722673330794854
Combined Mean-CVaR,2022-09-30,-0.014975102337473766
Combined Mean-CVaR,2022-10-03,0.02461396040649563
Combined Mean-CVaR,2022-10-04,0.019422563782534232
Combined Mean-CVaR,2022-10-05,-0.006433845052597023
Combined Mean-CVaR,2022-10-06,-0.005937916212853365
Combined Mean-CVaR,2022-10-07,-0.01787958306393624
Combined Mean-CVaR,2022-10-10,0.007576298434274767
Combined Mean-CVaR,2022-10-11,0.00708834753866323
Combined Mean-CVaR,2022-10-12,-0.007087698780224158
Combined Mean-CVaR,2022-10-13,0.01862235680240785
Combined Mean-CVaR,2022-10-14,-0.010256883965372074
Combined Mean-CVaR,2022-10-17,0.01126980532287793
Combined Mean-CVaR,2022-10-18,0.01570364699467802
Combined Mean-CVaR,2022-10-19,-0.008437931919213675
Combined Mean-CVaR,2022-10-20,0.002390473861248947
Combined Mean-CVaR,2022-10-21,0.02368360989466787
Combined Mean-CVaR,2022-10-24,0.0109016912398625
Combined Mean-CVaR,2022-10-25,0.008363857302113666
Combined Mean-CVaR,2022-10-26,0.009534663556740965
Combined Mean-CVaR,2022-10-27,-0.0009750488765595896
Combined Mean-CVaR,2022-10-28,0.02279764343875312
Combined Mean-CVaR,2022-10-31,-0.008639095525498105
Combined Mean-CVaR,2022-11-01,-0.006168082270202589
Combined Mean-CVaR,2022-11-02,-0.012778927748934752
Combined Mean-CVaR,2022-11-03,-0.00546738322818082
Combined Mean-CVaR,2022-11-04,0.009442786872432055
Combined Mean-CVaR,2022-11-07,0.005907464944072382
Combined Mean-CVaR,2022-11-08,-0.004867802564326936
Combined Mean-CVaR,2022-11-09,-0.009107871204927563
Combined Mean-CVaR,2022-11-10,0.026632912364974556
Combined Mean-CVaR,2022-11-11,-0.002540878800092886
Combined Mean-CVaR,2022-11-14,-0.00828004686206363
Combined Mean-CVaR,2022-11-15,0.018884951737943623
Combined Mean-CVaR,2022-11-16,0.0007229341067444275
Combined Mean-CVaR,2022-11-17,0.0014328196372877659
Combined Mean-CVaR,2022-11-18,0.010187199449543868
Combined Mean-CVaR,2022-11-21,0.005373381100419858
Combined Mean-CVaR,2022-11-22,0.011407105870491461
Combined Mean-CVaR,2022-11-23,0.005759462612795583
Combined Mean-CVaR,2022-11-25,0.0030278440311666674
Combined Mean-CVaR,2022-11-28,-0.0065937712367360735
Combined Mean-CVaR,2022-11-29,0.003671129102317367
Combined Mean-CVaR,2022-11-30,0.013751355997208402
Combined Mean-CVaR,2022-12-01,0.0036161943145068417
Combined Mean-CVaR,2022-12-02,0.0035118330275416454
Combined Mean-CVaR,2022-12-05,-0.010601890250539528
Combined Mean-CVaR,2022-12-06,-0.010380748454921124
Combined Mean-CVaR,2022-12-07,0.0010512675203794167
Combined Mean-CVaR,2022-12-08,0.00557026764478741
Combined Mean-CVaR,2022-12-09,-0.013558886924199499
Combined Mean-CVaR,2022-12-12,0.009809729020398889
Combined Mean-CVaR,2022-12-13,0.006683574306892054
Combined Mean-CVaR,2022-12-14,-0.00013632211839502344
Combined Mean-CVaR,2022-12-15,-0.019889169725629766
Combined Mean-CVaR,2022-12-16,-0.007467787060365408
Combined Mean-CVaR,2022-12-19,-0.0037886700966183943
Combined Mean-CVaR,2022-12-20,0.0030646255863350283
Combined Mean-CVaR,2022-12-21,0.011216188545937986
Combined Mean-CVaR,2022-12-22,-0.005913282642754236
Combined Mean-CVaR,2022-12-23,0.0026824094728930244
Combined Mean-CVaR,2022-12-27,0.002159358896220208
Combined Mean-CVaR,2022-12-28,-0.012196859560538249
Combined Mean-CVaR,2022-12-29,0.007001611463245778
Combined Mean-CVaR,2022-12-30,0.0010771618560166368
Combined Mean-CVaR,2023-01-03,0.0062467296649906905
Combined Mean-CVaR,2023-01-04,0.011555303988450392
Combined Mean-CVaR,2023-01-05,-0.0019354815483521685
Combined Mean-CVaR,2023-01-06,0.01744745308795386
Combined Mean-CVaR,2023-01-09,-0.015458766306111225
Combined Mean-CVaR,2023-01-10,0.004969628627540399
Combined Mean-CVaR,2023-01-11,0.004623681744631952
Combined Mean-CVaR,2023-01-12,-0.003730246108788526
Combined Mean-CVaR,2023-01-13,0.0030150875382988253
Combined Mean-CVaR,2023-01-17,-0.010505425511601902
Combined Mean-CVaR,2023-01-18,-0.019307660789823634
Combined Mean-CVaR,2023-01-19,-0.0038797530651885417
Combined Mean-CVaR,2023-01-20,0.010536022409749348
Combined Mean-CVaR,2023-01-23,0.009564051386832178
Combined Mean-CVaR,2023-01-24,-0.002861848820736746
Combined Mean-CVaR,2023-01-25,0.0005379551167102731
Combined Mean-CVaR,2023-01-26,-0.0035915375311903895
Combined Mean-CVaR,2023-01-27,0.0010375479668084061
Combined Mean-CVaR,2023-01-30,-0.004375956604386428
Combined Mean-CVaR,2023-01-31,0.010576861781460173
Combined Mean-CVaR,2023-02-01,-0.0027757948541519825
Combined Mean-CVaR,2023-02-02,-0.011104382897153106
Combined Mean-CVaR,2023-02-03,-0.011028710074562189
Combined Mean-CVaR,2023-02-06,-0.003258412367496374
Combined Mean-CVaR,2023-02-07,0.012054539917027502
Combined Mean-CVaR,2023-02-08,-0.0062511981947478805
Combined Mean-CVaR,2023-02-09,-0.0008199922228478746
Combined Mean-CVaR,2023-02-10,0.012562258003649953
Combined Mean-CVaR,2023-02-13,0.01016192889920758
Combined Mean-CVaR,2023-02-14,-0.007597298401192951
Combined Mean-CVaR,2023-02-15,0.0025149205129467857
Combined Mean-CVaR,2023-02-16,-0.014264673430245416
Combined Mean-CVaR,2023-02-17,0.01354577377879248
Combined Mean-CVaR,2023-02-21,-0.003037965179389077
Combined Mean-CVaR,2023-02-22,-0.010151265050985953
Combined Mean-CVaR,2023-02-23,-0.003968273908795446
Combined Mean-CVaR,2023-02-24,-0.0066770127890345005
Combined Mean-CVaR,2023-02-27,-0.001789953204356361
Combined Mean-CVaR,2023-02-28,-0.006864976525729264
Combined Mean-CVaR,2023-03-01,-0.005799513176096238
Combined Mean-CVaR,2023-03-02,0.009773019585331468
Combined Mean-CVaR,2023-03-03,0.007331081108877019
Combined Mean-CVaR,2023-03-06,0.005637345860288625
Combined Mean-CVaR,2023-03-07,-0.007860806937973404
Combined Mean-CVaR,2023-03-08,-0.008428076793740294
Combined Mean-CVaR,2023-03-09,-0.011911203834454093
Combined Mean-CVaR,2023-03-10,-0.0044461056416815106
Combined Mean-CVaR,2023-03-13,0.0042412120436715155
Combined Mean-CVaR,2023-03-14,0.010590956770734385
Combined Mean-CVaR,2023-03-15,0.006109374880356867
Combined Mean-CVaR,2023-03-16,0.00246263233545538
Combined Mean-CVaR,2023-03-17,-0.006659408618270626
Combined Mean-CVaR,2023-03-20,0.011992545956290419
Combined Mean-CVaR,2023-03-21,-0.00276937869099862
Combined Mean-CVaR,2023-03-22,-0.015876245362315217
Combined Mean-CVaR,2023-03-23,0.00805140055049294
Combined Mean-CVaR,2023-03-24,0.012072992875625027
Combined Mean-CVaR,2023-03-27,0.006637320489362825
Combined Mean-CVaR,2023-03-28,-0.00290593680046174
Combined Mean-CVaR,2023-03-29,0.00482930189417595
Combined Mean-CVaR,2023-03-30,0.006158536025031788
Combined Mean-CVaR,2023-03-31,0.01295500887382841
Combined Mean-CVaR,2023-04-03,0.008279397949442872
Combined Mean-CVaR,2023-04-04,0.0013306779915392562
Combined Mean-CVaR,2023-04-05,0.015652439799995213
Combined Mean-CVaR,2023-04-06,0.0010901204863420408
Combined Mean-CVaR,2023-04-10,-0.0002384512144643744
Combined Mean-CVaR,2023-04-11,-0.0017666245175012296
Combined Mean-CVaR,2023-04-12,-0.0003405312482900797
Combined Mean-CVaR,2023-04-13,0.009300709736958675
Combined Mean-CVaR,2023-04-14,-0.007228934220232614
Combined Mean-CVaR,2023-04-17,0.003613975289110581
Combined Mean-CVaR,2023-04-18,-0.0003128635010531414
Combined Mean-CVaR,2023-04-19,-0.0017311074370720309
Combined Mean-CVaR,2023-04-20,0.0011138352011246932
Combined Mean-CVaR,2023-04-21,0.006796030435441691
Combined Mean-CVaR,2023-04-24,0.0058510287976837865
Combined Mean-CVaR,2023-04-25,-0.002719747407647458
Combined Mean-CVaR,2023-04-26,-0.01914547651234835
Combined Mean-CVaR,2023-04-27,0.008959532410606708
Combined Mean-CVaR,2023-04-28,-0.001876108088382885
Combined Mean-CVaR,2023-05-01,0.0003993912268633313
Combined Mean-CVaR,2023-05-02,-0.004146700416181622
Combined Mean-CVaR,2023-05-03,-0.003900636013223135
Combined Mean-CVaR,2023-05-04,-0.0004054262799664224
Combined Mean-CVaR,2023-05-05,0.010338819242629887
Combined Mean-CVaR,2023-05-08,0.001202336837327656
Combined Mean-CVaR,2023-05-09,-0.002955715544085012
Combined Mean-CVaR,2023-05-10,-0.0009003656373909114
Combined Mean-CVaR,2023-05-11,-0.002083084827435108
Combined Mean-CVaR,2023-05-12,-0.0011999104288754235
Combined Mean-CVaR,2023-05-15,-0.003170635501466127
Combined Mean-CVaR,2023-05-16,-0.012183465335024974
Combined Mean-CVaR,2023-05-17,-0.001580032400181832
Combined Mean-CVaR,2023-05-18,0.010406374903157344
Combined Mean-CVaR,2023-05-19,-0.000716113966428501
Combined Mean-CVaR,2023-05-22,-0.004149024033692219
Combined Mean-CVaR,2023-05-23,-0.006105300121600642
Combined Mean-CVaR,2023-05-24,-0.004301697038896844
Combined Mean-CVaR,2023-05-25,-0.01138009694580945
Combined Mean-CVaR,2023-05-26,0.00019758049331609358
Combined Mean-CVaR,2023-05-30,-0.0067686874065070665
Combined Mean-CVaR,2023-05-31,0.004835145750143759
Combined Mean-CVaR,2023-06-01,0.0030725683687939766
Combined Mean-CVaR,2023-06-02,0.013441714673801182
Combined Mean-CVaR,2023-06-05,-0.0007974030140504346
Combined Mean-CVaR,2023-06-06,-0.009186863346444776
Combined Mean-CVaR,2023-06-07,-0.0002551279701230535
Combined Mean-CVaR,2023-06-08,0.011856837214839612
Combined Mean-CVaR,2023-06-09,-0.00031864166797513434
Combined Mean-CVaR,2023-06-12,0.002780463769617114
Combined Mean-CVaR,2023-06-13,0.005035236044570612
Combined Mean-CVaR,2023-06-14,0.001300467251175131
Combined Mean-CVaR,2023-06-15,0.008715596533557381
Combined Mean-CVaR,2023-06-16,-0.0007894719613006015
Combined Mean-CVaR,2023-06-20,-0.006321049001264808
Combined Mean-CVaR,2023-06-21,0.0019902585549259628
Combined Mean-CVaR,2023-06-22,0.00641690035686613
Combined Mean-CVaR,2023-06-23,-0.0016138655211233154
Combined Mean-CVaR,2023-06-26,-0.00012575078450716138
Combined Mean-CVaR,2023-06-27,0.00044285422728641615
Combined Mean-CVaR,2023-06-28,-0.0035020537835758494
Combined Mean-CVaR,2023-06-29,0.0021476703054466697
Combined Mean-CVaR,2023-06-30,0.013882265426505436
Combined Mean-CVaR,2023-07-03,0.002539774663064284
Combined Mean-CVaR,2023-07-05,-0.004463299860670253
Combined Mean-CVaR,2023-07-06,-0.010832791819816537
Combined Mean-CVaR,2023-07-07,-0.014177455149551786
Combined Mean-CVaR,2023-07-10,0.007475733803820384
Combined Mean-CVaR,2023-07-11,0.010249107637059763
Combined Mean-CVaR,2023-07-12,0.0011718456997932762
Combined Mean-CVaR,2023-07-13,-0.0017088662981111118
Combined Mean-CVaR,2023-07-14,0.003227226332012034
Combined Mean-CVaR,2023-07-17,-0.004274198215652686
Combined Mean-CVaR,2023-07-18,0.002073505172999536
Combined Mean-CVaR,2023-07-19,0.002605403754323771
Combined Mean-CVaR,2023-07-20,0.009056892445329642
Combined Mean-CVaR,2023-07-21,0.007762108116243551
Combined Mean-CVaR,2023-07-24,-0.004470555446707699
Combined Mean-CVaR,2023-07-25,0.0003128798963360197
Combined Mean-CVaR,2023-07-26,0.001140247518577469
Combined Mean-CVaR,2023-07-27,-0.010517249932661937
Combined Mean-CVaR,2023-07-28,0.005187628525886406
Combined Mean-CVaR,2023-07-31,-0.00017974089813775266
Combined Mean-CVaR,2023-08-01,-0.008731197300030498
Combined Mean-CVaR,2023-08-02,-0.007239382492417759
Combined Mean-CVaR,2023-08-03,-0.003981346131015069
Combined Mean-CVaR,2023-08-04,-0.004085739741122389
Combined Mean-CVaR,2023-08-07,0.009344429373976742
Combined Mean-CVaR,2023-08-08,-0.0031331209113639124
Combined Mean-CVaR,2023-08-09,0.0005476464739716714
Combined Mean-CVaR,2023-08-10,-0.00198471367927247
Combined Mean-CVaR,2023-08-11,0.008001564766614747
Combined Mean-CVaR,2023-08-14,-0.0007649556309987853
Combined Mean-CVaR,2023-08-15,-0.00888043564717207
Combined Mean-CVaR,2023-08-16,-0.0025614422952680025
Combined Mean-CVaR,2023-08-17,-0.010372904146325907
Combined Mean-CVaR,2023-08-18,0.0025177049676984586
Combined Mean-CVaR,2023-08-21,0.0008223515084079601
Combined Mean-CVaR,2023-08-22,-0.0039906076906347804
Combined Mean-CVaR,2023-08-23,0.0169081367611433
Combined Mean-CVaR,2023-08-24,-0.012239156212222779
Combined Mean-CVaR,2023-08-25,0.004996686538862705
Combined Mean-CVaR,2023-08-28,0.003871233052937497
Combined Mean-CVaR,2023-08-29,0.009058823494335231
Combined Mean-CVaR,2023-08-30,0.0016735529733689113
Combined Mean-CVaR,2023-08-31,-0.0026227013479144384
Combined Mean-CVaR,2023-09-01,-0.00040875715982215957
Combined Mean-CVaR,2023-09-05,-0.012115179212606948
Combined Mean-CVaR,2023-09-06,-0.0021331594794238105
Combined Mean-CVaR,2023-09-07,0.008130304999129527
Combined Mean-CVaR,2023-09-08,0.007398744244826674
Combined Mean-CVaR,2023-09-11,0.0054935465180620015
Combined Mean-CVaR,2023-09-12,-0.0018936754923719915
Combined Mean-CVaR,2023-09-13,-0.0024440568689643406
Combined Mean-CVaR,2023-09-14,0.008627407802197819
Combined Mean-CVaR,2023-09-15,-0.007530089027734318
Combined Mean-CVaR,2023-09-18,-0.0027233259827200364
Combined Mean-CVaR,2023-09-19,0.00036826900850272945
Combined Mean-CVaR,2023-09-20,-0.0008199607114983255
Combined Mean-CVaR,2023-09-21,-0.012854632183629736
Combined Mean-CVaR,2023-09-22,0.0005747947282697167
Combined Mean-CVaR,2023-09-25,-0.0015812078934876585
Combined Mean-CVaR,2023-09-26,-0.006287412224635064
Combined Mean-CVaR,2023-09-27,-0.007774470918255261
Combined Mean-CVaR,2023-09-28,0.0025334565269838523
Combined Mean-CVaR,2023-09-29,-0.007074542802181187
Combined Mean-CVaR,2023-10-02,-0.011007655894128958
Combined Mean-CVaR,2023-10-03,-0.007352628168902018
Combined Mean-CVaR,2023-10-04,0.008953874305581293
Combined Mean-CVaR,2023-10-05,-6.759438869129988e-05
Combined Mean-CVaR,2023-10-06,0.0016898288788097264
Combined Mean-CVaR,2023-10-09,0.005719340425551404
Combined Mean-CVaR,2023-10-10,0.008172766460796684
Combined Mean-CVaR,2023-10-11,0.0048202183791152525
Combined Mean-CVaR,2023-10-12,-0.003836346471889094
Combined Mean-CVaR,2023-10-13,0.005645620609865783
Combined Mean-CVaR,2023-10-16,0.008784110376608634
Combined Mean-CVaR,2023-10-17,0.003929764248072275
Combined Mean-CVaR,2023-10-18,-0.011114346534134739
Combined Mean-CVaR,2023-10-19,-0.012064939752976013
Combined Mean-CVaR,2023-10-20,-0.002697565170354029
Combined Mean-CVaR,2023-10-23,0.0031245176683085715
Combined Mean-CVaR,2023-10-24,0.009172934493243506
Combined Mean-CVaR,2023-10-25,-0.007408840890826121
Combined Mean-CVaR,2023-10-26,3.586571775972139e-06
Combined Mean-CVaR,2023-10-27,-0.009504819091609988
Combined Mean-CVaR,2023-10-30,0.005292097229555429
Combined Mean-CVaR,2023-10-31,0.0023912772501488103
Combined Mean-CVaR,2023-11-01,0.006385833752029419
Combined Mean-CVaR,2023-11-02,0.012524085401451723
Combined Mean-CVaR,2023-11-03,0.005011714453008634
Combined Mean-CVaR,2023-11-06,-0.0048300513357280375
Combined Mean-CVaR,2023-11-07,-0.0007401096469528449
Combined Mean-CVaR,2023-11-08,-0.0037517842903165358
Combined Mean-CVaR,2023-11-09,-0.010527177759972563
Combined Mean-CVaR,2023-11-10,0.0061118693134050005
Combined Mean-CVaR,2023-11-13,0.0024116084189881935
Combined Mean-CVaR,2023-11-14,0.01060181087383739
Combined Mean-CVaR,2023-11-15,0.003564984917538146
Combined Mean-CVaR,2023-11-16,-0.01923470876371949
Combined Mean-CVaR,2023-11-17,-0.0012697068465901988
Combined Mean-CVaR,2023-11-20,0.004214389778694164
Combined Mean-CVaR,2023-11-21,-0.00022220684381251841
Combined Mean-CVaR,2023-11-22,-0.0003577723187816581
Combined Mean-CVaR,2023-11-24,0.0033602168548387385
Combined Mean-CVaR,2023-11-27,0.0017961435973218938
Combined Mean-CVaR,2023-11-28,0.005497250208345968
Combined Mean-CVaR,2023-11-29,-0.0006299648559830416
Combined Mean-CVaR,2023-11-30,0.007019177480946173
Combined Mean-CVaR,2023-12-01,0.005239118451820476
Combined Mean-CVaR,2023-12-04,0.0059867282060257695
Combined Mean-CVaR,2023-12-05,0.0036105348215290066
Combined Mean-CVaR,2023-12-06,-0.0016237176887377407
Combined Mean-CVaR,2023-12-07,-0.007103753956813265
Combined Mean-CVaR,2023-12-08,-0.0016610213655543161
Combined Mean-CVaR,2023-12-11,0.002835612111448817
Combined Mean-CVaR,2023-12-12,0.0024793374564415294
Combined Mean-CVaR,2023-12-13,0.02539263784373078
Combined Mean-CVaR,2023-12-14,0.0004071155500869855
Combined Mean-CVaR,2023-12-15,-0.006385599924115971
Combined Mean-CVaR,2023-12-18,0.0021402091299270965
Combined Mean-CVaR,2023-12-19,0.004811164425206597
Combined Mean-CVaR,2023-12-20,-0.012789269322768332
Combined Mean-CVaR,2023-12-21,0.008687459449225334
Combined Mean-CVaR,2023-12-22,0.00990407712092301
Combined Mean-CVaR,2023-12-26,0.0013844849970348163
Combined Mean-CVaR,2023-12-27,0.004612946913750622
Combined Mean-CVaR,2023-12-28,0.0030703792509284163
Combined Mean-CVaR,2023-12-29,-0.0007513958106868707
Combined Min-Variance,2021-01-04,0.003658511351522264
Combined Min-Variance,2021-01-05,0.0011483065104528668
Combined Min-Variance,2021-01-06,0.006011247252298439
Combined Min-Variance,2021-01-07,0.006365818767455851
Combined Min-Variance,2021-01-08,-0.0023332022072705067
Combined Min-Variance,2021-01-11,0.00034409285704895345
Combined Min-Variance,2021-01-12,0.001403125584866252
Combined Min-Variance,2021-01-13,-0.0016742543665743057
Combined Min-Variance,2021-01-14,0.003853922293985622
Combined Min-Variance,2021-01-15,-0.0052571805368604365
Combined Min-Variance,2021-01-19,0.00967955325605344
Combined Min-Variance,2021-01-20,0.015183185945710607
Combined Min-Variance,2021-01-21,-0.009337799071177457
Combined Min-Variance,2021-01-22,-0.0004639611380213296
Combined Min-Variance,2021-01-25,0.0033285629931293975
Combined Min-Variance,2021-01-26,-0.0018420893050249438
Combined Min-Variance,2021-01-27,-0.021704862083256334
Combined Min-Variance,2021-01-28,0.0010658671258095198
Combined Min-Variance,2021-01-29,-0.010431176174996276
Combined Min-Variance,2021-02-01,0.0009384134360252079
Combined Min-Variance,2021-02-02,0.0062813647231105395
Combined Min-Variance,2021-02-03,-0.0025077390854532948
Combined Min-Variance,2021-02-04,0.0023228135426807584
Combined Min-Variance,2021-02-05,0.014733049448363572
Combined Min-Variance,2021-02-08,0.003263936931076268
Combined Min-Variance,2021-02-09,-0.0005924124718094545
Combined Min-Variance,2021-02-10,-0.0071227387178003235
Combined Min-Variance,2021-02-11,-0.004820505807365401
Combined Min-Variance,2021-02-12,0.0041779624351977315
Combined Min-Variance,2021-02-16,-0.009180187334010763
Combined Min-Variance,2021-02-17,0.006702015290260282
Combined Min-Variance,2021-02-18,-0.010986287592910409
Combined Min-Variance,2021-02-19,-0.007202564420409906
Combined Min-Variance,2021-02-22,0.0015835922697363845
Combined Min-Variance,2021-02-23,-0.00694095748764587
Combined Min-Variance,2021-02-24,-0.0010125665364451885
Combined Min-Variance,2021-02-25,-0.009056040564431449
Combined Min-Variance,2021-02-26,-0.017617698187653817
Combined Min-Variance,2021-03-01,0.008808509640318783
Combined Min-Variance,2021-03-02,0.004858763450549233
Combined Min-Variance,2021-03-03,-0.012632736713149257
Combined Min-Variance,2021-03-04,-0.0037203602995738807
Combined Min-Variance,2021-03-05,0.014701840769568873
Combined Min-Variance,2021-03-08,-0.004979338695990317
Combined Min-Variance,2021-03-09,0.006990068201011436
Combined Min-Variance,2021-03-10,0.009851806179371966
Combined Min-Variance,2021-03-11,0.00022315171709164205
Combined Min-Variance,2021-03-12,0.00520846928689289
Combined Min-Variance,2021-03-15,0.014054073838269733
Combined Min-Variance,2021-03-16,0.004662834171409976
Combined Min-Variance,2021-03-17,-0.008296168664575563
Combined Min-Variance,2021-03-18,-0.00731556409525541
Combined Min-Variance,2021-03-19,-0.0012152538833511359
Combined Min-Variance,2021-03-22,0.008778485771792714
Combined Min-Variance,2021-03-23,-0.00016218594173496013
Combined Min-Variance,2021-03-24,-0.005899823132596394
Combined Min-Variance,2021-03-25,0.002495898386404978
Combined Min-Variance,2021-03-26,0.016906107901428657
Combined Min-Variance,2021-03-29,0.010902154995813717
Combined Min-Variance,2021-03-30,-0.009522186972104328
Combined Min-Variance,2021-03-31,0.0010903691132873514
Combined Min-Variance,2021-04-01,0.010683612203520838
Combined Min-Variance,2021-04-05,0.009629017640587954
Combined Min-Variance,2021-04-06,-0.000776304364767423
Combined Min-Variance,2021-04-07,-0.0024540056825741144
Combined Min-Variance,2021-04-08,-0.0004988999195300321
Combined Min-Variance,2021-04-09,0.0035971024358189365
Combined Min-Variance,2021-04-12,-0.00022573766621770505
Combined Min-Variance,2021-04-13,0.005055517272494416
Combined Min-Variance,2021-04-14,-0.003084152688266122
Combined Min-Variance,2021-04-15,0.012407887694796008
Combined Min-Variance,2021-04-16,0.004626494906576988
Combined Min-Variance,2021-04-19,-0.0028762657139731166
Combined Min-Variance,2021-04-20,0.00747762514402894
Combined Min-Variance,2021-04-21,0.007373564362900757
Combined Min-Variance,2021-04-22,-0.007212433298376452
Combined Min-Variance,2021-04-23,0.003391598883499954
Combined Min-Variance,2021-04-26,-0.005459427415835447
Combined Min-Variance,2021-04-27,-0.005762417089008223
Combined Min-Variance,2021-04-28,-0.00010707996703442421
Combined Min-Variance,2021-04-29,-0.0006929875560911282
Combined Min-Variance,2021-04-30,-0.0016878717084898008
Combined Min-Variance,2021-05-03,0.01595918937535024
Combined Min-Variance,2021-05-04,-0.006254237843767117
Combined Min-Variance,2021-05-05,0.006938185165779207
Combined Min-Variance,2021-05-06,0.008945171348837759
Combined Min-Variance,2021-05-07,0.001775513947025351
Combined Min-Variance,2021-05-10,0.0056322801813842105
Combined Min-Variance,2021-05-11,-0.0066821176784126945
Combined Min-Variance,2021-05-12,-0.012309176289216331
Combined Min-Variance,2021-05-13,0.014304042213192305
Combined Min-Variance,2021-05-14,0.004859453606412715
Combined Min-Variance,2021-05-17,0.008365443189870455
Combined Min-Variance,2021-05-18,0.0035917253322728594
Combined Min-Variance,2021-05-19,-0.0005614561052932007
Combined Min-Variance,2021-05-20,0.00829992154787165
Combined Min-Variance,2021-05-21,-0.006062033681503657
Combined Min-Variance,2021-05-24,0.0006564875279259047
Combined Min-Variance,2021-05-25,-0.00548778056313987
Combined Min-Variance,2021-05-26,0.0007980212085327844
Combined Min-Variance,2021-05-27,-0.0053950983690812205
Combined Min-Variance,2021-05-28,0.0032503408667474295
Combined Min-Variance,2021-06-01,-0.0020419907821958238
Combined Min-Variance,2021-06-02,-0.0022371230322488773
Combined Min-Variance,2021-06-03,0.002305273609437093
Combined Min-Variance,2021-06-04,0.00761906328399325
Combined Min-Variance,2021-06-07,-0.0020545539707958254
Combined Min-Variance,2021-06-08,-0.004803756106487383
Combined Min-Variance,2021-06-09,0.0038347290474182736
Combined Min-Variance,2021-06-10,0.009964642263483819
Combined Min-Variance,2021-06-11,-0.0007551049170345322
Combined Min-Variance,2021-06-14,-0.0003632480770546186
Combined Min-Variance,2021-06-15,-0.006043365231097286
Combined Min-Variance,2021-06-16,-0.011337828561068079
Combined Min-Variance,2021-06-17,-0.007731769154545879
Combined Min-Variance,2021-06-18,-0.011243026163434505
Combined Min-Variance,2021-06-21,0.011092208720695284
Combined Min-Variance,2021-06-22,-0.0011644061871736824
Combined Min-Variance,2021-06-23,-0.007429835014273165
Combined Min-Variance,2021-06-24,0.004179440124408154
Combined Min-Variance,2021-06-25,0.0046614468273828745
Combined Min-Variance,2021-06-28,0.003191475039673824
Combined Min-Variance,2021-06-29,-0.0013146817875288176
Combined Min-Variance,2021-06-30,0.01005875847756176
Combined Min-Variance,2021-07-01,-0.0014794173768624512
Combined Min-Variance,2021-07-02,0.005963738913654912
Combined Min-Variance,2021-07-06,-0.0012371836455933257
Combined Min-Variance,2021-07-07,0.00249799241086407
Combined Min-Variance,2021-07-08,-0.007141686471164828
Combined Min-Variance,2021-07-09,0.00758711980886895
Combined Min-Variance,2021-07-12,-0.0005358428340838637
Combined Min-Variance,2021-07-13,0.0014996719657425996
Combined Min-Variance,2021-07-14,0.004564866121838299
Combined Min-Variance,2021-07-15,0.0003200707075486724
Combined Min-Variance,2021-07-16,-0.0029998801391620117
Combined Min-Variance,2021-07-19,-0.010642320079385129
Combined Min-Variance,2021-07-20,0.004860015531787186
Combined Min-Variance,2021-07-21,-0.0024297278210524665
Combined Min-Variance,2021-07-22,0.0016657833014005281
Combined Min-Variance,2021-07-23,0.00843235739625255
Combined Min-Variance,2021-07-26,0.00015595487076317763
Combined Min-Variance,2021-07-27,-0.0014966291594135448
Combined Min-Variance,2021-07-28,0.003227471031252706
Combined Min-Variance,2021-07-29,-0.0005566225542107899
Combined Min-Variance,2021-07-30,-0.0036592800657318588
Combined Min-Variance,2021-08-02,-0.004214809394886887
Combined Min-Variance,2021-08-03,0.0034218615646390777
Combined Min-Variance,2021-08-04,-0.009402677148470533
Combined Min-Variance,2021-08-05,0.0018821205848952986
Combined Min-Variance,2021-08-06,-0.005785974788185772
Combined Min-Variance,2021-08-09,-0.0007235563434361226
Combined Min-Variance,2021-08-10,0.006862512238028498
Combined Min-Variance,2021-08-11,0.006377827070989649
Combined Min-Variance,2021-08-12,0.004148963716987533
Combined Min-Variance,2021-08-13,0.0031284489084165107
Combined Min-Variance,2021-08-16,0.009309099858986642
Combined Min-Variance,2021-08-17,0.0047375427806680475
Combined Min-Variance,2021-08-18,-0.013856132065465683
Combined Min-Variance,2021-08-19,0.0024466556692378425
Combined Min-Variance,2021-08-20,0.004191399871413097
Combined Min-Variance,2021-08-23,0.003139303591490783
Combined Min-Variance,2021-08-24,-0.004839393096826604
Combined Min-Variance,2021-08-25,-0.003982134433776008
Combined Min-Variance,2021-08-26,-0.003692785181535266
Combined Min-Variance,2021-08-27,0.0019008251383164257
Combined Min-Variance,2021-08-30,0.0044205870745269715
Combined Min-Variance,2021-08-31,0.0050088213650557704
Combined Min-Variance,2021-09-01,-0.008870154374623664
Combined Min-Variance,2021-09-02,0.004825850439718981
Combined Min-Variance,2021-09-03,0.0018915573745305963
Combined Min-Variance,2021-09-07,-0.01819781055443376
Combined Min-Variance,2021-09-08,0.003841285301135354
Combined Min-Variance,2021-09-09,-0.014543332877736006
Combined Min-Variance,2021-09-10,-0.0015457412782485845
Combined Min-Variance,2021-09-13,-0.0008699480064789343
Combined Min-Variance,2021-09-14,-0.004526571951537983
Combined Min-Variance,2021-09-15,0.0024893358567475436
Combined Min-Variance,2021-09-16,-0.007310458823669154
Combined Min-Variance,2021-09-17,-0.005746292408834711
Combined Min-Variance,2021-09-20,-0.011062562443096953
Combined Min-Variance,2021-09-21,-0.0007144933661193465
Combined Min-Variance,2021-09-22,-0.0023129333395723417
Combined Min-Variance,2021-09-23,0.002933076714277617
Combined Min-Variance,2021-09-24,0.0006386136112358808
Combined Min-Variance,2021-09-27,-0.0024748725482876452
Combined Min-Variance,2021-09-28,-0.0013670612053084264
Combined Min-Variance,2021-09-29,0.008448693668706467
Combined Min-Variance,2021-09-30,-0.00493874866829271
Combined Min-Variance,2021-10-01,0.004642186449895094
Combined Min-Variance,2021-10-04,-0.0007871687167475017
Combined Min-Variance,2021-10-05,0.0004936876135314776
Combined Min-Variance,2021-10-06,-0.0013111309255758282
Combined Min-Variance,2021-10-07,0.01043084021717444
Combined Min-Variance,2021-10-08,8.55503100487276e-05
Combined Min-Variance,2021-10-11,-0.002713294446170982
Combined Min-Variance,2021-10-12,-0.0015339494996657965
Combined Min-Variance,2021-10-13,0.0037931336675761226
Combined Min-Variance,2021-10-14,0.011262052700989844
Combined Min-Variance,2021-10-15,-0.0022508983473312205
Combined Min-Variance,2021-10-18,-0.004880711204990927
Combined Min-Variance,2021-10-19,0.011772089385005399
Combined Min-Variance,2021-10-20,0.007912727584484922
Combined Min-Variance,2021-10-21,0.004593738459649823
Combined Min-Variance,2021-10-22,0.004755839341775127
Combined Min-Variance,2021-10-25,0.006312246845426537
Combined Min-Variance,2021-10-26,-0.00022940409902801333
Combined Min-Variance,2021-10-27,-0.010640430449188243
Combined Min-Variance,2021-10-28,0.008699348808817873
Combined Min-Variance,2021-10-29,0.0021889667264416847
Combined Min-Variance,2021-11-01,0.003962226116899911
Combined Min-Variance,2021-11-02,0.0059739403512570665
Combined Min-Variance,2021-11-03,0.0033714487676702698
Combined Min-Variance,2021-11-04,0.00349641409163831
Combined Min-Variance,2021-11-05,-0.011620333969689148
Combined Min-Variance,2021-11-08,-0.0040234822837875136
Combined Min-Variance,2021-11-09,0.00364648470288588
Combined Min-Variance,2021-11-10,0.005310435765118697
Combined Min-Variance,2021-11-11,0.004936061818369567
Combined Min-Variance,2021-11-12,0.0018290373846614452
Combined Min-Variance,2021-11-15,-0.005630466867502057
Combined Min-Variance,2021-11-16,-0.009633795209603373
Combined Min-Variance,2021-11-17,-0.0018345753573504537
Combined Min-Variance,2021-11-18,-0.001081661028843129
Combined Min-Variance,2021-11-19,-0.008927924308492352
Combined Min-Variance,2021-11-22,-0.0009478851612340744
Combined Min-Variance,2021-11-23,0.008568427950968287
Combined Min-Variance,2021-11-24,-0.001798025348016691
Combined Min-Variance,2021-11-26,-0.010478119505442177
Combined Min-Variance,2021-11-29,-0.0060572010231875525
Combined Min-Variance,2021-11-30,-0.015461730309512773
Combined Min-Variance,2021-12-01,-0.011897218379808505
Combined Min-Variance,2021-12-02,0.003603521134699447
Combined Min-Variance,2021-12-03,0.012285695848953825
Combined Min-Variance,2021-12-06,0.012209391462473703
Combined Min-Variance,2021-12-07,0.0009377967226338184
Combined Min-Variance,2021-12-08,0.001323428513719051
Combined Min-Variance,2021-12-09,0.0035659090739269517
Combined Min-Variance,2021-12-10,0.00848884381152694
Combined Min-Variance,2021-12-13,0.010719450964355635
Combined Min-Variance,2021-12-14,0.0027454547528075945
Combined Min-Variance,2021-12-15,0.008301145892161176
Combined Min-Variance,2021-12-16,0.012476223512692723
Combined Min-Variance,2021-12-17,-0.012560310521852202
Combined Min-Variance,2021-12-20,0.0036974513005040314
Combined Min-Variance,2021-12-21,-0.001167981809353486
Combined Min-Variance,2021-12-22,0.004664560938271268
Combined Min-Variance,2021-12-23,0.0035345867994874517
Combined Min-Variance,2021-12-27,0.009581743896332323
Combined Min-Variance,2021-12-28,0.004962260783449981
Combined Min-Variance,2021-12-29,0.0036945871974017157
Combined Min-Variance,2021-12-30,0.003029585691809217
Combined Min-Variance,2021-12-31,-0.00042932523373613634
Combined Min-Variance,2022-01-03,-0.0022882173720123354
Combined Min-Variance,2022-01-04,-0.002562406026768398
Combined Min-Variance,2022-01-05,-0.00014125241866293442
Combined Min-Variance,2022-01-06,-0.009172233403100815
Combined Min-Variance,2022-01-07,0.0029771794048042335
Combined Min-Variance,2022-01-10,-0.002247224101037254
Combined Min-Variance,2022-01-11,0.00500229240564356
Combined Min-Variance,2022-01-12,0.004472172937381641
Combined Min-Variance,2022-01-13,-0.0015626304053049072
Combined Min-Variance,2022-01-14,-0.001727692395905869
Combined Min-Variance,2022-01-18,-0.0037547428210158267
Combined Min-Variance,2022-01-19,0.00783665478804611
Combined Min-Variance,2022-01-20,-0.013388155560186198
Combined Min-Variance,2022-01-21,-0.003411058449089756
Combined Min-Variance,2022-01-24,-0.002815029953796584
Combined Min-Variance,2022-01-25,-0.006314375228270986
Combined Min-Variance,2022-01-26,-0.01163107643826982
Combined Min-Variance,2022-01-27,0.0012479874478906851
Combined Min-Variance,2022-01-28,0.008547394684723613
Combined Min-Variance,2022-01-31,0.008401935847456934
Combined Min-Variance,2022-02-01,0.0010510039156358972
Combined Min-Variance,2022-02-02,0.008166768303092974
Combined Min-Variance,2022-02-03,-0.004467490199144797
Combined Min-Variance,2022-02-04,-0.008369249626904678
Combined Min-Variance,2022-02-07,0.00226263059078353
Combined Min-Variance,2022-02-08,-0.0007523063686268615
Combined Min-Variance,2022-02-09,0.0010894827567463508
Combined Min-Variance,2022-02-10,-0.01586627554794684
Combined Min-Variance,2022-02-11,0.0018512032055235678
Combined Min-Variance,2022-02-14,-0.005029169570020921
Combined Min-Variance,2022-02-15,0.0024156559075768406
Combined Min-Variance,2022-02-16,-0.00035150507831423314
Combined Min-Variance,2022-02-17,0.00392078763153604
Combined Min-Variance,2022-02-18,-0.005318926320987678
Combined Min-Variance,2022-02-22,-0.005560316032329997
Combined Min-Variance,2022-02-23,0.0019438598581559897
Combined Min-Variance,2022-02-24,-0.0075317958800398465
Combined Min-Variance,2022-02-25,0.022044441407834195
Combined Min-Variance,2022-02-28,-0.010691654184410045
Combined Min-Variance,2022-03-01,0.0010648268796984205
Combined Min-Variance,2022-03-02,0.010546678689316136
Combined Min-Variance,2022-03-03,0.009112815647511114
Combined Min-Variance,2022-03-04,0.010244836848403332
Combined Min-Variance,2022-03-07,-0.006203781121194206
Combined Min-Variance,2022-03-08,-0.014397099110812106
Combined Min-Variance,2022-03-09,0.005920136307626387
Combined Min-Variance,2022-03-10,0.0013687520453361567
Combined Min-Variance,2022-03-11,-0.0063897213313320175
Combined Min-Variance,2022-03-14,-0.0019758926608971924
Combined Min-Variance,2022-03-15,0.00903598478764106
Combined Min-Variance,2022-03-16,0.003832060464912862
Combined Min-Variance,2022-03-17,0.0121683931476209
Combined Min-Variance,2022-03-18,0.004621314285583893
Combined Min-Variance,2022-03-21,0.0025088782556764847
Combined Min-Variance,2022-03-22,0.0037971928196875904
Combined Min-Variance,2022-03-23,-0.007516108666587809
Combined Min-Variance,2022-03-24,0.006253851035401745
Combined Min-Variance,2022-03-25,0.007168569328005982
Combined Min-Variance,2022-03-28,0.0066942519970080066
Combined Min-Variance,2022-03-29,0.012450873913449297
Combined Min-Variance,2022-03-30,0.0037167793947176214
Combined Min-Variance,2022-03-31,-0.009279790399341332
Combined Min-Variance,2022-04-01,0.009981563777699126
Combined Min-Variance,2022-04-04,0.0013709956800520226
Combined Min-Variance,2022-04-05,-0.00461152027867226
Combined Min-Variance,2022-04-06,0.01355692228344403
Combined Min-Variance,2022-04-07,0.007351034740204639
Combined Min-Variance,2022-04-08,0.0065667666816477
Combined Min-Variance,2022-04-11,-0.01321297982241586
Combined Min-Variance,2022-04-12,-0.0026526237869132743
Combined Min-Variance,2022-04-13,0.004411803398341373
Combined Min-Variance,2022-04-14,0.0026811906254838548
Combined Min-Variance,2022-04-18,-0.006288453053667506
Combined Min-Variance,2022-04-19,0.006052507930469942
Combined Min-Variance,2022-04-20,0.005165071657339036
Combined Min-Variance,2022-04-21,-0.00744671410670065
Combined Min-Variance,2022-04-22,-0.015226807434338418
Combined Min-Variance,2022-04-25,-0.0014160387380950995
Combined Min-Variance,2022-04-26,-0.015510729587060146
Combined Min-Variance,2022-04-27,-0.004177087443399089
Combined Min-Variance,2022-04-28,0.013482502388674687
Combined Min-Variance,2022-04-29,-0.03156668205777839
Combined Min-Variance,2022-05-02,-2.4186974432876062e-05
Combined Min-Variance,2022-05-03,0.0034759995289353946
Combined Min-Variance,2022-05-04,0.018496894599155843
Combined Min-Variance,2022-05-05,-0.014389500775271851
Combined Min-Variance,2022-05-06,-0.011080864031708692
Combined Min-Variance,2022-05-09,-0.013143187793502906
Combined Min-Variance,2022-05-10,-0.006694028758285129
Combined Min-Variance,2022-05-11,0.002555621890278685
Combined Min-Variance,2022-05-12,0.005373971487181366
Combined Min-Variance,2022-05-13,0.006078835713438582
Combined Min-Variance,2022-05-16,0.00628381132411409
Combined Min-Variance,2022-05-17,-0.016138390099351245
Combined Min-Variance,2022-05-18,-0.028118305994142057
Combined Min-Variance,2022-05-19,-0.004144010837342179
Combined Min-Variance,2022-05-20,0.0030672467614993298
Combined Min-Variance,2022-05-23,0.012580202182499394
Combined Min-Variance,2022-05-24,0.01229700655705649
Combined Min-Variance,2022-05-25,0.0024076712880778616
Combined Min-Variance,2022-05-26,0.003246653232968618
Combined Min-Variance,2022-05-27,0.010481291403280453
Combined Min-Variance,2022-05-31,-0.006124765244562845
Combined Min-Variance,2022-06-01,-0.008522667849069045
Combined Min-Variance,2022-06-02,0.0073043854210245686
Combined Min-Variance,2022-06-03,-0.007691735750302103
Combined Min-Variance,2022-06-06,-0.006024719756308833
Combined Min-Variance,2022-06-07,0.006743561237149329
Combined Min-Variance,2022-06-08,-0.010633527334691108
Combined Min-Variance,2022-06-09,-0.01988809833087428
Combined Min-Variance,2022-06-10,-0.006645844912733656
Combined Min-Variance,2022-06-13,-0.025526718933028276
Combined Min-Variance,2022-06-14,-0.008351604486190538
Combined Min-Variance,2022-06-15,0.0052982014099460985
Combined Min-Variance,2022-06-16,-0.00037940834691748527
Combined Min-Variance,2022-06-17,-0.005204809351448547
Combined Min-Variance,2022-06-21,0.025438069467409112
Combined Min-Variance,2022-06-22,0.004345799189852821
Combined Min-Variance,2022-06-23,0.010234708023303275
Combined Min-Variance,2022-06-24,0.014771104795475904
Combined Min-Variance,2022-06-27,-0.004199255495417411
Combined Min-Variance,2022-06-28,-0.013836192850618947
Combined Min-Variance,2022-06-29,-0.000254623248599592
Combined Min-Variance,2022-06-30,-0.009653365105429499
Combined Min-Variance,2022-07-01,0.010284541393391284
Combined Min-Variance,2022-07-05,0.0012557440142641674
Combined Min-Variance,2022-07-06,0.0015632042019437247
Combined Min-Variance,2022-07-07,0.001379423490231878
Combined Min-Variance,2022-07-08,-0.0015093171389552384
Combined Min-Variance,2022-07-11,-0.0019362449079581255
Combined Min-Variance,2022-07-12,-0.006682356856936738
Combined Min-Variance,2022-07-13,-0.0015057292111436626
Combined Min-Variance,2022-07-14,-0.002700640977232825
Combined Min-Variance,2022-07-15,0.011483972914250528
Combined Min-Variance,2022-07-18,-0.012002768212392552
Combined Min-Variance,2022-07-19,0.012313560053197063
Combined Min-Variance,2022-07-20,-0.006513756978453355
Combined Min-Variance,2022-07-21,0.0055848019064435196
Combined Min-Variance,2022-07-22,-0.0018131451019996452
Combined Min-Variance,2022-07-25,-0.011002548603164186
Combined Min-Variance,2022-07-26,-0.003754591045721873
Combined Min-Variance,2022-07-27,0.006544649975048204
Combined Min-Variance,2022-07-28,0.006751650046993099
Combined Min-Variance,2022-07-29,-0.002227590769780191
Combined Min-Variance,2022-08-01,-0.005757877749967482
Combined Min-Variance,2022-08-02,-0.005151783701804882
Combined Min-Variance,2022-08-03,0.010042671524043464
Combined Min-Variance,2022-08-04,-0.005601795443313606
Combined Min-Variance,2022-08-05,-0.002654851369768911
Combined Min-Variance,2022-08-08,0.005835402915908673
Combined Min-Variance,2022-08-09,0.0032239312643905934
Combined Min-Variance,2022-08-10,0.009038992990868565
Combined Min-Variance,2022-08-11,-0.0015127491263918758
Combined Min-Variance,2022-08-12,0.01563662233868778
Combined Min-Variance,2022-08-15,0.0076356975209205735
Combined Min-Variance,2022-08-16,0.014726449628366499
Combined Min-Variance,2022-08-17,-0.00774419209847523
Combined Min-Variance,2022-08-18,-0.004474174049387956
Combined Min-Variance,2022-08-19,-0.0062637780126573745
Combined Min-Variance,2022-08-22,-0.013832758879998443
Combined Min-Variance,2022-08-23,-0.004906540692645005
Combined Min-Variance,2022-08-24,-0.000772187234043102
Combined Min-Variance,2022-08-25,0.008668890686995959
Combined Min-Variance,2022-08-26,-0.025328663818208107
Combined Min-Variance,2022-08-29,-0.007346294982784721
Combined Min-Variance,2022-08-30,-0.008347340379738145
Combined Min-Variance,2022-08-31,-0.0034701809939371533
Combined Min-Variance,2022-09-01,0.013394813146128264
Combined Min-Variance,2022-09-02,-0.012530214681828236
Combined Min-Variance,2022-09-06,-0.0033617101383545747
Combined Min-Variance,2022-09-07,0.018066849391751086
Combined Min-Variance,2022-09-08,0.003290818042052517
Combined Min-Variance,2022-09-09,0.010427163094423616
Combined Min-Variance,2022-09-12,0.013876204336675043
Combined Min-Variance,2022-09-13,-0.02707029217049168
Combined Min-Variance,2022-09-14,0.0005649986064025265
Combined Min-Variance,2022-09-15,-0.007590184022701185
Combined Min-Variance,2022-09-16,0.0024130881961137705
Combined Min-Variance,2022-09-19,0.002848339109445697
Combined Min-Variance,2022-09-20,-0.013241229627962838
Combined Min-Variance,2022-09-21,-0.010948586830711394
Combined Min-Variance,2022-09-22,0.0018625442647509582
Combined Min-Variance,2022-09-23,-0.015732894673792668
Combined Min-Variance,2022-09-26,-0.006310916807422073
Combined Min-Variance,2022-09-27,-0.0026329986049964524
Combined Min-Variance,2022-09-28,0.021560993746447033
Combined Min-Variance,2022-09-29,-0.012386336779276289
Combined Min-Variance,2022-09-30,-0.017031550774785572
Combined Min-Variance,2022-10-03,0.023214785636113015
Combined Min-Variance,2022-10-04,0.021545697731208006
Combined Min-Variance,2022-10-05,-0.004084291034167093
Combined Min-Variance,2022-10-06,-0.008432592987394794
Combined Min-Variance,2022-10-07,-0.018530523656309167
Combined Min-Variance,2022-10-10,0.003345824235944794
Combined Min-Variance,2022-10-11,0.008449068565607579
Combined Min-Variance,2022-10-12,-0.004765733693836943
Combined Min-Variance,2022-10-13,0.01810475002771049
Combined Min-Variance,2022-10-14,-0.009915133127156856
Combined Min-Variance,2022-10-17,0.010887546840402437
Combined Min-Variance,2022-10-18,0.01337761237669921
Combined Min-Variance,2022-10-19,-0.010275337915806733
Combined Min-Variance,2022-10-20,0.0010987637658713357
Combined Min-Variance,2022-10-21,0.022291545225652472
Combined Min-Variance,2022-10-24,0.012858004140592686
Combined Min-Variance,2022-10-25,0.008491429109514212
Combined Min-Variance,2022-10-26,0.011753787618452489
Combined Min-Variance,2022-10-27,-0.0011552607464316883
Combined Min-Variance,2022-10-28,0.022179017894630053
Combined Min-Variance,2022-10-31,-0.008283238295025972
Combined Min-Variance,2022-11-01,-0.0035395007517213762
Combined Min-Variance,2022-11-02,-0.017720555954246243
Combined Min-Variance,2022-11-03,-0.006947522504970687
Combined Min-Variance,2022-11-04,0.015157969405953108
Combined Min-Variance,2022-11-07,0.009475959549927797
Combined Min-Variance,2022-11-08,0.005813263040929202
Combined Min-Variance,2022-11-09,-0.010835541122751046
Combined Min-Variance,2022-11-10,0.029303462104498607
Combined Min-Variance,2022-11-11,-0.000717442661877822
Combined Min-Variance,2022-11-14,-0.005619727772428976
Combined Min-Variance,2022-11-15,0.011477135628448393
Combined Min-Variance,2022-11-16,-0.0009567166668184337
Combined Min-Variance,2022-11-17,0.0001391965019698997
Combined Min-Variance,2022-11-18,0.010604620687998372
Combined Min-Variance,2022-11-21,0.005398283070009124
Combined Min-Variance,2022-11-22,0.0115848726766988
Combined Min-Variance,2022-11-23,0.0025818137922099626
Combined Min-Variance,2022-11-25,0.0016027362749893607
Combined Min-Variance,2022-11-28,-0.01051069001795195
Combined Min-Variance,2022-11-29,0.004728032108563552
Combined Min-Variance,2022-11-30,0.017014045093193236
Combined Min-Variance,2022-12-01,0.004012244777021748
Combined Min-Variance,2022-12-02,0.005688105442109208
Combined Min-Variance,2022-12-05,-0.01139492451790977
Combined Min-Variance,2022-12-06,-0.008783497627640129
Combined Min-Variance,2022-12-07,0.003353176111033065
Combined Min-Variance,2022-12-08,0.00541594020280373
Combined Min-Variance,2022-12-09,-0.01485003993025386
Combined Min-Variance,2022-12-12,0.009845504271703633
Combined Min-Variance,2022-12-13,0.004202383713469785
Combined Min-Variance,2022-12-14,-0.0009392349250331204
Combined Min-Variance,2022-12-15,-0.017735916326197535
Combined Min-Variance,2022-12-16,-0.007978382940568247
Combined Min-Variance,2022-12-19,-0.002321816263116329
Combined Min-Variance,2022-12-20,0.0012610362636698656
Combined Min-Variance,2022-12-21,0.010132914560321742
Combined Min-Variance,2022-12-22,-0.004397565670561652
Combined Min-Variance,2022-12-23,0.001514033400910981
Combined Min-Variance,2022-12-27,0.002083889016506939
Combined Min-Variance,2022-12-28,-0.012364987535147297
Combined Min-Variance,2022-12-29,0.007881805104922836
Combined Min-Variance,2022-12-30,-0.0009432623288868934
Combined Min-Variance,2023-01-03,0.007393217553762392
Combined Min-Variance,2023-01-04,0.011597498581512324
Combined Min-Variance,2023-01-05,-0.0029812847727020446
Combined Min-Variance,2023-01-06,0.01792055368231662
Combined Min-Variance,2023-01-09,-0.015451825956062107
Combined Min-Variance,2023-01-10,0.003628219918969231
Combined Min-Variance,2023-01-11,0.003196712050083502
Combined Min-Variance,2023-01-12,-0.004604474912625578
Combined Min-Variance,2023-01-13,0.0037111143850188637
Combined Min-Variance,2023-01-17,-0.011060093287807044
Combined Min-Variance,2023-01-18,-0.019647217169144894
Combined Min-Variance,2023-01-19,-0.0032768474507475407
Combined Min-Variance,2023-01-20,0.009587491568872316
Combined Min-Variance,2023-01-23,0.006912925451894266
Combined Min-Variance,2023-01-24,-0.004376100301670876
Combined Min-Variance,2023-01-25,0.0019140278409558655
Combined Min-Variance,2023-01-26,-0.0021805016798258224
Combined Min-Variance,2023-01-27,-0.0007547599117960885
Combined Min-Variance,2023-01-30,-0.00468779069351836
Combined Min-Variance,2023-01-31,0.010484191952921586
Combined Min-Variance,2023-02-01,-0.007989841821454288
Combined Min-Variance,2023-02-02,-0.010939591419249505
Combined Min-Variance,2023-02-03,-0.009249996976248802
Combined Min-Variance,2023-02-06,-0.00487216910856572
Combined Min-Variance,2023-02-07,0.007511937841062398
Combined Min-Variance,2023-02-08,-0.005454367772262974
Combined Min-Variance,2023-02-09,0.000844524169119374
Combined Min-Variance,2023-02-10,0.0111970248945418
Combined Min-Variance,2023-02-13,0.011230815387630665
Combined Min-Variance,2023-02-14,-0.009995197912655367
Combined Min-Variance,2023-02-15,-0.00045992975109994616
Combined Min-Variance,2023-02-16,-0.012724423541824001
Combined Min-Variance,2023-02-17,0.01105870227634944
Combined Min-Variance,2023-02-21,-0.002420785866101642
Combined Min-Variance,2023-02-22,-0.009854757651922636
Combined Min-Variance,2023-02-23,-0.0020755288763815534
Combined Min-Variance,2023-02-24,-0.006250593408243694
Combined Min-Variance,2023-02-27,0.0012068026443425594
Combined Min-Variance,2023-02-28,-0.0031993139434239523
Combined Min-Variance,2023-03-01,-0.0025487692470006966
Combined Min-Variance,2023-03-02,0.005869493650086739
Combined Min-Variance,2023-03-03,0.007483315404168907
Combined Min-Variance,2023-03-06,0.0036630776393810436
Combined Min-Variance,2023-03-07,-0.01154975780908546
Combined Min-Variance,2023-03-08,-0.007830557377123739
Combined Min-Variance,2023-03-09,-0.012284302032706322
Combined Min-Variance,2023-03-10,-0.002424963355350141
Combined Min-Variance,2023-03-13,0.00911752436156385
Combined Min-Variance,2023-03-14,0.008283203895382904
Combined Min-Variance,2023-03-15,0.005466824465399288
Combined Min-Variance,2023-03-16,0.004773715468872591
Combined Min-Variance,2023-03-17,-0.0034659972760817492
Combined Min-Variance,2023-03-20,0.010691717337617253
Combined Min-Variance,2023-03-21,-0.0023250567299275566
Combined Min-Variance,2023-03-22,-0.01369597658651229
Combined Min-Variance,2023-03-23,0.008951496216596497
Combined Min-Variance,2023-03-24,0.012837292579115542
Combined Min-Variance,2023-03-27,0.004541536722196067
Combined Min-Variance,2023-03-28,-0.0007587636517571438
Combined Min-Variance,2023-03-29,0.0048292573493692575
Combined Min-Variance,2023-03-30,0.004684969054583113
Combined Min-Variance,2023-03-31,0.011877926354623515
Combined Min-Variance,2023-04-03,0.00833709115767589
Combined Min-Variance,2023-04-04,0.0019247334822167712
Combined Min-Variance,2023-04-05,0.012187544931269147
Combined Min-Variance,2023-04-06,0.0009520451382677811
Combined Min-Variance,2023-04-10,-0.0012429236360636383
Combined Min-Variance,2023-04-11,-0.0010990199848194514
Combined Min-Variance,2023-04-12,0.0003153184594952134
Combined Min-Variance,2023-04-13,0.010183500842855695
Combined Min-Variance,2023-04-14,-0.007948508451127724
Combined Min-Variance,2023-04-17,0.0020612085877833967
Combined Min-Variance,2023-04-18,-7.476719248741828e-05
Combined Min-Variance,2023-04-19,-0.0010873401952761436
Combined Min-Variance,2023-04-20,-0.00024849627672816183
Combined Min-Variance,2023-04-21,0.005861902442663699
Combined Min-Variance,2023-04-24,0.004409798046380438
Combined Min-Variance,2023-04-25,-0.0029573243096192255
Combined Min-Variance,2023-04-26,-0.01765669913467638
Combined Min-Variance,2023-04-27,-0.00041369121301921874
Combined Min-Variance,2023-04-28,0.0008145003207260897
Combined Min-Variance,2023-05-01,0.0015048824780943717
Combined Min-Variance,2023-05-02,-0.005523286609539692
Combined Min-Variance,2023-05-03,-0.00688525828205742
Combined Min-Variance,2023-05-04,-0.0005786018191542047
Combined Min-Variance,2023-05-05,0.008239172205389157
Combined Min-Variance,2023-05-08,-0.0008815632998235695
Combined Min-Variance,2023-05-09,-0.0031745745558012595
Combined Min-Variance,2023-05-10,-0.002205548074284053
Combined Min-Variance,2023-05-11,-0.001924049480424453
Combined Min-Variance,2023-05-12,-0.0003429117780197775
Combined Min-Variance,2023-05-15,-0.001512804267143754
Combined Min-Variance,2023-05-16,-0.013396432998685148
Combined Min-Variance,2023-05-17,-8.715179473319099e-05
Combined Min-Variance,2023-05-18,0.002597491341571885
Combined Min-Variance,2023-05-19,0.001015842096172707
Combined Min-Variance,2023-05-22,-0.004419312681647423
Combined Min-Variance,2023-05-23,-0.006171965650018813
Combined Min-Variance,2023-05-24,-0.006406708984972551
Combined Min-Variance,2023-05-25,-0.011029080273514284
Combined Min-Variance,2023-05-26,-4.6721951858215676e-05
Combined Min-Variance,2023-05-30,-0.00623176021726997
Combined Min-Variance,2023-05-31,0.0038566949249613717
Combined Min-Variance,2023-06-01,0.0013158970141765674
Combined Min-Variance,2023-06-02,0.01607926982768904
Combined Min-Variance,2023-06-05,-0.003703304028713287
Combined Min-Variance,2023-06-06,-0.007549870597856398
Combined Min-Variance,2023-06-07,0.0023935981686307433
Combined Min-Variance,2023-06-08,0.010099100781408826
Combined Min-Variance,2023-06-09,-0.0014214344572305458
Combined Min-Variance,2023-06-12,0.0017088667334075483
Combined Min-Variance,2023-06-13,0.006534215122409498
Combined Min-Variance,2023-06-14,-0.00010371574571895498
Combined Min-Variance,2023-06-15,0.008842365913945273
Combined Min-Variance,2023-06-16,0.0024935614380175793
Combined Min-Variance,2023-06-20,-0.008865280439489791
Combined Min-Variance,2023-06-21,-0.001927476055234244
Combined Min-Variance,2023-06-22,0.004702431634020034
Combined Min-Variance,2023-06-23,-0.003687777763305989
Combined Min-Variance,2023-06-26,0.0008074507988605294
Combined Min-Variance,2023-06-27,-0.0003291226571769831
Combined Min-Variance,2023-06-28,-0.0035127208437177606
Combined Min-Variance,2023-06-29,0.0013365764787990509
Combined Min-Variance,2023-06-30,0.01131093564821318
Combined Min-Variance,2023-07-03,0.0035992469681838017
Combined Min-Variance,2023-07-05,-0.0020604263035949063
Combined Min-Variance,2023-07-06,-0.008557774572988047
Combined Min-Variance,2023-07-07,-0.01273408442071219
Combined Min-Variance,2023-07-10,0.005367631086173148
Combined Min-Variance,2023-07-11,0.011887902750815362
Combined Min-Variance,2023-07-12,0.00152550708420823
Combined Min-Variance,2023-07-13,0.0012087012838786536
Combined Min-Variance,2023-07-14,0.004359142879825465
Combined Min-Variance,2023-07-17,-0.004329938037339378
Combined Min-Variance,2023-07-18,0.0031312624218573165
Combined Min-Variance,2023-07-19,0.004401674551075018
Combined Min-Variance,2023-07-20,0.007971657123952577
Combined Min-Variance,2023-07-21,0.0073687341452503404
Combined Min-Variance,2023-07-24,-0.0033109184747372672
Combined Min-Variance,2023-07-25,0.0005361919323027695
Combined Min-Variance,2023-07-26,0.0024069507647795137
Combined Min-Variance,2023-07-27,-0.005117857602910753
Combined Min-Variance,2023-07-28,0.004564357571968216
Combined Min-Variance,2023-07-31,-0.002477359117807398
Combined Min-Variance,2023-08-01,-0.008334980219886568
Combined Min-Variance,2023-08-02,-0.009969682543852557
Combined Min-Variance,2023-08-03,-0.0034715888916790447
Combined Min-Variance,2023-08-04,-0.004080365715952617
Combined Min-Variance,2023-08-07,0.011137411622939516
Combined Min-Variance,2023-08-08,-0.004493065152502881
Combined Min-Variance,2023-08-09,0.0013609295623202534
Combined Min-Variance,2023-08-10,-0.0010034829238543927
Combined Min-Variance,2023-08-11,0.006281151231132129
Combined Min-Variance,2023-08-14,-0.0023918543971817403
Combined Min-Variance,2023-08-15,-0.008417957858860224
Combined Min-Variance,2023-08-16,-0.003936056829305253
Combined Min-Variance,2023-08-17,-0.009601231286145455
Combined Min-Variance,2023-08-18,0.0015991046051054914
Combined Min-Variance,2023-08-21,-0.00047356527913862574
Combined Min-Variance,2023-08-22,-0.003062364792209748
Combined Min-Variance,2023-08-23,0.010950083233152176
Combined Min-Variance,2023-08-24,-0.008752377770004545
Combined Min-Variance,2023-08-25,0.002680786263253103
Combined Min-Variance,2023-08-28,0.006039039842193631
Combined Min-Variance,2023-08-29,0.008518356955791282
Combined Min-Variance,2023-08-30,0.0015081773982902498
Combined Min-Variance,2023-08-31,-0.004313706331730039
Combined Min-Variance,2023-09-01,-8.822852572709026e-05
Combined Min-Variance,2023-09-05,-0.010620880924140649
Combined Min-Variance,2023-09-06,-0.0024240914631003785
Combined Min-Variance,2023-09-07,0.006348117060911968
Combined Min-Variance,2023-09-08,0.00599261567934514
Combined Min-Variance,2023-09-11,0.00576322622481064
Combined Min-Variance,2023-09-12,-0.003024960725175088
Combined Min-Variance,2023-09-13,0.00015950597988750436
Combined Min-Variance,2023-09-14,0.010189380123679764
Combined Min-Variance,2023-09-15,-0.007381271787451591
Combined Min-Variance,2023-09-18,-0.00038370700367022266
Combined Min-Variance,2023-09-19,-0.0004322970195304336
Combined Min-Variance,2023-09-20,0.0014101004588630676
Combined Min-Variance,2023-09-21,-0.011654370275231168
Combined Min-Variance,2023-09-22,-9.343623845456265e-05
Combined Min-Variance,2023-09-25,-0.00046485807162595643
Combined Min-Variance,2023-09-26,-0.0059209890979248095
Combined Min-Variance,2023-09-27,-0.009038601209171994
Combined Min-Variance,2023-09-28,0.0016455006663549205
Combined Min-Variance,2023-09-29,-0.006661356842465312
Combined Min-Variance,2023-10-02,-0.009660226169674381
Combined Min-Variance,2023-10-03,-0.008344953907121968
Combined Min-Variance,2023-10-04,0.007491411196790837
Combined Min-Variance,2023-10-05,-0.003212916222818672
Combined Min-Variance,2023-10-06,0.005545727793393906
Combined Min-Variance,2023-10-09,0.004345177017264361
Combined Min-Variance,2023-10-10,0.011217050283239932
Combined Min-Variance,2023-10-11,0.004712991127295799
Combined Min-Variance,2023-10-12,-0.0022620432087027665
Combined Min-Variance,2023-10-13,0.0035614744880094547
Combined Min-Variance,2023-10-16,0.007347148562236431
Combined Min-Variance,2023-10-17,0.006031591086631783
Combined Min-Variance,2023-10-18,-0.00872658998747627
Combined Min-Variance,2023-10-19,-0.010561558226155548
Combined Min-Variance,2023-10-20,-0.0032097193959877974
Combined Min-Variance,2023-10-23,-0.002425959405264812
Combined Min-Variance,2023-10-24,0.011263843589165465
Combined Min-Variance,2023-10-25,-0.0082211790486574
Combined Min-Variance,2023-10-26,-0.0016812044823492128
Combined Min-Variance,2023-10-27,-0.011294940319869523
Combined Min-Variance,2023-10-30,0.008365229809973531
Combined Min-Variance,2023-10-31,0.0024043923813971057
Combined Min-Variance,2023-11-01,0.005636988923327294
Combined Min-Variance,2023-11-02,0.01256629624645977
Combined Min-Variance,2023-11-03,0.0036930393632047366
Combined Min-Variance,2023-11-06,-0.004121163060540887
Combined Min-Variance,2023-11-07,-0.0007947080374205933
Combined Min-Variance,2023-11-08,-0.0068211404130372535
Combined Min-Variance,2023-11-09,-0.013001279572792849
Combined Min-Variance,2023-11-10,0.005760004963786186
Combined Min-Variance,2023-11-13,0.0027413086191907044
Combined Min-Variance,2023-11-14,0.010097292061068566
Combined Min-Variance,2023-11-15,0.004132953882915359
Combined Min-Variance,2023-11-16,-0.015930734131871776
Combined Min-Variance,2023-11-17,-0.00042240090584943476
Combined Min-Variance,2023-11-20,0.004606092000290535
Combined Min-Variance,2023-11-21,0.0017013493660858034
Combined Min-Variance,2023-11-22,0.0004940389957882225
Combined Min-Variance,2023-11-24,0.0027854108076937763
Combined Min-Variance,2023-11-27,0.002234483459421099
Combined Min-Variance,2023-11-28,0.0051258138436325205
Combined Min-Variance,2023-11-29,0.00043315485747221665
Combined Min-Variance,2023-11-30,0.008769096998050604
Combined Min-Variance,2023-12-01,0.006133874505319963
Combined Min-Variance,2023-12-04,0.004080660379303866
Combined Min-Variance,2023-12-05,0.003057235660849718
Combined Min-Variance,2023-12-06,-0.0013611600440094809
Combined Min-Variance,2023-12-07,-0.004158137035893043
Combined Min-Variance,2023-12-08,-0.00017836279029463024
Combined Min-Variance,2023-12-11,0.004794203877421755
Combined Min-Variance,2023-12-12,0.0025852146809368414
Combined Min-Variance,2023-12-13,0.021478868844008223
Combined Min-Variance,2023-12-14,3.875855649498986e-05
Combined Min-Variance,2023-12-15,-0.006575194349610861
Combined Min-Variance,2023-12-18,0.001929150964753785
Combined Min-Variance,2023-12-19,0.004316221055422907
Combined Min-Variance,2023-12-20,-0.013510763912537378
Combined Min-Variance,2023-12-21,0.008230872327984475
Combined Min-Variance,2023-12-22,0.00932638880578575
Combined Min-Variance,2023-12-26,0.0009118683403508404
Combined Min-Variance,2023-12-27,0.004324614545897513
Combined Min-Variance,2023-12-28,0.0014908716486303514
Combined Min-Variance,2023-12-29,-0.0004595553516593321
Combined Risk-Parity,2021-01-04,-0.005491585728967277
Combined Risk-Parity,2021-01-05,0.012951141573721632
Combined Risk-Parity,2021-01-06,0.02902526333750633
Combined Risk-Parity,2021-01-07,0.009462914846461975
Combined Risk-Parity,2021-01-08,0.0017895501773505453
Combined Risk-Parity,2021-01-11,-0.016062287155957564
Combined Risk-Parity,2021-01-12,-0.0026516503603919587
Combined Risk-Parity,2021-01-13,0.010015389501439438
Combined Risk-Parity,2021-01-14,0.004153710058190527
Combined Risk-Parity,2021-01-15,-0.01106255513444974
Combined Risk-Parity,2021-01-19,0.007223657458564585
Combined Risk-Parity,2021-01-20,0.007974482393470242
Combined Risk-Parity,2021-01-21,-0.020840703738361496
Combined Risk-Parity,2021-01-22,0.004919370409233212
Combined Risk-Parity,2021-01-25,0.0003354481101376103
Combined Risk-Parity,2021-01-26,-0.0035498387814634044
Combined Risk-Parity,2021-01-27,-0.030911375230474634
Combined Risk-Parity,2021-01-28,0.019249426984141234
Combined Risk-Parity,2021-01-29,-0.007521956674269437
Combined Risk-Parity,2021-02-01,0.008630135831515819
Combined Risk-Parity,2021-02-02,0.018139408276704974
Combined Risk-Parity,2021-02-03,0.003885630037607105
Combined Risk-Parity,2021-02-04,0.004548428167462371
Combined Risk-Parity,2021-02-05,0.016231839522058547
Combined Risk-Parity,2021-02-08,0.018343173888150918
Combined Risk-Parity,2021-02-09,0.005189158101948786
Combined Risk-Parity,2021-02-10,0.004296151986269747
Combined Risk-Parity,2021-02-11,0.007981363966063637
Combined Risk-Parity,2021-02-12,0.009211643319143554
Combined Risk-Parity,2021-02-16,-0.002773959794124946
Combined Risk-Parity,2021-02-17,0.007200632773951051
Combined Risk-Parity,2021-02-18,-0.0035050299543258326
Combined Risk-Parity,2021-02-19,0.004073653833216762
Combined Risk-Parity,2021-02-22,-0.006908628846708782
Combined Risk-Parity,2021-02-23,-0.01849032343386119
Combined Risk-Parity,2021-02-24,0.012890543562322958
Combined Risk-Parity,2021-02-25,-0.020336447266417708
Combined Risk-Parity,2021-02-26,-0.011928305293532115
Combined Risk-Parity,2021-03-01,0.02335765903966145
Combined Risk-Parity,2021-03-02,-0.0030817201804624436
Combined Risk-Parity,2021-03-03,-0.004624180152852889
Combined Risk-Parity,2021-03-04,-0.00865426106297987
Combined Risk-Parity,2021-03-05,0.014255490047047039
Combined Risk-Parity,2021-03-08,0.0024932300260996345
Combined Risk-Parity,2021-03-09,0.012073898525125757
Combined Risk-Parity,2021-03-10,0.004427669246382788
Combined Risk-Parity,2021-03-11,0.004487374712606154
Combined Risk-Parity,2021-03-12,0.0034879627079134026
Combined Risk-Parity,2021-03-15,0.0030621461803830726
Combined Risk-Parity,2021-03-16,0.006592117163739372
Combined Risk-Parity,2021-03-17,0.003318032311280008
Combined Risk-Parity,2021-03-18,-0.01259642361782147
Combined Risk-Parity,2021-03-19,-0.0014370683837000545
Combined Risk-Parity,2021-03-22,0.0030225108489750395
Combined Risk-Parity,2021-03-23,-0.004305991861218032
Combined Risk-Parity,2021-03-24,-0.011235690799193286
Combined Risk-Parity,2021-03-25,0.005094250427582502
Combined Risk-Parity,2021-03-26,0.026975828024512084
Combined Risk-Parity,2021-03-29,0.007214260449037329
Combined Risk-Parity,2021-03-30,-0.003062526503671854
Combined Risk-Parity,2021-03-31,0.007375285084583769
Combined Risk-Parity,2021-04-01,0.013295795110079207
Combined Risk-Parity,2021-04-05,0.018323088697640773
Combined Risk-Parity,2021-04-06,0.004027974560200091
Combined Risk-Parity,2021-04-07,-0.009466551896998894
Combined Risk-Parity,2021-04-08,0.0060726360893705
Combined Risk-Parity,2021-04-09,-0.0004861220705195671
Combined Risk-Parity,2021-04-12,2.9621953626404588e-05
Combined Risk-Parity,2021-04-13,0.01435442654948803
Combined Risk-Parity,2021-04-14,0.003654136251729258
Combined Risk-Parity,2021-04-15,0.01662933440874246
Combined Risk-Parity,2021-04-16,0.008735175906199858
Combined Risk-Parity,2021-04-19,-0.010051756819921492
Combined Risk-Parity,2021-04-20,-0.0006929992516714488
Combined Risk-Parity,2021-04-21,0.003449562486881331
Combined Risk-Parity,2021-04-22,-0.01276143052799584
Combined Risk-Parity,2021-04-23,0.004613597780015024
Combined Risk-Parity,2021-04-26,0.015845744305776326
Combined Risk-Parity,2021-04-27,0.004718800136501833
Combined Risk-Parity,2021-04-28,-0.0005539264685226156
Combined Risk-Parity,2021-04-29,0.005582001887147249
Combined Risk-Parity,2021-04-30,0.003994098124252964
Combined Risk-Parity,2021-05-03,0.012648934978017964
Combined Risk-Parity,2021-05-04,-0.0051145012845585525
Combined Risk-Parity,2021-05-05,0.028522400666949336
Combined Risk-Parity,2021-05-06,0.01726498853214883
Combined Risk-Parity,2021-05-07,0.003545679587639495
Combined Risk-Parity,2021-05-10,-0.009139135269615937
Combined Risk-Parity,2021-05-11,0.0059142495467608275
Combined Risk-Parity,2021-05-12,-0.032927250086098744
Combined Risk-Parity,2021-05-13,0.014937611920984643
Combined Risk-Parity,2021-05-14,0.016025636050150328
Combined Risk-Parity,2021-05-17,-0.004701818690244686
Combined Risk-Parity,2021-05-18,-0.0044794724605251215
Combined Risk-Parity,2021-05-19,-0.03485192273402434
Combined Risk-Parity,2021-05-20,0.023731353010570923
Combined Risk-Parity,2021-05-21,-0.014004359706115431
Combined Risk-Parity,2021-05-24,0.030864726582335956
Combined Risk-Parity,2021-05-25,-0.00434464598810092
Combined Risk-Parity,2021-05-26,0.009998254998060625
Combined Risk-Parity,2021-05-27,-0.0029989223331585387
Combined Risk-Parity,2021-05-28,-0.006163991351866545
Combined Risk-Parity,2021-06-01,0.00014787980613036966
Combined Risk-Parity,2021-06-02,0.003886068902579117
Combined Risk-Parity,2021-06-03,0.004668325945245226
Combined Risk-Parity,2021-06-04,-0.00015228681236970282
Combined Risk-Parity,2021-06-07,-0.009150685964781491
Combined Risk-Parity,2021-06-08,-0.003317418622840304
Combined Risk-Parity,2021-06-09,0.0046330984401315115
Combined Risk-Parity,2021-06-10,0.000420168893836136
Combined Risk-Parity,2021-06-11,-0.003549315317844467
Combined Risk-Parity,2021-06-14,0.0004661198802381607
Combined Risk-Parity,2021-06-15,-0.001522442402773898
Combined Risk-Parity,2021-06-16,-0.01457852768332132
Combined Risk-Parity,2021-06-17,-0.005239782106017598
Combined Risk-Parity,2021-06-18,-0.017982777983913338
Combined Risk-Parity,2021-06-21,-0.004029433062130437
Combined Risk-Parity,2021-06-22,-0.002370619317597073
Combined Risk-Parity,2021-06-23,0.0037347079024466945
Combined Risk-Parity,2021-06-24,0.012109120560632585
Combined Risk-Parity,2021-06-25,-0.0005560404597446609
Combined Risk-Parity,2021-06-28,0.00203785531076844
Combined Risk-Parity,2021-06-29,0.006658999605407089
Combined Risk-Parity,2021-06-30,0.004712194839494683
Combined Risk-Parity,2021-07-01,-3.937731534056795e-05
Combined Risk-Parity,2021-07-02,0.004634633325563121
Combined Risk-Parity,2021-07-06,-0.004106381991984161
Combined Risk-Parity,2021-07-07,-0.00017333038768219618
Combined Risk-Parity,2021-07-08,-0.010869170112985107
Combined Risk-Parity,2021-07-09,0.012411763649017794
Combined Risk-Parity,2021-07-12,0.0011763638230057273
Combined Risk-Parity,2021-07-13,-0.005975253006349956
Combined Risk-Parity,2021-07-14,0.0008131032144656447
Combined Risk-Parity,2021-07-15,-0.003455864458373754
Combined Risk-Parity,2021-07-16,-0.008426700930707865
Combined Risk-Parity,2021-07-19,-0.01819661283337471
Combined Risk-Parity,2021-07-20,0.00464550221754863
Combined Risk-Parity,2021-07-21,0.013757262155219656
Combined Risk-Parity,2021-07-22,0.002553383072290545
Combined Risk-Parity,2021-07-23,0.00859649987282634
Combined Risk-Parity,2021-07-26,0.005816520190096972
Combined Risk-Parity,2021-07-27,0.0010335845543012743
Combined Risk-Parity,2021-07-28,0.004230546265714624
Combined Risk-Parity,2021-07-29,0.006137486793075368
Combined Risk-Parity,2021-07-30,-0.0012611130813605135
Combined Risk-Parity,2021-08-02,-0.001193291203018431
Combined Risk-Parity,2021-08-03,0.00293811627960675
Combined Risk-Parity,2021-08-04,-0.0037803227083489776
Combined Risk-Parity,2021-08-05,0.005112963881775467
Combined Risk-Parity,2021-08-06,0.0034232894080163034
Combined Risk-Parity,2021-08-09,0.0030871228568780367
Combined Risk-Parity,2021-08-10,0.006018810621710753
Combined Risk-Parity,2021-08-11,0.01272721873020942
Combined Risk-Parity,2021-08-12,-3.95974610143396e-05
Combined Risk-Parity,2021-08-13,0.011295771442282814
Combined Risk-Parity,2021-08-16,-0.00296881375156344
Combined Risk-Parity,2021-08-17,-0.008295337141164311
Combined Risk-Parity,2021-08-18,-0.01045219879337718
Combined Risk-Parity,2021-08-19,0.0033655337009720824
Combined Risk-Parity,2021-08-20,0.008172997653217773
Combined Risk-Parity,2021-08-23,0.00892074126636819
Combined Risk-Parity,2021-08-24,-0.0060403860607885565
Combined Risk-Parity,2021-08-25,0.0009440355709513771
Combined Risk-Parity,2021-08-26,-0.011248088582406413
Combined Risk-Parity,2021-08-27,0.014669136676176647
Combined Risk-Parity,2021-08-30,-0.0025707225527026064
Combined Risk-Parity,2021-08-31,0.003956742711455612
Combined Risk-Parity,2021-09-01,0.003806834949666473
Combined Risk-Parity,2021-09-02,0.00650569386076261
Combined Risk-Parity,2021-09-03,0.001986377727548006
Combined Risk-Parity,2021-09-07,-0.025220118979005265
Combined Risk-Parity,2021-09-08,2.6243629374867258e-05
Combined Risk-Parity,2021-09-09,-0.007007652984958254
Combined Risk-Parity,2021-09-10,-0.007077035009872367
Combined Risk-Parity,2021-09-13,-0.0009118617884391575
Combined Risk-Parity,2021-09-14,-0.003921919931430752
Combined Risk-Parity,2021-09-15,0.008886303881451391
Combined Risk-Parity,2021-09-16,-0.006678643486695031
Combined Risk-Parity,2021-09-17,-0.01226386185613781
Combined Risk-Parity,2021-09-20,-0.024305478065446504
Combined Risk-Parity,2021-09-21,-0.006811584095281126
Combined Risk-Parity,2021-09-22,0.015077397054825619
Combined Risk-Parity,2021-09-23,0.009568666788530777
Combined Risk-Parity,2021-09-24,-0.007933706815877371
Combined Risk-Parity,2021-09-27,-0.0023770983661045154
Combined Risk-Parity,2021-09-28,-0.011857367341614567
Combined Risk-Parity,2021-09-29,0.006847716518726962
Combined Risk-Parity,2021-09-30,-0.004197567921466496
Combined Risk-Parity,2021-10-01,0.01711250668703869
Combined Risk-Parity,2021-10-04,-0.0034464672115061125
Combined Risk-Parity,2021-10-05,0.00758650846521341
Combined Risk-Parity,2021-10-06,0.003900710253693686
Combined Risk-Parity,2021-10-07,0.006651874324128702
Combined Risk-Parity,2021-10-08,-0.0023227434299092414
Combined Risk-Parity,2021-10-11,-0.006541053215073294
Combined Risk-Parity,2021-10-12,-0.0027629217219915236
Combined Risk-Parity,2021-10-13,0.00638017865983391
Combined Risk-Parity,2021-10-14,0.012351658447789604
Combined Risk-Parity,2021-10-15,0.0050066675554804995
Combined Risk-Parity,2021-10-18,-0.0018308865259871777
Combined Risk-Parity,2021-10-19,0.010806932011287115
Combined Risk-Parity,2021-10-20,0.01294398483790643
Combined Risk-Parity,2021-10-21,-0.0010179879962394158
Combined Risk-Parity,2021-10-22,0.0005441893400038673
Combined Risk-Parity,2021-10-25,0.006466599315860825
Combined Risk-Parity,2021-10-26,0.0030679932839769095
Combined Risk-Parity,2021-10-27,-0.02065457520388342
Combined Risk-Parity,2021-10-28,0.011779585406213792
Combined Risk-Parity,2021-10-29,7.970651940231231e-05
Combined Risk-Parity,2021-11-01,0.005296710533550273
Combined Risk-Parity,2021-11-02,0.00722284440253953
Combined Risk-Parity,2021-11-03,0.006316836699885515
Combined Risk-Parity,2021-11-04,0.0017880642839993468
Combined Risk-Parity,2021-11-05,0.00046265883215096864
Combined Risk-Parity,2021-11-08,0.00697985569523455
Combined Risk-Parity,2021-11-09,0.005093922752835514
Combined Risk-Parity,2021-11-10,-0.008069394608967093
Combined Risk-Parity,2021-11-11,0.001984125033769489
Combined Risk-Parity,2021-11-12,7.772888759458642e-05
Combined Risk-Parity,2021-11-15,-0.0033267794461232262
Combined Risk-Parity,2021-11-16,-0.008198752039375532
Combined Risk-Parity,2021-11-17,-0.004275665110822508
Combined Risk-Parity,2021-11-18,-0.007737086293126511
Combined Risk-Parity,2021-11-19,-0.0018213287641314574
Combined Risk-Parity,2021-11-22,-0.002960366883909661
Combined Risk-Parity,2021-11-23,0.008084936841352742
Combined Risk-Parity,2021-11-24,-0.0015274296064959596
Combined Risk-Parity,2021-11-26,-0.02250315528938579
Combined Risk-Parity,2021-11-29,0.006765726034842252
Combined Risk-Parity,2021-11-30,-0.019862093736029946
Combined Risk-Parity,2021-12-01,-0.011783342236365277
Combined Risk-Parity,2021-12-02,0.01731794140818697
Combined Risk-Parity,2021-12-03,-0.0030049479725940058
Combined Risk-Parity,2021-12-06,0.015080479396230206
Combined Risk-Parity,2021-12-07,0.010669900970584846
Combined Risk-Parity,2021-12-08,0.0031936387093343187
Combined Risk-Parity,2021-12-09,-0.011111864144299651
Combined Risk-Parity,2021-12-10,0.002014133321060617
Combined Risk-Parity,2021-12-13,-0.008775993880537918
Combined Risk-Parity,2021-12-14,-0.0005719808911490068
Combined Risk-Parity,2021-12-15,0.012663318415483371
Combined Risk-Parity,2021-12-16,0.003616947787349385
Combined Risk-Parity,2021-12-17,-0.01239211539763047
Combined Risk-Parity,2021-12-20,-0.004961390571941425
Combined Risk-Parity,2021-12-21,0.012964376077029641
Combined Risk-Parity,2021-12-22,0.005600144949437253
Combined Risk-Parity,2021-12-23,0.008849798878747341
Combined Risk-Parity,2021-12-27,0.011276592825995855
Combined Risk-Parity,2021-12-28,-0.003756233758260472
Combined Risk-Parity,2021-12-29,-0.0012682438380450449
Combined Risk-Parity,2021-12-30,0.0009389696179610601
Combined Risk-Parity,2021-12-31,-0.0025516330632913754
Combined Risk-Parity,2022-01-03,0.0023775627575757605
Combined Risk-Parity,2022-01-04,0.0035875789854309995
Combined Risk-Parity,2022-01-05,-0.013320784951687595
Combined Risk-Parity,2022-01-06,-0.0019263554631149798
Combined Risk-Parity,2022-01-07,-0.0023269707505904798
Combined Risk-Parity,2022-01-10,-0.00876636384814867
Combined Risk-Parity,2022-01-11,0.010359645101400358
Combined Risk-Parity,2022-01-12,0.007706790922540431
Combined Risk-Parity,2022-01-13,-0.00727159413269318
Combined Risk-Parity,2022-01-14,0.0022799441544189706
Combined Risk-Parity,2022-01-18,-0.009822164095496846
Combined Risk-Parity,2022-01-19,-0.005509024401239383
Combined Risk-Parity,2022-01-20,-0.013892850370526616
Combined Risk-Parity,2022-01-21,-0.019510323966164686
Combined Risk-Parity,2022-01-24,-0.0011067142665733948
Combined Risk-Parity,2022-01-25,-0.00490778966595392
Combined Risk-Parity,2022-01-26,-0.009103981195384418
Combined Risk-Parity,2022-01-27,-0.003523585558715865
Combined Risk-Parity,2022-01-28,0.017588118253461522
Combined Risk-Parity,2022-01-31,0.01337991045366959
Combined Risk-Parity,2022-02-01,0.009197123834945593
Combined Risk-Parity,2022-02-02,0.005811780302222288
Combined Risk-Parity,2022-02-03,-0.006442401150870241
Combined Risk-Parity,2022-02-04,0.005508906094018877
Combined Risk-Parity,2022-02-07,0.007620973112865613
Combined Risk-Parity,2022-02-08,0.0033716723199188094
Combined Risk-Parity,2022-02-09,0.011177257214468345
Combined Risk-Parity,2022-02-10,-0.018473060846918136
Combined Risk-Parity,2022-02-11,-0.013139473620347269
Combined Risk-Parity,2022-02-14,-0.00567328029515762
Combined Risk-Parity,2022-02-15,0.012762272713398488
Combined Risk-Parity,2022-02-16,-0.001975781255843752
Combined Risk-Parity,2022-02-17,-0.01801579994813016
Combined Risk-Parity,2022-02-18,-0.007501183304618503
Combined Risk-Parity,2022-02-22,-0.001788644024476701
Combined Risk-Parity,2022-02-23,-0.010992661895858893
Combined Risk-Parity,2022-02-24,0.005356829985818449
Combined Risk-Parity,2022-02-25,0.026224181197578026
Combined Risk-Parity,2022-02-28,0.0047119171849625135
Combined Risk-Parity,2022-03-01,-0.009209169451321336
Combined Risk-Parity,2022-03-02,0.014675965268539136
Combined Risk-Parity,2022-03-03,-0.0002603592567048173
Combined Risk-Parity,2022-03-04,-0.003293102813040478
Combined Risk-Parity,2022-03-07,-0.015120913023466964
Combined Risk-Parity,2022-03-08,-0.004993711664871878
Combined Risk-Parity,2022-03-09,0.0168991603024328
Combined Risk-Parity,2022-03-10,-0.0048333044340944575
Combined Risk-Parity,2022-03-11,-0.006812712893767411
Combined Risk-Parity,2022-03-14,-0.005666869911066353
Combined Risk-Parity,2022-03-15,0.00963461616308068
Combined Risk-Parity,2022-03-16,0.016152827241825096
Combined Risk-Parity,2022-03-17,0.0119433669048864
Combined Risk-Parity,2022-03-18,0.006043204813686678
Combined Risk-Parity,2022-03-21,0.004496280046647783
Combined Risk-Parity,2022-03-22,0.010015272419541173
Combined Risk-Parity,2022-03-23,-0.007471317935791135
Combined Risk-Parity,2022-03-24,0.01107293155247517
Combined Risk-Parity,2022-03-25,0.0070860851522520545
Combined Risk-Parity,2022-03-28,0.0031523766241250773
Combined Risk-Parity,2022-03-29,0.012672707836439055
Combined Risk-Parity,2022-03-30,-0.001898297568392894
Combined Risk-Parity,2022-03-31,-0.01456294091739039
Combined Risk-Parity,2022-04-01,0.007756679527069861
Combined Risk-Parity,2022-04-04,0.0014656267923115437
Combined Risk-Parity,2022-04-05,-0.010416549409392833
Combined Risk-Parity,2022-04-06,-0.00622719978020498
Combined Risk-Parity,2022-04-07,0.004589565076807047
Combined Risk-Parity,2022-04-08,-0.0007971047029645336
Combined Risk-Parity,2022-04-11,-0.016788531541255265
Combined Risk-Parity,2022-04-12,0.0011746729240878257
Combined Risk-Parity,2022-04-13,0.010560964034656242
Combined Risk-Parity,2022-04-14,-0.0034999984052592
Combined Risk-Parity,2022-04-18,0.0007786585963779957
Combined Risk-Parity,2022-04-19,0.012672661205113648
Combined Risk-Parity,2022-04-20,0.0008468673869383814
Combined Risk-Parity,2022-04-21,-0.011949078071655331
Combined Risk-Parity,2022-04-22,-0.02060108888623316
Combined Risk-Parity,2022-04-25,-0.0008367913643077575
Combined Risk-Parity,2022-04-26,-0.02370783985052902
Combined Risk-Parity,2022-04-27,0.0023275291755173668
Combined Risk-Parity,2022-04-28,0.015531552538501615
Combined Risk-Parity,2022-04-29,-0.03448685857067941
Combined Risk-Parity,2022-05-02,0.0019409432367811991
Combined Risk-Parity,2022-05-03,0.0036964566288922415
Combined Risk-Parity,2022-05-04,0.03417615923489201
Combined Risk-Parity,2022-05-05,-0.028729794801552876
Combined Risk-Parity,2022-05-06,-0.0037543401801222146
Combined Risk-Parity,2022-05-09,-0.039269493722678586
Combined Risk-Parity,2022-05-10,-0.001944961374600147
Combined Risk-Parity,2022-05-11,-0.013547197434983818
Combined Risk-Parity,2022-05-12,-0.001139187325801498
Combined Risk-Parity,2022-05-13,0.02277155898276399
Combined Risk-Parity,2022-05-16,-0.0033396317853562926
Combined Risk-Parity,2022-05-17,0.01793501583266781
Combined Risk-Parity,2022-05-18,-0.030514909015916716
Combined Risk-Parity,2022-05-19,0.0023404089582330506
Combined Risk-Parity,2022-05-20,-0.000637043402499683
Combined Risk-Parity,2022-05-23,0.013360193839735354
Combined Risk-Parity,2022-05-24,0.00593798436317948
Combined Risk-Parity,2022-05-25,0.005940165450893214
Combined Risk-Parity,2022-05-26,0.006601238580523217
Combined Risk-Parity,2022-05-27,0.013594565171912001
Combined Risk-Parity,2022-05-31,-0.005759114986042758
Combined Risk-Parity,2022-06-01,-0.011050148718648302
Combined Risk-Parity,2022-06-02,0.013952515124262358
Combined Risk-Parity,2022-06-03,-0.009659510444357403
Combined Risk-Parity,2022-06-06,0.001479985127345567
Combined Risk-Parity,2022-06-07,0.007598934927063299
Combined Risk-Parity,2022-06-08,-0.012882140192230716
Combined Risk-Parity,2022-06-09,-0.020981591970072988
Combined Risk-Parity,2022-06-10,-0.02402963797608691
Combined Risk-Parity,2022-06-13,-0.04523487532580807
Combined Risk-Parity,2022-06-14,-0.006917486841961529
Combined Risk-Parity,2022-06-15,0.014743868823648197
Combined Risk-Parity,2022-06-16,-0.030828797829185423
Combined Risk-Parity,2022-06-17,0.00024373586910120387
Combined Risk-Parity,2022-06-21,0.020229733037593782
Combined Risk-Parity,2022-06-22,-0.0035929632598251295
Combined Risk-Parity,2022-06-23,0.009152516146001474
Combined Risk-Parity,2022-06-24,0.026392042628439055
Combined Risk-Parity,2022-06-27,-0.00384292767318908
Combined Risk-Parity,2022-06-28,-0.013710106336557492
Combined Risk-Parity,2022-06-29,-0.004006743689177457
Combined Risk-Parity,2022-06-30,-0.007182571476182668
Combined Risk-Parity,2022-07-01,0.009084416958547526
Combined Risk-Parity,2022-07-05,-0.006388246930960981
Combined Risk-Parity,2022-07-06,0.001768643326439744
Combined Risk-Parity,2022-07-07,0.013005437930335638
Combined Risk-Parity,2022-07-08,-0.0035171211692552377
Combined Risk-Parity,2022-07-11,-0.010040642315049399
Combined Risk-Parity,2022-07-12,-0.006253756137422557
Combined Risk-Parity,2022-07-13,0.0007093489061663595
Combined Risk-Parity,2022-07-14,-0.00181128624744464
Combined Risk-Parity,2022-07-15,0.01630872259510849
Combined Risk-Parity,2022-07-18,0.003410614012517733
Combined Risk-Parity,2022-07-19,0.023282015855033894
Combined Risk-Parity,2022-07-20,-0.0031401693015395485
Combined Risk-Parity,2022-07-21,0.006341293693385441
Combined Risk-Parity,2022-07-22,-0.004164397318664009
Combined Risk-Parity,2022-07-25,-0.005586597286716888
Combined Risk-Parity,2022-07-26,-0.0028390872254066947
Combined Risk-Parity,2022-07-27,0.017644584002290808
Combined Risk-Parity,2022-07-28,0.015888249297026737
Combined Risk-Parity,2022-07-29,0.005816956398743367
Combined Risk-Parity,2022-08-01,-0.0032822963395848846
Combined Risk-Parity,2022-08-02,-0.009950849629123596
Combined Risk-Parity,2022-08-03,0.006671120797167038
Combined Risk-Parity,2022-08-04,-0.0010927750848568035
Combined Risk-Parity,2022-08-05,0.003911932826743086
Combined Risk-Parity,2022-08-08,0.0024455581229730805
Combined Risk-Parity,2022-08-09,-0.0037986776298795932
Combined Risk-Parity,2022-08-10,0.018036422048795298
Combined Risk-Parity,2022-08-11,0.003989110805896368
Combined Risk-Parity,2022-08-12,0.014948812268144535
Combined Risk-Parity,2022-08-15,0.004025246076929832
Combined Risk-Parity,2022-08-16,0.004567710670836336
Combined Risk-Parity,2022-08-17,-0.007865691240122968
Combined Risk-Parity,2022-08-18,0.0002444821059905042
Combined Risk-Parity,2022-08-19,-0.016468739435441637
Combined Risk-Parity,2022-08-22,-0.01475232607145529
Combined Risk-Parity,2022-08-23,0.0005813925702557862
Combined Risk-Parity,2022-08-24,0.0007513420656456557
Combined Risk-Parity,2022-08-25,0.012224316553857742
Combined Risk-Parity,2022-08-26,-0.030259417058609895
Combined Risk-Parity,2022-08-29,5.820805625004664e-07
Combined Risk-Parity,2022-08-30,-0.013128528303390882
Combined Risk-Parity,2022-08-31,-0.005617895934325028
Combined Risk-Parity,2022-09-01,0.0047193994084066835
Combined Risk-Parity,2022-09-02,-0.009141410373614758
Combined Risk-Parity,2022-09-06,-0.008644159675957601
Combined Risk-Parity,2022-09-07,0.020136442158832913
Combined Risk-Parity,2022-09-08,0.0047951418264542515
Combined Risk-Parity,2022-09-09,0.017487281044617952
Combined Risk-Parity,2022-09-12,0.00766861821552072
Combined Risk-Parity,2022-09-13,-0.04033197475378028
Combined Risk-Parity,2022-09-14,0.004271131145405671
Combined Risk-Parity,2022-09-15,-0.018257739513695276
Combined Risk-Parity,2022-09-16,-0.003790566541788008
Combined Risk-Parity,2022-09-19,0.007072385896827958
Combined Risk-Parity,2022-09-20,-0.01452500510676064
Combined Risk-Parity,2022-09-21,-0.018254394473669642
Combined Risk-Parity,2022-09-22,-0.0007598826382629064
Combined Risk-Parity,2022-09-23,-0.017275617530201248
Combined Risk-Parity,2022-09-26,-0.013293916458306696
Combined Risk-Parity,2022-09-27,-0.005368998096895446
Combined Risk-Parity,2022-09-28,0.018865471027104112
Combined Risk-Parity,2022-09-29,-0.015818384033613724
Combined Risk-Parity,2022-09-30,-0.014253099760401693
Combined Risk-Parity,2022-10-03,0.029559399859249588
Combined Risk-Parity,2022-10-04,0.027204603910633868
Combined Risk-Parity,2022-10-05,-0.004575411348141158
Combined Risk-Parity,2022-10-06,-0.011630987369584928
Combined Risk-Parity,2022-10-07,-0.020904479496814402
Combined Risk-Parity,2022-10-10,-0.007051771292648906
Combined Risk-Parity,2022-10-11,-0.0023812219797813977
Combined Risk-Parity,2022-10-12,-0.006025865880179073
Combined Risk-Parity,2022-10-13,0.023515078818701737
Combined Risk-Parity,2022-10-14,-0.015026376480485817
Combined Risk-Parity,2022-10-17,0.01839523054183435
Combined Risk-Parity,2022-10-18,0.009907916052533727
Combined Risk-Parity,2022-10-19,-0.010489232992159583
Combined Risk-Parity,2022-10-20,-0.003981188287866898
Combined Risk-Parity,2022-10-21,0.021274601251772614
Combined Risk-Parity,2022-10-24,0.0065514407698909535
Combined Risk-Parity,2022-10-25,0.018838017077141386
Combined Risk-Parity,2022-10-26,0.008011419854308036
Combined Risk-Parity,2022-10-27,-0.002257599084848354
Combined Risk-Parity,2022-10-28,0.024410824155202796
Combined Risk-Parity,2022-10-31,-0.007221473377571365
Combined Risk-Parity,2022-11-01,0.0007265850718963899
Combined Risk-Parity,2022-11-02,-0.017282991930471094
Combined Risk-Parity,2022-11-03,-0.002488951228642623
Combined Risk-Parity,2022-11-04,0.02149514138558469
Combined Risk-Parity,2022-11-07,0.005920852331095784
Combined Risk-Parity,2022-11-08,-0.003750806497004033
Combined Risk-Parity,2022-11-09,-0.02920291778158717
Combined Risk-Parity,2022-11-10,0.05561656699845378
Combined Risk-Parity,2022-11-11,0.006061257868539974
Combined Risk-Parity,2022-11-14,-0.0059504631040933125
Combined Risk-Parity,2022-11-15,0.009796646506497707
Combined Risk-Parity,2022-11-16,-0.008391447931712785
Combined Risk-Parity,2022-11-17,-0.0017281398080619792
Combined Risk-Parity,2022-11-18,0.005978620994287781
Combined Risk-Parity,2022-11-21,0.0006645582645412306
Combined Risk-Parity,2022-11-22,0.01559975226718888
Combined Risk-Parity,2022-11-23,0.007391748448872121
Combined Risk-Parity,2022-11-25,0.0005050387884901438
Combined Risk-Parity,2022-11-28,-0.01694140657707174
Combined Risk-Parity,2022-11-29,0.0049051834558081495
Combined Risk-Parity,2022-11-30,0.024225300609255002
Combined Risk-Parity,2022-12-01,-0.0011465552796518768
Combined Risk-Parity,2022-12-02,0.0023654156463390236
Combined Risk-Parity,2022-12-05,-0.01498003497687778
Combined Risk-Parity,2022-12-06,-0.009336137284409412
Combined Risk-Parity,2022-12-07,-0.0017807552757636118
Combined Risk-Parity,2022-12-08,0.00807901971562572
Combined Risk-Parity,2022-12-09,-0.009775562028295907
Combined Risk-Parity,2022-12-12,0.01376842517631506
Combined Risk-Parity,2022-12-13,0.009052064598211234
Combined Risk-Parity,2022-12-14,-0.007659705146755246
Combined Risk-Parity,2022-12-15,-0.020842606586361247
Combined Risk-Parity,2022-12-16,-0.014955081754778088
Combined Risk-Parity,2022-12-19,-0.008502427279451264
Combined Risk-Parity,2022-12-20,0.005426045204362906
Combined Risk-Parity,2022-12-21,0.014389873741171797
Combined Risk-Parity,2022-12-22,-0.007785088873614349
Combined Risk-Parity,2022-12-23,0.005987255246228829
Combined Risk-Parity,2022-12-27,1.69845072691011e-05
Combined Risk-Parity,2022-12-28,-0.013584344417755693
Combined Risk-Parity,2022-12-29,0.011561350052293508
Combined Risk-Parity,2022-12-30,-0.001983542723851426
Combined Risk-Parity,2023-01-03,0.0031292446058649916
Combined Risk-Parity,2023-01-04,0.01876793273896996
Combined Risk-Parity,2023-01-05,-0.007603311404593063
Combined Risk-Parity,2023-01-06,0.02219373205523585
Combined Risk-Parity,2023-01-09,0.00023637888747384106
Combined Risk-Parity,2023-01-10,0.006865094731130039
Combined Risk-Parity,2023-01-11,0.010626540185396063
Combined Risk-Parity,2023-01-12,0.0062976914771363125
Combined Risk-Parity,2023-01-13,0.005810121833748965
Combined Risk-Parity,2023-01-17,-0.005353628534942976
Combined Risk-Parity,2023-01-18,-0.01880962592621717
Combined Risk-Parity,2023-01-19,-0.003959251009714619
Combined Risk-Parity,2023-01-20,0.018288274888533892
Combined Risk-Parity,2023-01-23,0.010581643631332245
Combined Risk-Parity,2023-01-24,-0.005635133168298291
Combined Risk-Parity,2023-01-25,0.004069774981676847
Combined Risk-Parity,2023-01-26,0.005121035179313658
Combined Risk-Parity,2023-01-27,-0.00019003733477639513
Combined Risk-Parity,2023-01-30,-0.011733027942586854
Combined Risk-Parity,2023-01-31,0.01208983066162474
Combined Risk-Parity,2023-02-01,0.005658035562655733
Combined Risk-Parity,2023-02-02,-0.0012716697475628003
Combined Risk-Parity,2023-02-03,-0.010597066959739247
Combined Risk-Parity,2023-02-06,-0.005634387166041748
Combined Risk-Parity,2023-02-07,0.01162181253818412
Combined Risk-Parity,2023-02-08,-0.010037379690935806
Combined Risk-Parity,2023-02-09,-0.012913719048481907
Combined Risk-Parity,2023-02-10,0.0075281609935160115
Combined Risk-Parity,2023-02-13,0.007804915037424996
Combined Risk-Parity,2023-02-14,-0.00031424951096287635
Combined Risk-Parity,2023-02-15,0.006495610701724811
Combined Risk-Parity,2023-02-16,-0.015756271131926635
Combined Risk-Parity,2023-02-17,0.004552348832761313
Combined Risk-Parity,2023-02-21,-0.015900164503410058
Combined Risk-Parity,2023-02-22,-0.00619591588898286
Combined Risk-Parity,2023-02-23,0.0018909145016090918
Combined Risk-Parity,2023-02-24,-0.011394541294140982
Combined Risk-Parity,2023-02-27,0.0008748472443513301
Combined Risk-Parity,2023-02-28,-0.005081886546833463
Combined Risk-Parity,2023-03-01,0.00023118945336976737
Combined Risk-Parity,2023-03-02,0.009501520137158716
Combined Risk-Parity,2023-03-03,0.009255536557606898
Combined Risk-Parity,2023-03-06,-0.0011258184067284092
Combined Risk-Parity,2023-03-07,-0.015850445607795544
Combined Risk-Parity,2023-03-08,-0.0007448158548383958
Combined Risk-Parity,2023-03-09,-0.019921651722711417
Combined Risk-Parity,2023-03-10,-0.010873875341025768
Combined Risk-Parity,2023-03-13,0.004332653857317714
Combined Risk-Parity,2023-03-14,0.013414818926589517
Combined Risk-Parity,2023-03-15,-0.008871997874009913
Combined Risk-Parity,2023-03-16,0.012007976805738592
Combined Risk-Parity,2023-03-17,-0.0042114820226231775
Combined Risk-Parity,2023-03-20,0.007322452716405653
Combined Risk-Parity,2023-03-21,0.010983647682757303
Combined Risk-Parity,2023-03-22,-0.021781174517430793
Combined Risk-Parity,2023-03-23,0.006237739337491888
Combined Risk-Parity,2023-03-24,0.006924519368847237
Combined Risk-Parity,2023-03-27,0.0015433798168189557
Combined Risk-Parity,2023-03-28,0.0033019466963136066
Combined Risk-Parity,2023-03-29,0.015335740880577722
Combined Risk-Parity,2023-03-30,0.0041630049109588506
Combined Risk-Parity,2023-03-31,0.013189654289080349
Combined Risk-Parity,2023-04-03,0.005353854108266989
Combined Risk-Parity,2023-04-04,-0.0014646471115252477
Combined Risk-Parity,2023-04-05,0.006009609453585815
Combined Risk-Parity,2023-04-06,-0.0005366399662559137
Combined Risk-Parity,2023-04-10,0.0040202108320312475
Combined Risk-Parity,2023-04-11,0.0020538348493173274
Combined Risk-Parity,2023-04-12,-0.0023283043221401767
Combined Risk-Parity,2023-04-13,0.008813563374866955
Combined Risk-Parity,2023-04-14,-0.004525291477481491
Combined Risk-Parity,2023-04-17,0.0022816614680378163
Combined Risk-Parity,2023-04-18,0.0015082075930657197
Combined Risk-Parity,2023-04-19,-0.0038713707446051664
Combined Risk-Parity,2023-04-20,-0.00750209230848428
Combined Risk-Parity,2023-04-21,-0.0023541781844002452
Combined Risk-Parity,2023-04-24,0.0011561145071952844
Combined Risk-Parity,2023-04-25,-0.009791790635877443
Combined Risk-Parity,2023-04-26,-0.014032499680297298
Combined Risk-Parity,2023-04-27,0.013550854532936366
Combined Risk-Parity,2023-04-28,0.006933373054665084
Combined Risk-Parity,2023-05-01,-0.00414231412335467
Combined Risk-Parity,2023-05-02,-0.012395239433205113
Combined Risk-Parity,2023-05-03,-0.009270381051667942
Combined Risk-Parity,2023-05-04,-0.004366650780414311
Combined Risk-Parity,2023-05-05,0.01596537508185429
Combined Risk-Parity,2023-05-08,-0.003987716784945913
Combined Risk-Parity,2023-05-09,-0.0026321466041994224
Combined Risk-Parity,2023-05-10,-0.0011595113886882316
Combined Risk-Parity,2023-05-11,-0.009345403525672001
Combined Risk-Parity,2023-05-12,0.00024300875745528872
Combined Risk-Parity,2023-05-15,0.0031333234276596216
Combined Risk-Parity,2023-05-16,-0.014217224693284338
Combined Risk-Parity,2023-05-17,0.009815929140650256
Combined Risk-Parity,2023-05-18,0.0033558403390505477
Combined Risk-Parity,2023-05-19,-0.0015037302381151365
Combined Risk-Parity,2023-05-22,0.0005824803884029804
Combined Risk-Parity,2023-05-23,-0.005972214987323665
Combined Risk-Parity,2023-05-24,-0.01069210250929771
Combined Risk-Parity,2023-05-25,-0.0036117682173862574
Combined Risk-Parity,2023-05-26,0.00729240402150783
Combined Risk-Parity,2023-05-30,-0.001598055544970045
Combined Risk-Parity,2023-05-31,-0.0026697718675577136
Combined Risk-Parity,2023-06-01,0.0026680054373203975
Combined Risk-Parity,2023-06-02,0.018862458627082888
Combined Risk-Parity,2023-06-05,-0.008951764069700779
Combined Risk-Parity,2023-06-06,0.00475021249215447
Combined Risk-Parity,2023-06-07,0.004136739070783591
Combined Risk-Parity,2023-06-08,0.0049527533993300454
Combined Risk-Parity,2023-06-09,-0.003796629704369466
Combined Risk-Parity,2023-06-12,0.003949419355155407
Combined Risk-Parity,2023-06-13,0.00634107287589542
Combined Risk-Parity,2023-06-14,-0.0034162781566246855
Combined Risk-Parity,2023-06-15,0.010231039575784317
Combined Risk-Parity,2023-06-16,0.002141155084935049
Combined Risk-Parity,2023-06-20,-0.008362063418704224
Combined Risk-Parity,2023-06-21,0.0035103384889251512
Combined Risk-Parity,2023-06-22,-0.0036515821527981812
Combined Risk-Parity,2023-06-23,-0.00039390355036549566
Combined Risk-Parity,2023-06-26,0.006406541329693404
Combined Risk-Parity,2023-06-27,0.007009730660023545
Combined Risk-Parity,2023-06-28,-0.0055808524680639425
Combined Risk-Parity,2023-06-29,0.007450802176269476
Combined Risk-Parity,2023-06-30,0.015530479175120232
Combined Risk-Parity,2023-07-03,0.0046972586272226126
Combined Risk-Parity,2023-07-05,-0.004393523817230365
Combined Risk-Parity,2023-07-06,-0.012621870859785844
Combined Risk-Parity,2023-07-07,-0.00033912128029151977
Combined Risk-Parity,2023-07-10,0.0054209258941453255
Combined Risk-Parity,2023-07-11,0.012466574059583005
Combined Risk-Parity,2023-07-12,0.006317485820759109
Combined Risk-Parity,2023-07-13,0.02066000937365468
Combined Risk-Parity,2023-07-14,-0.009515229034968037
Combined Risk-Parity,2023-07-17,-0.0047805174741702445
Combined Risk-Parity,2023-07-18,0.004405321103886639
Combined Risk-Parity,2023-07-19,0.0082052791366136
Combined Risk-Parity,2023-07-20,0.0025452959463564636
Combined Risk-Parity,2023-07-21,0.005090960796736009
Combined Risk-Parity,2023-07-24,0.00024149469334500058
Combined Risk-Parity,2023-07-25,0.002187172934518493
Combined Risk-Parity,2023-07-26,0.0030207685797839848
Combined Risk-Parity,2023-07-27,-0.004741326756985992
Combined Risk-Parity,2023-07-28,0.003930481575762519
Combined Risk-Parity,2023-07-31,0.001027859294216105
Combined Risk-Parity,2023-08-01,-0.0035010725861437837
Combined Risk-Parity,2023-08-02,-0.014334642596308282
Combined Risk-Parity,2023-08-03,-0.006873746462175815
Combined Risk-Parity,2023-08-04,-0.0027578587426006643
Combined Risk-Parity,2023-08-07,0.008154792062703172
Combined Risk-Parity,2023-08-08,-0.0014465279658370897
Combined Risk-Parity,2023-08-09,-0.0009389092241376595
Combined Risk-Parity,2023-08-10,-2.3892943456646596e-05
Combined Risk-Parity,2023-08-11,0.0020184457631589286
Combined Risk-Parity,2023-08-14,0.0005120891965595741
Combined Risk-Parity,2023-08-15,-0.013382138367350423
Combined Risk-Parity,2023-08-16,-0.009861946833053511
Combined Risk-Parity,2023-08-17,-0.012080376351254814
Combined Risk-Parity,2023-08-18,0.001562573076208148
Combined Risk-Parity,2023-08-21,-0.0019250005086825638
Combined Risk-Parity,2023-08-22,-0.0047495549714696664
Combined Risk-Parity,2023-08-23,0.00962765470590403
Combined Risk-Parity,2023-08-24,-0.011264752625484544
Combined Risk-Parity,2023-08-25,0.004063773910397838
Combined Risk-Parity,2023-08-28,0.00618431822176339
Combined Risk-Parity,2023-08-29,0.015108579891507715
Combined Risk-Parity,2023-08-30,-0.0006368483745142979
Combined Risk-Parity,2023-08-31,-0.006677807528231137
Combined Risk-Parity,2023-09-01,0.0012985881357666983
Combined Risk-Parity,2023-09-05,-0.009178549271708917
Combined Risk-Parity,2023-09-06,-0.0034302927683202552
Combined Risk-Parity,2023-09-07,0.0023890546991582277
Combined Risk-Parity,2023-09-08,0.0030177106732029797
Combined Risk-Parity,2023-09-11,0.0007429831666298499
Combined Risk-Parity,2023-09-12,0.0024837015545172963
Combined Risk-Parity,2023-09-13,0.0007698759303069483
Combined Risk-Parity,2023-09-14,0.012571878905762736
Combined Risk-Parity,2023-09-15,-0.007126252627893915
Combined Risk-Parity,2023-09-18,0.0012005765178519554
Combined Risk-Parity,2023-09-19,-0.002032029762035094
Combined Risk-Parity,2023-09-20,-0.003805342396067603
Combined Risk-Parity,2023-09-21,-0.017533424956207144
Combined Risk-Parity,2023-09-22,-0.002620377147542412
Combined Risk-Parity,2023-09-25,0.0017412221107491867
Combined Risk-Parity,2023-09-26,-0.01084220660723657
Combined Risk-Parity,2023-09-27,-0.0027804282585405303
Combined Risk-Parity,2023-09-28,0.00509852751905735
Combined Risk-Parity,2023-09-29,-0.0008194298219872966
Combined Risk-Parity,2023-10-02,-0.015385259578509638
Combined Risk-Parity,2023-10-03,-0.00747288986155893
Combined Risk-Parity,2023-10-04,0.0020645242162027557
Combined Risk-Parity,2023-10-05,-0.0028039403959322605
Combined Risk-Parity,2023-10-06,0.009873857178779631
Combined Risk-Parity,2023-10-09,0.0050196821398569656
Combined Risk-Parity,2023-10-10,0.007331614950829891
Combined Risk-Parity,2023-10-11,0.0031580083011693155
Combined Risk-Parity,2023-10-12,-0.008135116840312605
Combined Risk-Parity,2023-10-13,0.0026035467771365534
Combined Risk-Parity,2023-10-16,0.01160948336584535
Combined Risk-Parity,2023-10-17,0.001052151894627451
Combined Risk-Parity,2023-10-18,-0.012918422655449272
Combined Risk-Parity,2023-10-19,-0.007371290758306192
Combined Risk-Parity,2023-10-20,-0.00515434315077772
Combined Risk-Parity,2023-10-23,-0.0007893120901332857
Combined Risk-Parity,2023-10-24,0.01039323746219211
Combined Risk-Parity,2023-10-25,-0.009681636165912656
Combined Risk-Parity,2023-10-26,-0.0016440115417597717
Combined Risk-Parity,2023-10-27,-0.010743797972297384
Combined Risk-Parity,2023-10-30,0.009540536171226974
Combined Risk-Parity,2023-10-31,0.005711036527174747
Combined Risk-Parity,2023-11-01,0.006338899748804361
Combined Risk-Parity,2023-11-02,0.021005936101169503
Combined Risk-Parity,2023-11-03,0.011142316908963338
Combined Risk-Parity,2023-11-06,-0.0017525923125492043
Combined Risk-Parity,2023-11-07,-0.004141552486746887
Combined Risk-Parity,2023-11-08,-0.0012046425351077419
Combined Risk-Parity,2023-11-09,-0.007675759825800388
Combined Risk-Parity,2023-11-10,0.009991657801560411
Combined Risk-Parity,2023-11-13,-0.0025898120418288923
Combined Risk-Parity,2023-11-14,0.01873623784397851
Combined Risk-Parity,2023-11-15,0.008456904236669786
Combined Risk-Parity,2023-11-16,-0.003056014484707735
Combined Risk-Parity,2023-11-17,0.0019121928128567843
Combined Risk-Parity,2023-11-20,0.002785959192313462
Combined Risk-Parity,2023-11-21,-0.005715147266471864
Combined Risk-Parity,2023-11-22,0.005743306465018377
Combined Risk-Parity,2023-11-24,0.003298130150017879
Combined Risk-Parity,2023-11-27,-0.0013263629206442297
Combined Risk-Parity,2023-11-28,0.003553949586304394
Combined Risk-Parity,2023-11-29,0.0036867148728046448
Combined Risk-Parity,2023-11-30,0.005994704322422944
Combined Risk-Parity,2023-12-01,0.01001177059183932
Combined Risk-Parity,2023-12-04,0.0014929804309491508
Combined Risk-Parity,2023-12-05,-0.0021597672056995845
Combined Risk-Parity,2023-12-06,0.00036343089306732813
Combined Risk-Parity,2023-12-07,0.00465451575563441
Combined Risk-Parity,2023-12-08,0.0056841802455790584
Combined Risk-Parity,2023-12-11,0.0002188348430638068
Combined Risk-Parity,2023-12-12,0.0013574162605094278
Combined Risk-Parity,2023-12-13,0.0225370911698289
Combined Risk-Parity,2023-12-14,0.01076029329528021
Combined Risk-Parity,2023-12-15,-0.007425804248024118
Combined Risk-Parity,2023-12-18,-0.0007734449888203202
Combined Risk-Parity,2023-12-19,0.00552808775737214
Combined Risk-Parity,2023-12-20,-0.011571716003390162
Combined Risk-Parity,2023-12-21,0.009326986685543777
Combined Risk-Parity,2023-12-22,0.00426514442294377
Combined Risk-Parity,2023-12-26,0.0029042775789077714
Combined Risk-Parity,2023-12-27,0.006080537904645935
Combined Risk-Parity,2023-12-28,0.000985717134241033
Combined Risk-Parity,2023-12-29,-0.003964189266558254
Crypto Equal-Weight,2021-01-01,0.011329133285298942
Crypto Equal-Weight,2021-01-02,0.02072716260525204
Crypto Equal-Weight,2021-01-03,0.11625440576667893
Crypto Equal-Weight,2021-01-04,0.04516079223322002
Crypto Equal-Weight,2021-01-05,0.04535021621589661
Crypto Equal-Weight,2021-01-06,0.17477270939392503
Crypto Equal-Weight,2021-01-07,0.01246324314431502
Crypto Equal-Weight,2021-01-08,-0.007003682538939726
Crypto Equal-Weight,2021-01-09,0.08814075491705675
Crypto Equal-Weight,2021-01-10,-0.02676059395587328
Crypto Equal-Weight,2021-01-11,-0.12870502230789244
Crypto Equal-Weight,2021-01-12,-0.01873015718865717
Crypto Equal-Weight,2021-01-13,0.0823859488799264
Crypto Equal-Weight,2021-01-14,0.01972143296946164
Crypto Equal-Weight,2021-01-15,-0.03879468771114989
Crypto Equal-Weight,2021-01-16,0.026781295053940557
Crypto Equal-Weight,2021-01-17,0.002929735952032664
Crypto Equal-Weight,2021-01-18,0.025718389419126575
Crypto Equal-Weight,2021-01-19,0.009387901143479227
Crypto Equal-Weight,2021-01-20,-0.00588969894780378
Crypto Equal-Weight,2021-01-21,-0.12997330223040066
Crypto Equal-Weight,2021-01-22,0.060561232008807364
Crypto Equal-Weight,2021-01-23,-0.002104304596237205
Crypto Equal-Weight,2021-01-24,0.02788878387300729
Crypto Equal-Weight,2021-01-25,-0.022128620741430138
Crypto Equal-Weight,2021-01-26,-0.002506439651979331
Crypto Equal-Weight,2021-01-27,-0.07433293275748028
Crypto Equal-Weight,2021-01-28,0.09385199353492835
Crypto Equal-Weight,2021-01-29,0.02826646477641599
Crypto Equal-Weight,2021-01-30,0.07294494996215131
Crypto Equal-Weight,2021-01-31,-0.016892319482285013
Crypto Equal-Weight,2021-02-01,0.018638160220836718
Crypto Equal-Weight,2021-02-02,0.04105192217355689
Crypto Equal-Weight,2021-02-03,0.0470529366919517
Crypto Equal-Weight,2021-02-04,-0.01763156392605623
Crypto Equal-Weight,2021-02-05,0.08420520824667656
Crypto Equal-Weight,2021-02-06,0.02224549467936311
Crypto Equal-Weight,2021-02-07,-0.0031776159818694078
Crypto Equal-Weight,2021-02-08,0.08091486208561834
Crypto Equal-Weight,2021-02-09,0.06552021148361524
Crypto Equal-Weight,2021-02-10,0.04281518400419214
Crypto Equal-Weight,2021-02-11,0.07786914577868172
Crypto Equal-Weight,2021-02-12,0.05428926109808539
Crypto Equal-Weight,2021-02-13,0.09582165507240964
Crypto Equal-Weight,2021-02-14,-0.029392275423807516
Crypto Equal-Weight,2021-02-15,-0.0442129748696292
Crypto Equal-Weight,2021-02-16,-0.0022474451004349414
Crypto Equal-Weight,2021-02-17,0.04211707838283616
Crypto Equal-Weight,2021-02-18,0.0029177062460999047
Crypto Equal-Weight,2021-02-19,0.04897981498578349
Crypto Equal-Weight,2021-02-20,-0.017299540561226037
Crypto Equal-Weight,2021-02-21,0.024297174916646205
Crypto Equal-Weight,2021-02-22,-0.0628095634120048
Crypto Equal-Weight,2021-02-23,-0.1578836306811806
Crypto Equal-Weight,2021-02-24,0.03967004054777338
Crypto Equal-Weight,2021-02-25,-0.05295585849293988
Crypto Equal-Weight,2021-02-26,0.0024429722756437833
Crypto Equal-Weight,2021-02-27,0.030875544497424058
Crypto Equal-Weight,2021-02-28,-0.04371588305482724
Crypto Equal-Weight,2021-03-01,0.06607202453353705
Crypto Equal-Weight,2021-03-02,-0.016013865689389763
Crypto Equal-Weight,2021-03-03,0.03318617359233237
Crypto Equal-Weight,2021-03-04,-0.015426510631809486
Crypto Equal-Weight,2021-03-05,-0.008545836651957895
Crypto Equal-Weight,2021-03-06,0.009728254619080622
Crypto Equal-Weight,2021-03-07,0.028383768233542828
Crypto Equal-Weight,2021-03-08,0.017667051426591484
Crypto Equal-Weight,2021-03-09,0.04293290972022339
Crypto Equal-Weight,2021-03-10,-0.028226124243624442
Crypto Equal-Weight,2021-03-11,0.0023940473055714564
Crypto Equal-Weight,2021-03-12,-0.020080210825309995
Crypto Equal-Weight,2021-03-13,0.07880501646479615
Crypto Equal-Weight,2021-03-14,-0.04799197369537732
Crypto Equal-Weight,2021-03-15,-0.03623773511569324
Crypto Equal-Weight,2021-03-16,0.04313253655506745
Crypto Equal-Weight,2021-03-17,0.03066081182372897
Crypto Equal-Weight,2021-03-18,-0.02291498038891239
Crypto Equal-Weight,2021-03-19,0.019194399500747632
Crypto Equal-Weight,2021-03-20,0.01827007279656291
Crypto Equal-Weight,2021-03-21,-0.016144502509962688
Crypto Equal-Weight,2021-03-22,-0.02999483570511283
Crypto Equal-Weight,2021-03-23,0.007114226187603334
Crypto Equal-Weight,2021-03-24,-0.0667762833825415
Crypto Equal-Weight,2021-03-25,-0.0010923526180134256
Crypto Equal-Weight,2021-03-26,0.08749287264445914
Crypto Equal-Weight,2021-03-27,-0.008717834840823146
Crypto Equal-Weight,2021-03-28,0.004100426246299149
Crypto Equal-Weight,2021-03-29,0.037739657887588596
Crypto Equal-Weight,2021-03-30,0.013383750136438468
Crypto Equal-Weight,2021-03-31,0.06639746310842415
Crypto Equal-Weight,2021-04-01,0.028439295434994006
Crypto Equal-Weight,2021-04-02,0.053509068979526064
Crypto Equal-Weight,2021-04-03,-0.050500959073344384
Crypto Equal-Weight,2021-04-04,0.08008234444670534
Crypto Equal-Weight,2021-04-05,0.1124723293949645
Crypto Equal-Weight,2021-04-06,0.034239733482870995
Crypto Equal-Weight,2021-04-07,-0.07683383516515306
Crypto Equal-Weight,2021-04-08,0.06650800161559935
Crypto Equal-Weight,2021-04-09,-0.026439087808186844
Crypto Equal-Weight,2021-04-10,0.1020844027159667
Crypto Equal-Weight,2021-04-11,0.01134172738606192
Crypto Equal-Weight,2021-04-12,0.0011626642882354276
Crypto Equal-Weight,2021-04-13,0.10969981126458485
Crypto Equal-Weight,2021-04-14,0.02628859256885361
Crypto Equal-Weight,2021-04-15,0.060911491093833904
Crypto Equal-Weight,2021-04-16,0.050656624114549645
Crypto Equal-Weight,2021-04-17,-0.03176555482050418
Crypto Equal-Weight,2021-04-18,-0.07403361917153414
Crypto Equal-Weight,2021-04-19,-0.06293211235912946
Crypto Equal-Weight,2021-04-20,0.03341952255413645
Crypto Equal-Weight,2021-04-21,-0.04142399100162268
Crypto Equal-Weight,2021-04-22,-0.04904992826934679
Crypto Equal-Weight,2021-04-23,-0.016415494666891482
Crypto Equal-Weight,2021-04-24,-0.06806209030471672
Crypto Equal-Weight,2021-04-25,-0.009028471809759443
Crypto Equal-Weight,2021-04-26,0.15086850243841626
Crypto Equal-Weight,2021-04-27,0.0428384009368606
Crypto Equal-Weight,2021-04-28,0.0015703408166000024
Crypto Equal-Weight,2021-04-29,-0.010431513593727104
Crypto Equal-Weight,2021-04-30,0.07615810292228212
Crypto Equal-Weight,2021-05-01,0.03980355255574375
Crypto Equal-Weight,2021-05-02,-0.014599904851997027
Crypto Equal-Weight,2021-05-03,0.05547610251981762
Crypto Equal-Weight,2021-05-04,-0.0223198060480419
Crypto Equal-Weight,2021-05-05,0.23237817771357977
Crypto Equal-Weight,2021-05-06,0.09504982199971372
Crypto Equal-Weight,2021-05-07,-0.03738328711875315
Crypto Equal-Weight,2021-05-08,0.01505247076056373
Crypto Equal-Weight,2021-05-09,0.016957994597490093
Crypto Equal-Weight,2021-05-10,-0.06333573003276818
Crypto Equal-Weight,2021-05-11,0.12326469466551512
Crypto Equal-Weight,2021-05-12,-0.17908713683757876
Crypto Equal-Weight,2021-05-13,0.062101834705833046
Crypto Equal-Weight,2021-05-14,0.05375639703224409
Crypto Equal-Weight,2021-05-15,-0.039831537137129135
Crypto Equal-Weight,2021-05-16,0.0028746940214076752
Crypto Equal-Weight,2021-05-17,-0.0662059129899039
Crypto Equal-Weight,2021-05-18,0.01708008379277666
Crypto Equal-Weight,2021-05-19,-0.30337348731353303
Crypto Equal-Weight,2021-05-20,0.14700206982203626
Crypto Equal-Weight,2021-05-21,-0.1408603473018848
Crypto Equal-Weight,2021-05-22,-0.06160251327788787
Crypto Equal-Weight,2021-05-23,-0.1129073822434224
Crypto Equal-Weight,2021-05-24,0.25292356727981136
Crypto Equal-Weight,2021-05-25,0.002828693352260959
Crypto Equal-Weight,2021-05-26,0.07066872279801245
Crypto Equal-Weight,2021-05-27,-0.03622452964270197
Crypto Equal-Weight,2021-05-28,-0.08364161267040388
Crypto Equal-Weight,2021-05-29,-0.05675666284012572
Crypto Equal-Weight,2021-05-30,0.04599013554369838
Crypto Equal-Weight,2021-05-31,0.09017948488864361
Crypto Equal-Weight,2021-06-01,-0.019186745025294893
Crypto Equal-Weight,2021-06-02,0.015686303567012755
Crypto Equal-Weight,2021-06-03,0.03417599714809401
Crypto Equal-Weight,2021-06-04,-0.07013513415978842
Crypto Equal-Weight,2021-06-05,-0.03151695830923769
Crypto Equal-Weight,2021-06-06,0.017874280878071483
Crypto Equal-Weight,2021-06-07,-0.08261493454301594
Crypto Equal-Weight,2021-06-08,-0.0010986656821033386
Crypto Equal-Weight,2021-06-09,0.05692371448042061
Crypto Equal-Weight,2021-06-10,-0.046790220968375595
Crypto Equal-Weight,2021-06-11,-0.034612165788076216
Crypto Equal-Weight,2021-06-12,-0.006108771207590479
Crypto Equal-Weight,2021-06-13,0.06060711073488845
Crypto Equal-Weight,2021-06-14,0.012104542324334043
Crypto Equal-Weight,2021-06-15,0.012503131044355522
Crypto Equal-Weight,2021-06-16,-0.06975206723694478
Crypto Equal-Weight,2021-06-17,0.009720760770419102
Crypto Equal-Weight,2021-06-18,-0.057720620884889655
Crypto Equal-Weight,2021-06-19,-0.020498713298390713
Crypto Equal-Weight,2021-06-20,0.011456111133318935
Crypto Equal-Weight,2021-06-21,-0.19019405150636529
Crypto Equal-Weight,2021-06-22,-0.034837352458124686
Crypto Equal-Weight,2021-06-23,0.08559700466060852
Crypto Equal-Weight,2021-06-24,0.06135694304332537
Crypto Equal-Weight,2021-06-25,-0.08057487382765757
Crypto Equal-Weight,2021-06-26,0.011936020786419112
Crypto Equal-Weight,2021-06-27,0.05340874980562807
Crypto Equal-Weight,2021-06-28,0.018891398769319227
Crypto Equal-Weight,2021-06-29,0.07656251270863891
Crypto Equal-Weight,2021-06-30,0.010229283835137904
Crypto Equal-Weight,2021-07-01,-0.05285788169081334
Crypto Equal-Weight,2021-07-02,0.006644821951439307
Crypto Equal-Weight,2021-07-03,0.022742221109748103
Crypto Equal-Weight,2021-07-04,0.021951839457896506
Crypto Equal-Weight,2021-07-05,-0.04758275314865554
Crypto Equal-Weight,2021-07-06,0.018173860759549767
Crypto Equal-Weight,2021-07-07,-0.01356780382657763
Crypto Equal-Weight,2021-07-08,-0.04999297514892138
Crypto Equal-Weight,2021-07-09,0.03256800205560832
Crypto Equal-Weight,2021-07-10,-0.01606017871014616
Crypto Equal-Weight,2021-07-11,0.01105089689578709
Crypto Equal-Weight,2021-07-12,-0.021458439480235236
Crypto Equal-Weight,2021-07-13,-0.0327299161905157
Crypto Equal-Weight,2021-07-14,0.005343652094854679
Crypto Equal-Weight,2021-07-15,-0.033657562374154494
Crypto Equal-Weight,2021-07-16,-0.02451103417517737
Crypto Equal-Weight,2021-07-17,-0.0020961608637220745
Crypto Equal-Weight,2021-07-18,0.0029498340208449774
Crypto Equal-Weight,2021-07-19,-0.048431026233618495
Crypto Equal-Weight,2021-07-20,-0.039675775806226554
Crypto Equal-Weight,2021-07-21,0.08404642491288189
Crypto Equal-Weight,2021-07-22,0.035105539490129026
Crypto Equal-Weight,2021-07-23,0.030230782391342626
Crypto Equal-Weight,2021-07-24,0.02087857317535161
Crypto Equal-Weight,2021-07-25,-0.0013191821921649024
Crypto Equal-Weight,2021-07-26,0.024043643109556537
Crypto Equal-Weight,2021-07-27,0.026644279596079668
Crypto Equal-Weight,2021-07-28,0.02586977610000846
Crypto Equal-Weight,2021-07-29,0.018439540828283675
Crypto Equal-Weight,2021-07-30,0.02907854641851262
Crypto Equal-Weight,2021-07-31,0.00498091412772671
Crypto Equal-Weight,2021-08-01,-0.02275880745195085
Crypto Equal-Weight,2021-08-02,0.010486102598031722
Crypto Equal-Weight,2021-08-03,-0.015388954950252165
Crypto Equal-Weight,2021-08-04,0.0358624309879367
Crypto Equal-Weight,2021-08-05,0.0162912139985419
Crypto Equal-Weight,2021-08-06,0.022413974415808856
Crypto Equal-Weight,2021-08-07,0.07056124046525346
Crypto Equal-Weight,2021-08-08,-0.044867926635484945
Crypto Equal-Weight,2021-08-09,0.053636190115404374
Crypto Equal-Weight,2021-08-10,0.019223181862006014
Crypto Equal-Weight,2021-08-11,0.06307775869864235
Crypto Equal-Weight,2021-08-12,-0.02182670386777582
Crypto Equal-Weight,2021-08-13,0.10036157544278566
Crypto Equal-Weight,2021-08-14,0.0461467226724572
Crypto Equal-Weight,2021-08-15,0.018995419510658647
Crypto Equal-Weight,2021-08-16,-0.04406572804376267
Crypto Equal-Weight,2021-08-17,-0.06500531543194384
Crypto Equal-Weight,2021-08-18,0.0130701500554424
Crypto Equal-Weight,2021-08-19,0.061922290088710884
Crypto Equal-Weight,2021-08-20,0.038683251853805764
Crypto Equal-Weight,2021-08-21,-0.02392748511978322
Crypto Equal-Weight,2021-08-22,0.018669111161964916
Crypto Equal-Weight,2021-08-23,0.02087886156926002
Crypto Equal-Weight,2021-08-24,-0.06750241932459834
Crypto Equal-Weight,2021-08-25,0.02174154514931408
Crypto Equal-Weight,2021-08-26,-0.06146006562904986
Crypto Equal-Weight,2021-08-27,0.07269710012304198
Crypto Equal-Weight,2021-08-28,-0.010523062092153713
Crypto Equal-Weight,2021-08-29,-4.2230907735907525e-05
Crypto Equal-Weight,2021-08-30,-0.03427301946401956
Crypto Equal-Weight,2021-08-31,0.03392646145784673
Crypto Equal-Weight,2021-09-01,0.055449157188527144
Crypto Equal-Weight,2021-09-02,0.011792504731032993
Crypto Equal-Weight,2021-09-03,0.04657082039539469
Crypto Equal-Weight,2021-09-04,-0.010212329589721382
Crypto Equal-Weight,2021-09-05,0.05662671470017477
Crypto Equal-Weight,2021-09-06,0.006357202425683395
Crypto Equal-Weight,2021-09-07,-0.16764027258755143
Crypto Equal-Weight,2021-09-08,0.00043078365749039645
Crypto Equal-Weight,2021-09-09,0.002673009912500279
Crypto Equal-Weight,2021-09-10,-0.042101786452271174
Crypto Equal-Weight,2021-09-11,0.0297849708151881
Crypto Equal-Weight,2021-09-12,0.03900898067552668
Crypto Equal-Weight,2021-09-13,-0.043186748837215544
Crypto Equal-Weight,2021-09-14,0.03937859648466578
Crypto Equal-Weight,2021-09-15,0.033761799679333064
Crypto Equal-Weight,2021-09-16,-0.02260339800954957
Crypto Equal-Weight,2021-09-17,-0.02821032375523107
Crypto Equal-Weight,2021-09-18,0.01464204485320872
Crypto Equal-Weight,2021-09-19,-0.03591036263566109
Crypto Equal-Weight,2021-09-20,-0.11422485591169482
Crypto Equal-Weight,2021-09-21,-0.053436343716621634
Crypto Equal-Weight,2021-09-22,0.10935609613773782
Crypto Equal-Weight,2021-09-23,0.01626576948492713
Crypto Equal-Weight,2021-09-24,-0.062483391070832464
Crypto Equal-Weight,2021-09-25,-0.004266625386774614
Crypto Equal-Weight,2021-09-26,-0.006350457317357295
Crypto Equal-Weight,2021-09-27,-0.031077363869180544
Crypto Equal-Weight,2021-09-28,-0.03298589471628974
Crypto Equal-Weight,2021-09-29,0.025201653417809958
Crypto Equal-Weight,2021-09-30,0.03985386657347911
Crypto Equal-Weight,2021-10-01,0.08583803887920276
Crypto Equal-Weight,2021-10-02,0.013146846189772719
Crypto Equal-Weight,2021-10-03,0.016058019141841507
Crypto Equal-Weight,2021-10-04,-0.0148396687445018
Crypto Equal-Weight,2021-10-05,0.03911206691222192
Crypto Equal-Weight,2021-10-06,0.026312077457067155
Crypto Equal-Weight,2021-10-07,-0.00638939697911447
Crypto Equal-Weight,2021-10-08,-0.00968783863579299
Crypto Equal-Weight,2021-10-09,0.039018902838405284
Crypto Equal-Weight,2021-10-10,-0.039372271971353526
Crypto Equal-Weight,2021-10-11,0.01616616745924252
Crypto Equal-Weight,2021-10-12,-0.024509927769433698
Crypto Equal-Weight,2021-10-13,0.03190285056564601
Crypto Equal-Weight,2021-10-14,0.008162714258494453
Crypto Equal-Weight,2021-10-15,0.021102700113018336
Crypto Equal-Weight,2021-10-16,0.002720576167623346
Crypto Equal-Weight,2021-10-17,-0.015497446977474582
Crypto Equal-Weight,2021-10-18,-0.005306693572157262
Crypto Equal-Weight,2021-10-19,0.01297720783032219
Crypto Equal-Weight,2021-10-20,0.051224364064108824
Crypto Equal-Weight,2021-10-21,-0.034430299987499836
Crypto Equal-Weight,2021-10-22,-0.009454713940141793
Crypto Equal-Weight,2021-10-23,0.019371535732781185
Crypto Equal-Weight,2021-10-24,-0.01474130699186601
Crypto Equal-Weight,2021-10-25,0.018419186895322202
Crypto Equal-Weight,2021-10-26,-0.012946919667983727
Crypto Equal-Weight,2021-10-27,-0.09185131642847817
Crypto Equal-Weight,2021-10-28,0.056729009743049105
Crypto Equal-Weight,2021-10-29,0.029088612824405093
Crypto Equal-Weight,2021-10-30,-0.010681812392085377
Crypto Equal-Weight,2021-10-31,0.014693243654273571
Crypto Equal-Weight,2021-11-01,-0.004326641926342823
Crypto Equal-Weight,2021-11-02,0.03306533584491416
Crypto Equal-Weight,2021-11-03,0.01674063604824131
Crypto Equal-Weight,2021-11-04,-0.025559105240697582
Crypto Equal-Weight,2021-11-05,-0.010200996638369953
Crypto Equal-Weight,2021-11-06,-0.004239194414665415
Crypto Equal-Weight,2021-11-07,0.023886360748030924
Crypto Equal-Weight,2021-11-08,0.060246401128590546
Crypto Equal-Weight,2021-11-09,0.05803352156635903
Crypto Equal-Weight,2021-11-10,-0.052120905365666895
Crypto Equal-Weight,2021-11-11,0.011579788077556885
Crypto Equal-Weight,2021-11-12,-0.0210453390297695
Crypto Equal-Weight,2021-11-13,0.012155992174102792
Crypto Equal-Weight,2021-11-14,0.011670347080749634
Crypto Equal-Weight,2021-11-15,-0.014913367152786261
Crypto Equal-Weight,2021-11-16,-0.08539536762425981
Crypto Equal-Weight,2021-11-17,0.005029029807759611
Crypto Equal-Weight,2021-11-18,-0.0665955079971689
Crypto Equal-Weight,2021-11-19,0.050189937841265554
Crypto Equal-Weight,2021-11-20,0.015769369693102133
Crypto Equal-Weight,2021-11-21,-0.01876418665940255
Crypto Equal-Weight,2021-11-22,-0.03659805229489672
Crypto Equal-Weight,2021-11-23,0.02241482154078316
Crypto Equal-Weight,2021-11-24,-0.02499458171002355
Crypto Equal-Weight,2021-11-25,0.009420096135543756
Crypto Equal-Weight,2021-11-26,-0.06649545894871833
Crypto Equal-Weight,2021-11-27,0.01136172499470266
Crypto Equal-Weight,2021-11-28,0.021529982658934313
Crypto Equal-Weight,2021-11-29,0.01799870615317625
Crypto Equal-Weight,2021-11-30,0.002987059510877521
Crypto Equal-Weight,2021-12-01,-0.004816033852340695
Crypto Equal-Weight,2021-12-02,0.0029771478098470127
Crypto Equal-Weight,2021-12-03,-0.054804135310390995
Crypto Equal-Weight,2021-12-04,-0.09966679308991833
Crypto Equal-Weight,2021-12-05,-0.025153555791845417
Crypto Equal-Weight,2021-12-06,0.040040442806494346
Crypto Equal-Weight,2021-12-07,-0.005612405331474191
Crypto Equal-Weight,2021-12-08,0.03731739189615066
Crypto Equal-Weight,2021-12-09,-0.06974011815598742
Crypto Equal-Weight,2021-12-10,-0.03764782144196946
Crypto Equal-Weight,2021-12-11,0.062185845911676044
Crypto Equal-Weight,2021-12-12,0.0005450006496776847
Crypto Equal-Weight,2021-12-13,-0.08065923921980625
Crypto Equal-Weight,2021-12-14,0.011911581619101387
Crypto Equal-Weight,2021-12-15,0.04872903431115065
Crypto Equal-Weight,2021-12-16,-0.03275391370957652
Crypto Equal-Weight,2021-12-17,-0.024771957522853383
Crypto Equal-Weight,2021-12-18,0.020225622720911683
Crypto Equal-Weight,2021-12-19,-0.0022465892681545643
Crypto Equal-Weight,2021-12-20,0.0027239347357453153
Crypto Equal-Weight,2021-12-21,0.03319664389737751
Crypto Equal-Weight,2021-12-22,0.005615825220858107
Crypto Equal-Weight,2021-12-23,0.052881521190734665
Crypto Equal-Weight,2021-12-24,-0.025854589725139758
Crypto Equal-Weight,2021-12-25,0.012088707351344341
Crypto Equal-Weight,2021-12-26,-0.0019257207082916453
Crypto Equal-Weight,2021-12-27,0.006955401909512827
Crypto Equal-Weight,2021-12-28,-0.06626174340482957
Crypto Equal-Weight,2021-12-29,-0.02867247058178535
Crypto Equal-Weight,2021-12-30,0.016974196767416672
Crypto Equal-Weight,2021-12-31,-0.015267470914003978
Crypto Equal-Weight,2022-01-01,0.02912269050477836
Crypto Equal-Weight,2022-01-02,0.015540556191764499
Crypto Equal-Weight,2022-01-03,-0.020728701930202716
Crypto Equal-Weight,2022-01-04,-0.011764087452726647
Crypto Equal-Weight,2022-01-05,-0.06206812715046752
Crypto Equal-Weight,2022-01-06,-0.0008726027668847446
Crypto Equal-Weight,2022-01-07,-0.040404478130600344
Crypto Equal-Weight,2022-01-08,-0.020935419274153235
Crypto Equal-Weight,2022-01-09,0.00938373839620118
Crypto Equal-Weight,2022-01-10,-0.03018341787231781
Crypto Equal-Weight,2022-01-11,0.03416218451646136
Crypto Equal-Weight,2022-01-12,0.05390506305509349
Crypto Equal-Weight,2022-01-13,-0.034351553179315694
Crypto Equal-Weight,2022-01-14,0.025946966258798363
Crypto Equal-Weight,2022-01-15,0.008994754628404667
Crypto Equal-Weight,2022-01-16,0.0065039051181924774
Crypto Equal-Weight,2022-01-17,0.00046937886742684943
Crypto Equal-Weight,2022-01-18,-0.015388287946141763
Crypto Equal-Weight,2022-01-19,-0.029012441761665654
Crypto Equal-Weight,2022-01-20,-0.04252286623358551
Crypto Equal-Weight,2022-01-21,-0.11571254110166601
Crypto Equal-Weight,2022-01-22,-0.05885921527965914
Crypto Equal-Weight,2022-01-23,0.03875242717376981
Crypto Equal-Weight,2022-01-24,-0.028662159065224815
Crypto Equal-Weight,2022-01-25,0.0004887591135445127
Crypto Equal-Weight,2022-01-26,0.005058996734153465
Crypto Equal-Weight,2022-01-27,-0.008704446363619856
Crypto Equal-Weight,2022-01-28,0.025426408633765198
Crypto Equal-Weight,2022-01-29,0.014763887792000531
Crypto Equal-Weight,2022-01-30,-0.01730228000829739
Crypto Equal-Weight,2022-01-31,0.014535726144460118
Crypto Equal-Weight,2022-02-01,0.023033684182255224
Crypto Equal-Weight,2022-02-02,-0.0392681340350189
Crypto Equal-Weight,2022-02-03,0.015430349548788727
Crypto Equal-Weight,2022-02-04,0.08722734863520698
Crypto Equal-Weight,2022-02-05,0.009422977778614994
Crypto Equal-Weight,2022-02-06,0.02460039905956177
Crypto Equal-Weight,2022-02-07,0.07049951598030699
Crypto Equal-Weight,2022-02-08,-0.0025026088809162687
Crypto Equal-Weight,2022-02-09,0.019764412626272824
Crypto Equal-Weight,2022-02-10,-0.026291180600430487
Crypto Equal-Weight,2022-02-11,-0.059878460105618043
Crypto Equal-Weight,2022-02-12,0.004881581624613972
Crypto Equal-Weight,2022-02-13,-0.0009595511905362898
Crypto Equal-Weight,2022-02-14,-0.004873680716226226
Crypto Equal-Weight,2022-02-15,0.055317919791162566
Crypto Equal-Weight,2022-02-16,-0.015403125009194408
Crypto Equal-Weight,2022-02-17,-0.07783500010761192
Crypto Equal-Weight,2022-02-18,-0.007808763498197357
Crypto Equal-Weight,2022-02-19,0.005728448292466137
Crypto Equal-Weight,2022-02-20,-0.04326270437002942
Crypto Equal-Weight,2022-02-21,-0.0626345494325867
Crypto Equal-Weight,2022-02-22,0.039267972983908536
Crypto Equal-Weight,2022-02-23,-0.020894244531552655
Crypto Equal-Weight,2022-02-24,0.0018385094903915378
Crypto Equal-Weight,2022-02-25,0.04265680231986539
Crypto Equal-Weight,2022-02-26,0.002904508069891176
Crypto Equal-Weight,2022-02-27,-0.04140870790385846
Crypto Equal-Weight,2022-02-28,0.10086406570540668
Crypto Equal-Weight,2022-03-01,0.0031196221938872945
Crypto Equal-Weight,2022-03-02,-0.018961438742063776
Crypto Equal-Weight,2022-03-03,-0.01945143008743081
Crypto Equal-Weight,2022-03-04,-0.0696371325993718
Crypto Equal-Weight,2022-03-05,0.0252353977196617
Crypto Equal-Weight,2022-03-06,-0.03685028874198392
Crypto Equal-Weight,2022-03-07,-0.01777702786344355
Crypto Equal-Weight,2022-03-08,0.019149664845266434
Crypto Equal-Weight,2022-03-09,0.06142501332371159
Crypto Equal-Weight,2022-03-10,-0.04529719373610162
Crypto Equal-Weight,2022-03-11,0.00725138935331222
Crypto Equal-Weight,2022-03-12,-0.0003131008534325579
Crypto Equal-Weight,2022-03-13,-0.026829848389654964
Crypto Equal-Weight,2022-03-14,0.025832757715324072
Crypto Equal-Weight,2022-03-15,0.002887432540878421
Crypto Equal-Weight,2022-03-16,0.041546730983816206
Crypto Equal-Weight,2022-03-17,-0.0021367286149943324
Crypto Equal-Weight,2022-03-18,0.022870714126966354
Crypto Equal-Weight,2022-03-19,0.04889256616829627
Crypto Equal-Weight,2022-03-20,-0.0008807548129557872
Crypto Equal-Weight,2022-03-21,0.023983811636451396
Crypto Equal-Weight,2022-03-22,0.06288462575961844
Crypto Equal-Weight,2022-03-23,0.012081167675711223
Crypto Equal-Weight,2022-03-24,0.02453322843609056
Crypto Equal-Weight,2022-03-25,-0.011489590412916785
Crypto Equal-Weight,2022-03-26,0.009594654493158005
Crypto Equal-Weight,2022-03-27,0.042547875454710636
Crypto Equal-Weight,2022-03-28,0.00445177065782223
Crypto Equal-Weight,2022-03-29,0.013999177555741139
Crypto Equal-Weight,2022-03-30,0.009501167971384695
Crypto Equal-Weight,2022-03-31,-0.03077250341725826
Crypto Equal-Weight,2022-04-01,0.01314246889255092
Crypto Equal-Weight,2022-04-02,-0.010246088629816429
Crypto Equal-Weight,2022-04-03,0.019144810628382403
Crypto Equal-Weight,2022-04-04,-0.006553388346854017
Crypto Equal-Weight,2022-04-05,-0.028460521862655356
Crypto Equal-Weight,2022-04-06,-0.09165544300198733
Crypto Equal-Weight,2022-04-07,0.0361365525133895
Crypto Equal-Weight,2022-04-08,-0.0418624787584597
Crypto Equal-Weight,2022-04-09,0.01842106310011493
Crypto Equal-Weight,2022-04-10,-0.017001828378892973
Crypto Equal-Weight,2022-04-11,-0.08038746598850147
Crypto Equal-Weight,2022-04-12,0.0283449435915488
Crypto Equal-Weight,2022-04-13,0.03716934184651202
Crypto Equal-Weight,2022-04-14,-0.02365856424583321
Crypto Equal-Weight,2022-04-15,0.031038335249899567
Crypto Equal-Weight,2022-04-16,0.014421413264668358
Crypto Equal-Weight,2022-04-17,-0.038583655169079335
Crypto Equal-Weight,2022-04-18,0.02228925033010376
Crypto Equal-Weight,2022-04-19,0.021499995707293638
Crypto Equal-Weight,2022-04-20,-0.012096637850906013
Crypto Equal-Weight,2022-04-21,-0.020877854849308073
Crypto Equal-Weight,2022-04-22,-0.011750225224195167
Crypto Equal-Weight,2022-04-23,-0.012860547675251912
Crypto Equal-Weight,2022-04-24,-0.013762498814561454
Crypto Equal-Weight,2022-04-25,0.01016629986165194
Crypto Equal-Weight,2022-04-26,-0.06831752801509475
Crypto Equal-Weight,2022-04-27,0.024420882858019202
Crypto Equal-Weight,2022-04-28,0.008911743483814662
Crypto Equal-Weight,2022-04-29,-0.03646867383836265
Crypto Equal-Weight,2022-04-30,-0.05335987681911827
Crypto Equal-Weight,2022-05-01,0.047335770451658335
Crypto Equal-Weight,2022-05-02,-0.003150579813704691
Crypto Equal-Weight,2022-05-03,-0.010712090547274924
Crypto Equal-Weight,2022-05-04,0.09768777207422856
Crypto Equal-Weight,2022-05-05,-0.08792760957755685
Crypto Equal-Weight,2022-05-06,0.009911536356464601
Crypto Equal-Weight,2022-05-07,-0.025861551667197512
Crypto Equal-Weight,2022-05-08,-0.01912325233741754
Crypto Equal-Weight,2022-05-09,-0.13858540201932165
Crypto Equal-Weight,2022-05-10,0.03548752611899278
Crypto Equal-Weight,2022-05-11,-0.14409244004091043
Crypto Equal-Weight,2022-05-12,-0.04872558742882797
Crypto Equal-Weight,2022-05-13,0.06680643620759522
Crypto Equal-Weight,2022-05-14,0.021150943771016485
Crypto Equal-Weight,2022-05-15,0.041672055707046005
Crypto Equal-Weight,2022-05-16,-0.05961559892154227
Crypto Equal-Weight,2022-05-17,0.04388035967930753
Crypto Equal-Weight,2022-05-18,-0.07934075845361611
Crypto Equal-Weight,2022-05-19,0.04750690560771123
Crypto Equal-Weight,2022-05-20,-0.03175963714668381
Crypto Equal-Weight,2022-05-21,0.01647804411295526
Crypto Equal-Weight,2022-05-22,0.03472782004763588
Crypto Equal-Weight,2022-05-23,-0.0328043162476431
Crypto Equal-Weight,2022-05-24,0.03203904359740626
Crypto Equal-Weight,2022-05-25,-0.009345323136245278
Crypto Equal-Weight,2022-05-26,-0.05070413016976659
Crypto Equal-Weight,2022-05-27,-0.02852164180232375
Crypto Equal-Weight,2022-05-28,0.01804435320543567
Crypto Equal-Weight,2022-05-29,0.02776182819934858
Crypto Equal-Weight,2022-05-30,0.08357793585561525
Crypto Equal-Weight,2022-05-31,0.011728387575256224
Crypto Equal-Weight,2022-06-01,-0.0710803050374161
Crypto Equal-Weight,2022-06-02,0.0241083992323192
Crypto Equal-Weight,2022-06-03,-0.02621997954174823
Crypto Equal-Weight,2022-06-04,0.00729477174064296
Crypto Equal-Weight,2022-06-05,-0.004211390828016737
Crypto Equal-Weight,2022-06-06,0.02920144611179571
Crypto Equal-Weight,2022-06-07,-0.011969793902402003
Crypto Equal-Weight,2022-06-08,-0.013612383477299806
Crypto Equal-Weight,2022-06-09,-0.006290799584613548
Crypto Equal-Weight,2022-06-10,-0.052389569676345525
Crypto Equal-Weight,2022-06-11,-0.05910299544008757
Crypto Equal-Weight,2022-06-12,-0.05806915079641411
Crypto Equal-Weight,2022-06-13,-0.12649945561716175
Crypto Equal-Weight,2022-06-14,0.011680498107776518
Crypto Equal-Weight,2022-06-15,0.06542525357596153
Crypto Equal-Weight,2022-06-16,-0.1071884006610222
Crypto Equal-Weight,2022-06-17,0.036461982033388525
Crypto Equal-Weight,2022-06-18,-0.04251541303837564
Crypto Equal-Weight,2022-06-19,0.07927452664115973
Crypto Equal-Weight,2022-06-20,0.0015757411640274664
Crypto Equal-Weight,2022-06-21,0.005971368768382866
Crypto Equal-Weight,2022-06-22,-0.03599036081922781
Crypto Equal-Weight,2022-06-23,0.047340504070337984
Crypto Equal-Weight,2022-06-24,0.03819140914105866
Crypto Equal-Weight,2022-06-25,0.007753439427377806
Crypto Equal-Weight,2022-06-26,-0.021408985862141752
Crypto Equal-Weight,2022-06-27,-0.006753675892738909
Crypto Equal-Weight,2022-06-28,-0.043163800565628886
Crypto Equal-Weight,2022-06-29,-0.014634249838758707
Crypto Equal-Weight,2022-06-30,-0.007364903002337223
Crypto Equal-Weight,2022-07-01,-0.022743101604300778
Crypto Equal-Weight,2022-07-02,0.010206534368909838
Crypto Equal-Weight,2022-07-03,0.006203747849250052
Crypto Equal-Weight,2022-07-04,0.03434928007958627
Crypto Equal-Weight,2022-07-05,-0.019035901264224744
Crypto Equal-Weight,2022-07-06,0.01714929107079264
Crypto Equal-Weight,2022-07-07,0.03818408898870451
Crypto Equal-Weight,2022-07-08,-0.009716256354324614
Crypto Equal-Weight,2022-07-09,0.014113331687002918
Crypto Equal-Weight,2022-07-10,-0.039914641433941585
Crypto Equal-Weight,2022-07-11,-0.055941769132582544
Crypto Equal-Weight,2022-07-12,-0.023506154582261483
Crypto Equal-Weight,2022-07-13,0.04427791375235155
Crypto Equal-Weight,2022-07-14,0.023188826061356818
Crypto Equal-Weight,2022-07-15,0.013295712298953434
Crypto Equal-Weight,2022-07-16,0.05154078995565464
Crypto Equal-Weight,2022-07-17,-0.0009481346380628367
Crypto Equal-Weight,2022-07-18,0.10792768941483928
Crypto Equal-Weight,2022-07-19,0.018286943077011588
Crypto Equal-Weight,2022-07-20,-0.03622962949559685
Crypto Equal-Weight,2022-07-21,0.024561258029602205
Crypto Equal-Weight,2022-07-22,-0.007789360004250423
Crypto Equal-Weight,2022-07-23,0.0075367209362238955
Crypto Equal-Weight,2022-07-24,0.019692387162963055
Crypto Equal-Weight,2022-07-25,-0.07276478282443086
Crypto Equal-Weight,2022-07-26,0.00427972286266034
Crypto Equal-Weight,2022-07-27,0.10911298957386757
Crypto Equal-Weight,2022-07-28,0.07791692582964407
Crypto Equal-Weight,2022-07-29,-0.005829183344439626
Crypto Equal-Weight,2022-07-30,-0.004675670221653649
Crypto Equal-Weight,2022-07-31,-0.016465189612308164
Crypto Equal-Weight,2022-08-01,-0.012699082640371008
Crypto Equal-Weight,2022-08-02,-0.018731547141342078
Crypto Equal-Weight,2022-08-03,-0.005898263614123967
Crypto Equal-Weight,2022-08-04,0.0014520885855312192
Crypto Equal-Weight,2022-08-05,0.04574473649123465
Crypto Equal-Weight,2022-08-06,-0.009351144158146453
Crypto Equal-Weight,2022-08-07,0.006392427307688353
Crypto Equal-Weight,2022-08-08,0.022944762116980797
Crypto Equal-Weight,2022-08-09,-0.04364255068394753
Crypto Equal-Weight,2022-08-10,0.05001775589284965
Crypto Equal-Weight,2022-08-11,0.013045285139439911
Crypto Equal-Weight,2022-08-12,0.014118240519318504
Crypto Equal-Weight,2022-08-13,0.007878268833164915
Crypto Equal-Weight,2022-08-14,-0.012942023802462376
Crypto Equal-Weight,2022-08-15,-0.01673484372583201
Crypto Equal-Weight,2022-08-16,0.00209126616210481
Crypto Equal-Weight,2022-08-17,-0.006078541612463406
Crypto Equal-Weight,2022-08-18,-0.017337879464370286
Crypto Equal-Weight,2022-08-19,-0.1080894597290833
Crypto Equal-Weight,2022-08-20,0.014368971101450911
Crypto Equal-Weight,2022-08-21,0.031694698941254096
Crypto Equal-Weight,2022-08-22,0.02147356950618195
Crypto Equal-Weight,2022-08-23,0.014107231905767195
Crypto Equal-Weight,2022-08-24,-0.007648736420349412
Crypto Equal-Weight,2022-08-25,0.01094257699168686
Crypto Equal-Weight,2022-08-26,-0.07803359417007812
Crypto Equal-Weight,2022-08-27,0.0021792845693798693
Crypto Equal-Weight,2022-08-28,-0.033573061151733086
Crypto Equal-Weight,2022-08-29,0.04925487420357117
Crypto Equal-Weight,2022-08-30,-0.026894195820249905
Crypto Equal-Weight,2022-08-31,0.0032082975179153817
Crypto Equal-Weight,2022-09-01,0.02437063798841811
Crypto Equal-Weight,2022-09-02,0.004941360554689911
Crypto Equal-Weight,2022-09-03,0.0021444066227914943
Crypto Equal-Weight,2022-09-04,0.009466664886264419
Crypto Equal-Weight,2022-09-05,0.031521784509391984
Crypto Equal-Weight,2022-09-06,-0.0711698190596358
Crypto Equal-Weight,2022-09-07,0.05776727663863668
Crypto Equal-Weight,2022-09-08,0.005849298003899806
Crypto Equal-Weight,2022-09-09,0.05861627705926811
Crypto Equal-Weight,2022-09-10,0.01834220726446272
Crypto Equal-Weight,2022-09-11,-0.011384277713285618
Crypto Equal-Weight,2022-09-12,-0.007453641423881051
Crypto Equal-Weight,2022-09-13,-0.07111080127953139
Crypto Equal-Weight,2022-09-14,0.021343579918086813
Crypto Equal-Weight,2022-09-15,-0.04826521767813676
Crypto Equal-Weight,2022-09-16,0.013050713012939598
Crypto Equal-Weight,2022-09-17,0.031041752444428392
Crypto Equal-Weight,2022-09-18,-0.07844006705083154
Crypto Equal-Weight,2022-09-19,0.02205062184171413
Crypto Equal-Weight,2022-09-20,0.00012092982397091546
Crypto Equal-Weight,2022-09-21,-0.039127276267486556
Crypto Equal-Weight,2022-09-22,0.06731721632356923
Crypto Equal-Weight,2022-09-23,0.011085161822327872
Crypto Equal-Weight,2022-09-24,-0.021096523709983692
Crypto Equal-Weight,2022-09-25,-0.013323073667573293
Crypto Equal-Weight,2022-09-26,0.002677652663144337
Crypto Equal-Weight,2022-09-27,-0.015303930453989192
Crypto Equal-Weight,2022-09-28,-0.0012962799289126913
Crypto Equal-Weight,2022-09-29,0.026085138651090946
Crypto Equal-Weight,2022-09-30,-0.004491731472247418
Crypto Equal-Weight,2022-10-01,0.0008534505682332936
Crypto Equal-Weight,2022-10-02,-0.025340823712240203
Crypto Equal-Weight,2022-10-03,0.02177381961999727
Crypto Equal-Weight,2022-10-04,0.024596952998144017
Crypto Equal-Weight,2022-10-05,-0.004256612742547317
Crypto Equal-Weight,2022-10-06,-0.006072386991168045
Crypto Equal-Weight,2022-10-07,-0.0041997237012902245
Crypto Equal-Weight,2022-10-08,-0.0031627007461755177
Crypto Equal-Weight,2022-10-09,0.010305532644744562
Crypto Equal-Weight,2022-10-10,-0.04378364997925048
Crypto Equal-Weight,2022-10-11,-0.01811325390537241
Crypto Equal-Weight,2022-10-12,0.0017588610791762658
Crypto Equal-Weight,2022-10-13,-0.016872170705753243
Crypto Equal-Weight,2022-10-14,0.0024026320207527047
Crypto Equal-Weight,2022-10-15,-0.007131151020167648
Crypto Equal-Weight,2022-10-16,0.011621146466186614
Crypto Equal-Weight,2022-10-17,0.011846976355508422
Crypto Equal-Weight,2022-10-18,-0.015818455509828577
Crypto Equal-Weight,2022-10-19,-0.024324659241497005
Crypto Equal-Weight,2022-10-20,-0.002619610516268811
Crypto Equal-Weight,2022-10-21,0.013255302797449077
Crypto Equal-Weight,2022-10-22,0.01085435584045934
Crypto Equal-Weight,2022-10-23,0.019051152137463643
Crypto Equal-Weight,2022-10-24,-0.0200393127323265
Crypto Equal-Weight,2022-10-25,0.053188844301937294
Crypto Equal-Weight,2022-10-26,0.023395554187381103
Crypto Equal-Weight,2022-10-27,-0.021055507328959756
Crypto Equal-Weight,2022-10-28,0.020022714690651536
Crypto Equal-Weight,2022-10-29,0.01645220704709567
Crypto Equal-Weight,2022-10-30,-0.02340182217984157
Crypto Equal-Weight,2022-10-31,0.0012976892075733605
Crypto Equal-Weight,2022-11-01,-0.004912792959008127
Crypto Equal-Weight,2022-11-02,-0.014486227815160457
Crypto Equal-Weight,2022-11-03,0.015883857574179074
Crypto Equal-Weight,2022-11-04,0.0685059505372958
Crypto Equal-Weight,2022-11-05,-0.00020999726714571263
Crypto Equal-Weight,2022-11-06,-0.03910438366190772
Crypto Equal-Weight,2022-11-07,0.00012663336940262862
Crypto Equal-Weight,2022-11-08,-0.1167796687963813
Crypto Equal-Weight,2022-11-09,-0.14533737478270545
Crypto Equal-Weight,2022-11-10,0.15718182435819014
Crypto Equal-Weight,2022-11-11,-0.017450224027057117
Crypto Equal-Weight,2022-11-12,-0.031724200843263994
Crypto Equal-Weight,2022-11-13,-0.03424062873727751
Crypto Equal-Weight,2022-11-14,0.023508344251123928
Crypto Equal-Weight,2022-11-15,0.014770586640126848
Crypto Equal-Weight,2022-11-16,-0.018455154464827005
Crypto Equal-Weight,2022-11-17,0.005198850055400295
Crypto Equal-Weight,2022-11-18,0.002262774809897816
Crypto Equal-Weight,2022-11-19,0.007957564572855102
Crypto Equal-Weight,2022-11-20,-0.04097185663900473
Crypto Equal-Weight,2022-11-21,-0.013766519939743082
Crypto Equal-Weight,2022-11-22,0.03818765204158874
Crypto Equal-Weight,2022-11-23,0.04600819648222201
Crypto Equal-Weight,2022-11-24,0.01047953732323903
Crypto Equal-Weight,2022-11-25,-0.006553732974283943
Crypto Equal-Weight,2022-11-26,-0.003913906244352327
Crypto Equal-Weight,2022-11-27,-0.0016151355296764704
Crypto Equal-Weight,2022-11-28,-0.017932822384435165
Crypto Equal-Weight,2022-11-29,0.016379010998877487
Crypto Equal-Weight,2022-11-30,0.034122282916634196
Crypto Equal-Weight,2022-12-01,-0.02010211654273666
Crypto Equal-Weight,2022-12-02,0.00869650707204106
Crypto Equal-Weight,2022-12-03,-0.019275456071140583
Crypto Equal-Weight,2022-12-04,0.011134860482354783
Crypto Equal-Weight,2022-12-05,-0.0018791591478292905
Crypto Equal-Weight,2022-12-06,0.006433327246687715
Crypto Equal-Weight,2022-12-07,-0.01939734123673914
Crypto Equal-Weight,2022-12-08,0.021648162393384764
Crypto Equal-Weight,2022-12-09,-0.005385923408072269
Crypto Equal-Weight,2022-12-10,-0.00041431654895387473
Crypto Equal-Weight,2022-12-11,-0.012363960479477366
Crypto Equal-Weight,2022-12-12,-0.0025423718663757033
Crypto Equal-Weight,2022-12-13,0.022912054945997577
Crypto Equal-Weight,2022-12-14,-0.010998918446365035
Crypto Equal-Weight,2022-12-15,-0.0234077154992274
Crypto Equal-Weight,2022-12-16,-0.08042107349128047
Crypto Equal-Weight,2022-12-17,0.014197022017520213
Crypto Equal-Weight,2022-12-18,-0.0065492284917213275
Crypto Equal-Weight,2022-12-19,-0.030900155037951897
Crypto Equal-Weight,2022-12-20,0.03630442386762824
Crypto Equal-Weight,2022-12-21,-0.003591498772828528
Crypto Equal-Weight,2022-12-22,0.006183164973579569
Crypto Equal-Weight,2022-12-23,-0.0010842824716702953
Crypto Equal-Weight,2022-12-24,-0.0009345266149806466
Crypto Equal-Weight,2022-12-25,0.0003434715730120659
Crypto Equal-Weight,2022-12-26,0.01605461149027626
Crypto Equal-Weight,2022-12-27,-0.011762568229070092
Crypto Equal-Weight,2022-12-28,-0.027080495320851314
Crypto Equal-Weight,2022-12-29,-0.0006051108231715056
Crypto Equal-Weight,2022-12-30,0.00041194725546174184
Crypto Equal-Weight,2022-12-31,0.0012423581931927934
Crypto Equal-Weight,2023-01-01,0.007755602914296445
Crypto Equal-Weight,2023-01-02,0.01900434961362503
Crypto Equal-Weight,2023-01-03,-0.0027050635667062563
Crypto Equal-Weight,2023-01-04,0.0370398709618052
Crypto Equal-Weight,2023-01-05,-0.014915270707060857
Crypto Equal-Weight,2023-01-06,0.02399224989900126
Crypto Equal-Weight,2023-01-07,-0.0033150493784421474
Crypto Equal-Weight,2023-01-08,0.02215294241808401
Crypto Equal-Weight,2023-01-09,0.0273397797884958
Crypto Equal-Weight,2023-01-10,0.006023627086972294
Crypto Equal-Weight,2023-01-11,0.0293627235624937
Crypto Equal-Weight,2023-01-12,0.025749110740923696
Crypto Equal-Weight,2023-01-13,0.03391595944645199
Crypto Equal-Weight,2023-01-14,0.034338832142037486
Crypto Equal-Weight,2023-01-15,-0.0026764894860901167
Crypto Equal-Weight,2023-01-16,-0.004590647914346924
Crypto Equal-Weight,2023-01-17,-0.004905501990651051
Crypto Equal-Weight,2023-01-18,-0.042835744481502354
Crypto Equal-Weight,2023-01-19,0.023740913258057026
Crypto Equal-Weight,2023-01-20,0.06451981663484795
Crypto Equal-Weight,2023-01-21,-0.009632871913905806
Crypto Equal-Weight,2023-01-22,0.009943629551392632
Crypto Equal-Weight,2023-01-23,0.020945304673450772
Crypto Equal-Weight,2023-01-24,-0.041702126622754424
Crypto Equal-Weight,2023-01-25,0.030705961642368048
Crypto Equal-Weight,2023-01-26,-0.0017370736202734988
Crypto Equal-Weight,2023-01-27,0.010663978155810239
Crypto Equal-Weight,2023-01-28,-0.008871756409081723
Crypto Equal-Weight,2023-01-29,0.03185076197963703
Crypto Equal-Weight,2023-01-30,-0.04704284596112843
Crypto Equal-Weight,2023-01-31,0.01970616656237656
Crypto Equal-Weight,2023-02-01,0.025797610005811867
Crypto Equal-Weight,2023-02-02,-0.004085517910096637
Crypto Equal-Weight,2023-02-03,0.013795338410564273
Crypto Equal-Weight,2023-02-04,0.0008217074966740401
Crypto Equal-Weight,2023-02-05,-0.021485676165057394
Crypto Equal-Weight,2023-02-06,-0.017506770629490034
Crypto Equal-Weight,2023-02-07,0.03869117832630642
Crypto Equal-Weight,2023-02-08,-0.015035624875278052
Crypto Equal-Weight,2023-02-09,-0.05771134865422327
Crypto Equal-Weight,2023-02-10,-0.0009264932442613174
Crypto Equal-Weight,2023-02-11,0.011119083825479525
Crypto Equal-Weight,2023-02-12,-0.014240155531741516
Crypto Equal-Weight,2023-02-13,-0.003184222497895306
Crypto Equal-Weight,2023-02-14,0.029872183904632737
Crypto Equal-Weight,2023-02-15,0.06536374685986238
Crypto Equal-Weight,2023-02-16,-0.0437863949888458
Crypto Equal-Weight,2023-02-17,0.04882788616562266
Crypto Equal-Weight,2023-02-18,0.007887810379065562
Crypto Equal-Weight,2023-02-19,-0.010708115017883579
Crypto Equal-Weight,2023-02-20,0.025052763815127686
Crypto Equal-Weight,2023-02-21,-0.01918195592707385
Crypto Equal-Weight,2023-02-22,-0.007432613906955421
Crypto Equal-Weight,2023-02-23,-0.011735816425103697
Crypto Equal-Weight,2023-02-24,-0.03497155614609792
Crypto Equal-Weight,2023-02-25,-0.00247534121806664
Crypto Equal-Weight,2023-02-26,0.017734774694643064
Crypto Equal-Weight,2023-02-27,-0.004616748672202599
Crypto Equal-Weight,2023-02-28,-0.012715198199124325
Crypto Equal-Weight,2023-03-01,0.02613632945537423
Crypto Equal-Weight,2023-03-02,-0.010070787872863439
Crypto Equal-Weight,2023-03-03,-0.022607444872867956
Crypto Equal-Weight,2023-03-04,-0.01880899563048919
Crypto Equal-Weight,2023-03-05,-0.001995698481330155
Crypto Equal-Weight,2023-03-06,-0.00392180502006011
Crypto Equal-Weight,2023-03-07,-0.008894546655637112
Crypto Equal-Weight,2023-03-08,-0.027210303066710507
Crypto Equal-Weight,2023-03-09,-0.06062363391736244
Crypto Equal-Weight,2023-03-10,-0.004351473976778364
Crypto Equal-Weight,2023-03-11,0.0018321938898936076
Crypto Equal-Weight,2023-03-12,0.0674362877377666
Crypto Equal-Weight,2023-03-13,0.043876827588640886
Crypto Equal-Weight,2023-03-14,0.020163527323838592
Crypto Equal-Weight,2023-03-15,-0.05192990719788017
Crypto Equal-Weight,2023-03-16,0.018210966972107202
Crypto Equal-Weight,2023-03-17,0.06565744021574993
Crypto Equal-Weight,2023-03-18,-0.022695728368747784
Crypto Equal-Weight,2023-03-19,0.02849706335215436
Crypto Equal-Weight,2023-03-20,-0.03439950547262127
Crypto Equal-Weight,2023-03-21,0.07619108897481006
Crypto Equal-Weight,2023-03-22,-0.04933245640002721
Crypto Equal-Weight,2023-03-23,0.04653891872498437
Crypto Equal-Weight,2023-03-24,-0.027248347242557584
Crypto Equal-Weight,2023-03-25,-0.0020463756958890474
Crypto Equal-Weight,2023-03-26,0.013712003864556753
Crypto Equal-Weight,2023-03-27,-0.01925061693997912
Crypto Equal-Weight,2023-03-28,0.029880537619454882
Crypto Equal-Weight,2023-03-29,0.02862273797752435
Crypto Equal-Weight,2023-03-30,-0.00176075907499288
Crypto Equal-Weight,2023-03-31,0.02249685501481828
Crypto Equal-Weight,2023-04-01,-0.004093416876705502
Crypto Equal-Weight,2023-04-02,-0.007162079471210981
Crypto Equal-Weight,2023-04-03,-0.0018588488543411666
Crypto Equal-Weight,2023-04-04,0.008769344303898264
Crypto Equal-Weight,2023-04-05,0.004589962586101925
Crypto Equal-Weight,2023-04-06,-0.008989619099706548
Crypto Equal-Weight,2023-04-07,-0.0007157523707202245
Crypto Equal-Weight,2023-04-08,-0.007581287504680156
Crypto Equal-Weight,2023-04-09,0.0085751661116362
Crypto Equal-Weight,2023-04-10,0.023579695263970035
Crypto Equal-Weight,2023-04-11,0.0038228605318978977
Crypto Equal-Weight,2023-04-12,-0.0047451783135010975
Crypto Equal-Weight,2023-04-13,0.02334972192127425
Crypto Equal-Weight,2023-04-14,0.015352888933841126
Crypto Equal-Weight,2023-04-15,-0.0004410469546381693
Crypto Equal-Weight,2023-04-16,0.007813593645352735
Crypto Equal-Weight,2023-04-17,-0.023954347127940975
Crypto Equal-Weight,2023-04-18,0.02048926563833755
Crypto Equal-Weight,2023-04-19,-0.0703063812395199
Crypto Equal-Weight,2023-04-20,-0.016593825169400268
Crypto Equal-Weight,2023-04-21,-0.036250648570689395
Crypto Equal-Weight,2023-04-22,0.027746816801226506
Crypto Equal-Weight,2023-04-23,-0.011357535930528783
Crypto Equal-Weight,2023-04-24,-0.006202409007347477
Crypto Equal-Weight,2023-04-25,0.016867220618823685
Crypto Equal-Weight,2023-04-26,-0.012759860883439278
Crypto Equal-Weight,2023-04-27,0.01493264831109805
Crypto Equal-Weight,2023-04-28,0.003736322462608444
Crypto Equal-Weight,2023-04-29,0.005886241885930077
Crypto Equal-Weight,2023-04-30,-0.013803832708956977
Crypto Equal-Weight,2023-05-01,-0.017095930932513506
Crypto Equal-Weight,2023-05-02,0.01303856664680343
Crypto Equal-Weight,2023-05-03,0.007033688642077719
Crypto Equal-Weight,2023-05-04,-0.010527365221955643
Crypto Equal-Weight,2023-05-05,0.0206916461158581
Crypto Equal-Weight,2023-05-06,-0.029721123498456306
Crypto Equal-Weight,2023-05-07,-0.011481109989431838
Crypto Equal-Weight,2023-05-08,-0.03585792627868483
Crypto Equal-Weight,2023-05-09,0.016064871833109975
Crypto Equal-Weight,2023-05-10,-0.0016382682780426983
Crypto Equal-Weight,2023-05-11,-0.02088555232312441
Crypto Equal-Weight,2023-05-12,0.006633145413243956
Crypto Equal-Weight,2023-05-13,-0.006690148368844428
Crypto Equal-Weight,2023-05-14,0.009488724033330365
Crypto Equal-Weight,2023-05-15,0.008324650956111014
Crypto Equal-Weight,2023-05-16,0.008422101567971952
Crypto Equal-Weight,2023-05-17,0.014914573072979954
Crypto Equal-Weight,2023-05-18,-0.01162563308424376
Crypto Equal-Weight,2023-05-19,0.003288349523594647
Crypto Equal-Weight,2023-05-20,0.004911939670877463
Crypto Equal-Weight,2023-05-21,-0.010665021585102118
Crypto Equal-Weight,2023-05-22,0.00852947908232017
Crypto Equal-Weight,2023-05-23,0.008546689643816751
Crypto Equal-Weight,2023-05-24,-0.029311627575694967
Crypto Equal-Weight,2023-05-25,0.0006137923240644661
Crypto Equal-Weight,2023-05-26,0.013862260516455062
Crypto Equal-Weight,2023-05-27,0.008685536718812826
Crypto Equal-Weight,2023-05-28,0.027256993493929828
Crypto Equal-Weight,2023-05-29,-0.006321640644553051
Crypto Equal-Weight,2023-05-30,0.009550061586042526
Crypto Equal-Weight,2023-05-31,-0.010968334133005764
Crypto Equal-Weight,2023-06-01,-0.0070050480359822205
Crypto Equal-Weight,2023-06-02,0.03047013415412552
Crypto Equal-Weight,2023-06-03,-0.0032645391579624763
Crypto Equal-Weight,2023-06-04,0.0019090477931811847
Crypto Equal-Weight,2023-06-05,-0.055567419705904994
Crypto Equal-Weight,2023-06-06,0.03446928333226702
Crypto Equal-Weight,2023-06-07,-0.033975661274086084
Crypto Equal-Weight,2023-06-08,0.007310911144695709
Crypto Equal-Weight,2023-06-09,-0.01150854034035888
Crypto Equal-Weight,2023-06-10,-0.08270980281888682
Crypto Equal-Weight,2023-06-11,0.0016502033140609273
Crypto Equal-Weight,2023-06-12,0.0004878984388572815
Crypto Equal-Weight,2023-06-13,0.0022993820597000175
Crypto Equal-Weight,2023-06-14,-0.04317234608044321
Crypto Equal-Weight,2023-06-15,0.0057891036915591046
Crypto Equal-Weight,2023-06-16,0.011168012818247086
Crypto Equal-Weight,2023-06-17,0.00953205851289305
Crypto Equal-Weight,2023-06-18,-0.005460914609440514
Crypto Equal-Weight,2023-06-19,0.006550246328475962
Crypto Equal-Weight,2023-06-20,0.027151896154307277
Crypto Equal-Weight,2023-06-21,0.06914386829461867
Crypto Equal-Weight,2023-06-22,-0.0036441032838237077
Crypto Equal-Weight,2023-06-23,0.07470161177942011
Crypto Equal-Weight,2023-06-24,0.011652634564868595
Crypto Equal-Weight,2023-06-25,-0.01086883664227928
Crypto Equal-Weight,2023-06-26,0.005978334015964882
Crypto Equal-Weight,2023-06-27,0.02263140143154352
Crypto Equal-Weight,2023-06-28,-0.03996466241134235
Crypto Equal-Weight,2023-06-29,0.029699728716752083
Crypto Equal-Weight,2023-06-30,0.09404904955033085
Crypto Equal-Weight,2023-07-01,-0.0018449409424392102
Crypto Equal-Weight,2023-07-02,0.005238620849933817
Crypto Equal-Weight,2023-07-03,-0.005122109370999129
Crypto Equal-Weight,2023-07-04,-0.019442579812504756
Crypto Equal-Weight,2023-07-05,-0.015160100684215772
Crypto Equal-Weight,2023-07-06,-0.025132335253464932
Crypto Equal-Weight,2023-07-07,0.01796298117539279
Crypto Equal-Weight,2023-07-08,0.001531650931283768
Crypto Equal-Weight,2023-07-09,-0.013726282828247383
Crypto Equal-Weight,2023-07-10,0.012686976892272453
Crypto Equal-Weight,2023-07-11,0.00029969873734785323
Crypto Equal-Weight,2023-07-12,-0.004325411937046786
Crypto Equal-Weight,2023-07-13,0.1954993284896968
Crypto Equal-Weight,2023-07-14,-0.06154752460039317
Crypto Equal-Weight,2023-07-15,-0.010010406055538589
Crypto Equal-Weight,2023-07-16,-0.005380767728361049
Crypto Equal-Weight,2023-07-17,-0.004097995284557188
Crypto Equal-Weight,2023-07-18,0.0006437713452430377
Crypto Equal-Weight,2023-07-19,0.029475186809692955
Crypto Equal-Weight,2023-07-20,-0.00025280173185267
Crypto Equal-Weight,2023-07-21,-0.0015039225025845096
Crypto Equal-Weight,2023-07-22,-0.012805089144875936
Crypto Equal-Weight,2023-07-23,0.013126348690180534
Crypto Equal-Weight,2023-07-24,-0.03911088820428194
Crypto Equal-Weight,2023-07-25,0.0004515707248740954
Crypto Equal-Weight,2023-07-26,0.01536213004313094
Crypto Equal-Weight,2023-07-27,0.0022443134630713455
Crypto Equal-Weight,2023-07-28,0.007462819176447866
Crypto Equal-Weight,2023-07-29,0.003363640436718895
Crypto Equal-Weight,2023-07-30,-0.0018887354070578294
Crypto Equal-Weight,2023-07-31,-0.017232735110357566
Crypto Equal-Weight,2023-08-01,0.008097901202082248
Crypto Equal-Weight,2023-08-02,-0.03714694707929564
Crypto Equal-Weight,2023-08-03,-0.01737553628357058
Crypto Equal-Weight,2023-08-04,-0.007302872222976842
Crypto Equal-Weight,2023-08-05,0.004349784985149952
Crypto Equal-Weight,2023-08-06,-0.005434122335717784
Crypto Equal-Weight,2023-08-07,0.00701631019083232
Crypto Equal-Weight,2023-08-08,0.014720931908673896
Crypto Equal-Weight,2023-08-09,-0.002395454912777484
Crypto Equal-Weight,2023-08-10,-0.010313452290058634
Crypto Equal-Weight,2023-08-11,-0.002505354091861368
Crypto Equal-Weight,2023-08-12,-3.937036608947508e-06
Crypto Equal-Weight,2023-08-13,-0.006202337709924488
Crypto Equal-Weight,2023-08-14,0.0019515992508783106
Crypto Equal-Weight,2023-08-15,-0.028483106955607816
Crypto Equal-Weight,2023-08-16,-0.03890073461971866
Crypto Equal-Weight,2023-08-17,-0.08842940887497387
Crypto Equal-Weight,2023-08-18,0.006166164594595425
Crypto Equal-Weight,2023-08-19,0.01446029421699644
Crypto Equal-Weight,2023-08-20,0.016883672615801638
Crypto Equal-Weight,2023-08-21,-0.009879608817271868
Crypto Equal-Weight,2023-08-22,-0.014368192690346893
Crypto Equal-Weight,2023-08-23,0.03150211746919023
Crypto Equal-Weight,2023-08-24,-0.012132670149970026
Crypto Equal-Weight,2023-08-25,-0.0010979540234162925
Crypto Equal-Weight,2023-08-26,-0.00558602193954032
Crypto Equal-Weight,2023-08-27,0.009236659750104226
Crypto Equal-Weight,2023-08-28,-0.005905699793415332
Crypto Equal-Weight,2023-08-29,0.055070350603778455
Crypto Equal-Weight,2023-08-30,-0.022248078588893397
Crypto Equal-Weight,2023-08-31,-0.03801269052597048
Crypto Equal-Weight,2023-09-01,-0.012928701106311181
Crypto Equal-Weight,2023-09-02,0.002151171943819353
Crypto Equal-Weight,2023-09-03,0.006164628955449203
Crypto Equal-Weight,2023-09-04,0.0031609911132003286
Crypto Equal-Weight,2023-09-05,-0.001604615569630974
Crypto Equal-Weight,2023-09-06,0.0014576500461318863
Crypto Equal-Weight,2023-09-07,0.007585107840102846
Crypto Equal-Weight,2023-09-08,-0.00505856760002702
Crypto Equal-Weight,2023-09-09,0.003653019516587175
Crypto Equal-Weight,2023-09-10,-0.01358203824648161
Crypto Equal-Weight,2023-09-11,-0.033173901462008853
Crypto Equal-Weight,2023-09-12,0.020236277370025098
Crypto Equal-Weight,2023-09-13,0.010910137712222902
Crypto Equal-Weight,2023-09-14,0.015075647116377934
Crypto Equal-Weight,2023-09-15,0.017594204754288655
Crypto Equal-Weight,2023-09-16,-0.003896207474792124
Crypto Equal-Weight,2023-09-17,-0.01639326751851299
Crypto Equal-Weight,2023-09-18,0.01968908084512331
Crypto Equal-Weight,2023-09-19,0.011995626949226115
Crypto Equal-Weight,2023-09-20,-0.010665434056974477
Crypto Equal-Weight,2023-09-21,-0.01980039929133834
Crypto Equal-Weight,2023-09-22,0.0012225372952483827
Crypto Equal-Weight,2023-09-23,0.0025781426251764274
Crypto Equal-Weight,2023-09-24,-0.013020335411775554
Crypto Equal-Weight,2023-09-25,0.00871039004850741
Crypto Equal-Weight,2023-09-26,-0.003099137163124954
Crypto Equal-Weight,2023-09-27,0.009322785106952891
Crypto Equal-Weight,2023-09-28,0.02507332442056951
Crypto Equal-Weight,2023-09-29,0.005434094670924462
Crypto Equal-Weight,2023-09-30,0.004049637744505442
Crypto Equal-Weight,2023-10-01,0.029508245626091827
Crypto Equal-Weight,2023-10-02,-0.02263630601154587
Crypto Equal-Weight,2023-10-03,0.00018829581268208113
Crypto Equal-Weight,2023-10-04,-0.006274930158273262
Crypto Equal-Weight,2023-10-05,-0.011059632702356846
Crypto Equal-Weight,2023-10-06,0.009812111022711314
Crypto Equal-Weight,2023-10-07,-0.004232898693495945
Crypto Equal-Weight,2023-10-08,-0.004816313761426894
Crypto Equal-Weight,2023-10-09,-0.03092759364739514
Crypto Equal-Weight,2023-10-10,-0.0074236072208691
Crypto Equal-Weight,2023-10-11,-0.008962957009541505
Crypto Equal-Weight,2023-10-12,-0.008336279694453464
Crypto Equal-Weight,2023-10-13,0.007031694669283151
Crypto Equal-Weight,2023-10-14,0.0015492963973016472
Crypto Equal-Weight,2023-10-15,0.006085723990029368
Crypto Equal-Weight,2023-10-16,0.029826719180017003
Crypto Equal-Weight,2023-10-17,-0.018865643579989565
Crypto Equal-Weight,2023-10-18,-0.006922478049449166
Crypto Equal-Weight,2023-10-19,0.017096205176686596
Crypto Equal-Weight,2023-10-20,0.02151512776330269
Crypto Equal-Weight,2023-10-21,0.018699108965846388
Crypto Equal-Weight,2023-10-22,0.00468562831336562
Crypto Equal-Weight,2023-10-23,0.05725437055352863
Crypto Equal-Weight,2023-10-24,-5.517032091718671e-05
Crypto Equal-Weight,2023-10-25,0.003641279162773314
Crypto Equal-Weight,2023-10-26,-0.0004957256077606446
Crypto Equal-Weight,2023-10-27,-0.01083655687974755
Crypto Equal-Weight,2023-10-28,0.012065201809833436
Crypto Equal-Weight,2023-10-29,0.012478492769189995
Crypto Equal-Weight,2023-10-30,0.012115615043815276
Crypto Equal-Weight,2023-10-31,0.009585151462079566
Crypto Equal-Weight,2023-11-01,0.020423321832506593
Crypto Equal-Weight,2023-11-02,-0.010673215464948316
Crypto Equal-Weight,2023-11-03,0.005687092970192599
Crypto Equal-Weight,2023-11-04,0.00926673148983166
Crypto Equal-Weight,2023-11-05,0.022180669055755532
Crypto Equal-Weight,2023-11-06,0.029873216562228903
Crypto Equal-Weight,2023-11-07,-0.015245608939161118
Crypto Equal-Weight,2023-11-08,0.00912336382899588
Crypto Equal-Weight,2023-11-09,0.01894252133707796
Crypto Equal-Weight,2023-11-10,0.016119127764091114
Crypto Equal-Weight,2023-11-11,0.0003847868334870935
Crypto Equal-Weight,2023-11-12,-0.0006957615929076178
Crypto Equal-Weight,2023-11-13,-0.015109750322123416
Crypto Equal-Weight,2023-11-14,-0.03211101876751308
Crypto Equal-Weight,2023-11-15,0.04185776999454001
Crypto Equal-Weight,2023-11-16,-0.0333948653714404
Crypto Equal-Weight,2023-11-17,-0.0013511061181286092
Crypto Equal-Weight,2023-11-18,0.001020008947624163
Crypto Equal-Weight,2023-11-19,0.01752721150821428
Crypto Equal-Weight,2023-11-20,-0.012497110479452678
Crypto Equal-Weight,2023-11-21,-0.05277398882146188
Crypto Equal-Weight,2023-11-22,0.04727342608349422
Crypto Equal-Weight,2023-11-23,0.0031977855030910773
Crypto Equal-Weight,2023-11-24,0.010683066717420787
Crypto Equal-Weight,2023-11-25,0.014944736662485992
Crypto Equal-Weight,2023-11-26,-0.01078953734576411
Crypto Equal-Weight,2023-11-27,-0.024229064196371886
Crypto Equal-Weight,2023-11-28,0.010875359748756308
Crypto Equal-Weight,2023-11-29,-0.0015633888162123303
Crypto Equal-Weight,2023-11-30,-0.003735138334125721
Crypto Equal-Weight,2023-12-01,0.016457826731079015
Crypto Equal-Weight,2023-12-02,0.01966302971088343
Crypto Equal-Weight,2023-12-03,0.00445921864006399
Crypto Equal-Weight,2023-12-04,0.02434106799439686
Crypto Equal-Weight,2023-12-05,0.018389489538105593
Crypto Equal-Weight,2023-12-06,0.0013237156875065548
Crypto Equal-Weight,2023-12-07,0.024234277982301666
Crypto Equal-Weight,2023-12-08,0.046945668764004966
Crypto Equal-Weight,2023-12-09,0.006388985528143444
Crypto Equal-Weight,2023-12-10,0.001943994632641011
Crypto Equal-Weight,2023-12-11,-0.06588507928304639
Crypto Equal-Weight,2023-12-12,0.006350064513168773
Crypto Equal-Weight,2023-12-13,0.03016846894188363
Crypto Equal-Weight,2023-12-14,0.0058804058603049054
Crypto Equal-Weight,2023-12-15,-0.040073893962666106
Crypto Equal-Weight,2023-12-16,0.018898953179226522
Crypto Equal-Weight,2023-12-17,-0.01908536977025386
Crypto Equal-Weight,2023-12-18,0.0026682168001951456
Crypto Equal-Weight,2023-12-19,-0.013889862746785242
Crypto Equal-Weight,2023-12-20,0.019194650398160328
Crypto Equal-Weight,2023-12-21,0.028038946398433563
Crypto Equal-Weight,2023-12-22,0.017659209009807143
Crypto Equal-Weight,2023-12-23,-0.009033084431587101
Crypto Equal-Weight,2023-12-24,-0.017737058550317878
Crypto Equal-Weight,2023-12-25,0.030472356480362447
Crypto Equal-Weight,2023-12-26,-0.022479580266228295
Crypto Equal-Weight,2023-12-27,0.052546355730807716
Crypto Equal-Weight,2023-12-28,-0.008408280584752969
Crypto Equal-Weight,2023-12-29,-0.018570001800694725
Crypto Equal-Weight,2023-12-30,0.00732226086147536
Crypto Equal-Weight,2023-12-31,-0.011748167139113263
Crypto Max-Sharpe,2021-01-01,-0.0013384938289239656
Crypto Max-Sharpe,2021-01-02,0.07104956374337155
Crypto Max-Sharpe,2021-01-03,0.11939296207878294
Crypto Max-Sharpe,2021-01-04,0.022833513220106762
Crypto Max-Sharpe,2021-01-05,0.07342281666733087
Crypto Max-Sharpe,2021-01-06,0.11644727297551295
Crypto Max-Sharpe,2021-01-07,0.02784792054874198
Crypto Max-Sharpe,2021-01-08,0.021241381950356304
Crypto Max-Sharpe,2021-01-09,0.021196200437549884
Crypto Max-Sharpe,2021-01-10,-0.041542999217338714
Crypto Max-Sharpe,2021-01-11,-0.09736391673919217
Crypto Max-Sharpe,2021-01-12,-0.03266002968590513
Crypto Max-Sharpe,2021-01-13,0.09352629888039643
Crypto Max-Sharpe,2021-01-14,0.050794223617003
Crypto Max-Sharpe,2021-01-15,-0.0479832105396307
Crypto Max-Sharpe,2021-01-16,0.03166880953047852
Crypto Max-Sharpe,2021-01-17,0.004450374200428955
Crypto Max-Sharpe,2021-01-18,0.01653236302171142
Crypto Max-Sharpe,2021-01-19,0.02303279377531033
Crypto Max-Sharpe,2021-01-20,-0.003990798993432305
Crypto Max-Sharpe,2021-01-21,-0.15724508971959894
Crypto Max-Sharpe,2021-01-22,0.0892709228393548
Crypto Max-Sharpe,2021-01-23,-0.017988235212404117
Crypto Max-Sharpe,2021-01-24,0.050627004424851234
Crypto Max-Sharpe,2021-01-25,-0.018882518725936687
Crypto Max-Sharpe,2021-01-26,0.011682803491818942
Crypto Max-Sharpe,2021-01-27,-0.07278407267183634
Crypto Max-Sharpe,2021-01-28,0.08833741771227338
Crypto Max-Sharpe,2021-01-29,0.026698861726691347
Crypto Max-Sharpe,2021-01-30,0.00360504554940121
Crypto Max-Sharpe,2021-01-31,-0.03943020124491602
Crypto Max-Sharpe,2021-02-01,0.06434929171120339
Crypto Max-Sharpe,2021-02-02,0.08737892675795536
Crypto Max-Sharpe,2021-02-03,0.07369214491348805
Crypto Max-Sharpe,2021-02-04,-0.028832197541956255
Crypto Max-Sharpe,2021-02-05,0.10166334578597963
Crypto Max-Sharpe,2021-02-06,0.028975020901360067
Crypto Max-Sharpe,2021-02-07,-0.011184591750898185
Crypto Max-Sharpe,2021-02-08,0.0817849865646153
Crypto Max-Sharpe,2021-02-09,0.014862354412282066
Crypto Max-Sharpe,2021-02-10,0.057703367944915145
Crypto Max-Sharpe,2021-02-11,0.02714683972981605
Crypto Max-Sharpe,2021-02-12,0.027703226886208028
Crypto Max-Sharpe,2021-02-13,-0.01193719182775299
Crypto Max-Sharpe,2021-02-14,-0.01604718547013128
Crypto Max-Sharpe,2021-02-15,-0.00991956830471043
Crypto Max-Sharpe,2021-02-16,0.005478233128448079
Crypto Max-Sharpe,2021-02-17,0.036661230250796074
Crypto Max-Sharpe,2021-02-18,0.03347230067703959
Crypto Max-Sharpe,2021-02-19,0.022562218147959914
Crypto Max-Sharpe,2021-02-20,0.029674732176013636
Crypto Max-Sharpe,2021-02-21,0.0053847138583651075
Crypto Max-Sharpe,2021-02-22,-0.05923331026018855
Crypto Max-Sharpe,2021-02-23,-0.12188276675404332
Crypto Max-Sharpe,2021-02-24,0.04840256635830543
Crypto Max-Sharpe,2021-02-25,-0.06085438777303173
Crypto Max-Sharpe,2021-02-26,0.020238855773735267
Crypto Max-Sharpe,2021-02-27,0.02521443568847217
Crypto Max-Sharpe,2021-02-28,-0.028127729643142148
Crypto Max-Sharpe,2021-03-01,0.0263545954541344
Crypto Max-Sharpe,2021-03-02,-0.04259687546054895
Crypto Max-Sharpe,2021-03-03,0.010527326266993329
Crypto Max-Sharpe,2021-03-04,-0.06832119052717202
Crypto Max-Sharpe,2021-03-05,0.03417624696949313
Crypto Max-Sharpe,2021-03-06,-0.02117229577682602
Crypto Max-Sharpe,2021-03-07,0.017489071322397763
Crypto Max-Sharpe,2021-03-08,-0.001887938457639759
Crypto Max-Sharpe,2021-03-09,0.06221879081885795
Crypto Max-Sharpe,2021-03-10,-0.025608022161613807
Crypto Max-Sharpe,2021-03-11,0.00511993243088109
Crypto Max-Sharpe,2021-03-12,-0.05278465725179841
Crypto Max-Sharpe,2021-03-13,0.06397446167861215
Crypto Max-Sharpe,2021-03-14,-0.037159902822355706
Crypto Max-Sharpe,2021-03-15,-0.035549941187408535
Crypto Max-Sharpe,2021-03-16,0.1384939667557792
Crypto Max-Sharpe,2021-03-17,0.08416155255768729
Crypto Max-Sharpe,2021-03-18,-0.07239334289546126
Crypto Max-Sharpe,2021-03-19,0.03635443381971917
Crypto Max-Sharpe,2021-03-20,-0.048390716286231705
Crypto Max-Sharpe,2021-03-21,-0.014122841700057783
Crypto Max-Sharpe,2021-03-22,-0.061638218784936735
Crypto Max-Sharpe,2021-03-23,0.008227791999150759
Crypto Max-Sharpe,2021-03-24,-0.03957566133685971
Crypto Max-Sharpe,2021-03-25,0.009252492059040439
Crypto Max-Sharpe,2021-03-26,0.08978420171990652
Crypto Max-Sharpe,2021-03-27,-0.015001740704330134
Crypto Max-Sharpe,2021-03-28,0.007974368642175062
Crypto Max-Sharpe,2021-03-29,0.01734494765366806
Crypto Max-Sharpe,2021-03-30,0.012829660491175138
Crypto Max-Sharpe,2021-03-31,-0.010840023936680446
Crypto Max-Sharpe,2021-04-01,0.0036642143041275424
Crypto Max-Sharpe,2021-04-02,0.015747247656299857
Crypto Max-Sharpe,2021-04-03,-0.028164696182510194
Crypto Max-Sharpe,2021-04-04,0.01946877157851116
Crypto Max-Sharpe,2021-04-05,0.011878952848333926
Crypto Max-Sharpe,2021-04-06,0.010329577475280469
Crypto Max-Sharpe,2021-04-07,-0.05361447957702078
Crypto Max-Sharpe,2021-04-08,0.04172404283766449
Crypto Max-Sharpe,2021-04-09,-0.007610240117932665
Crypto Max-Sharpe,2021-04-10,0.0206821929563616
Crypto Max-Sharpe,2021-04-11,0.022343571909616486
Crypto Max-Sharpe,2021-04-12,0.014832988557909715
Crypto Max-Sharpe,2021-04-13,0.06789677329225607
Crypto Max-Sharpe,2021-04-14,0.01948023457040192
Crypto Max-Sharpe,2021-04-15,0.014132261067582844
Crypto Max-Sharpe,2021-04-16,-0.035889428345217966
Crypto Max-Sharpe,2021-04-17,-0.02101578155943523
Crypto Max-Sharpe,2021-04-18,-0.07249395890801018
Crypto Max-Sharpe,2021-04-19,-0.03582547072908657
Crypto Max-Sharpe,2021-04-20,0.04159073920452028
Crypto Max-Sharpe,2021-04-21,-0.03820748114496309
Crypto Max-Sharpe,2021-04-22,-0.03694908230602625
Crypto Max-Sharpe,2021-04-23,-0.00391813528964191
Crypto Max-Sharpe,2021-04-24,-0.038442840109178464
Crypto Max-Sharpe,2021-04-25,-0.007864902246248813
Crypto Max-Sharpe,2021-04-26,0.1159405974697658
Crypto Max-Sharpe,2021-04-27,0.04155864867601925
Crypto Max-Sharpe,2021-04-28,0.012720515932200423
Crypto Max-Sharpe,2021-04-29,-0.018506756832393993
Crypto Max-Sharpe,2021-04-30,0.04837064441710658
Crypto Max-Sharpe,2021-05-01,0.027167928764518734
Crypto Max-Sharpe,2021-05-02,-0.013111649196384892
Crypto Max-Sharpe,2021-05-03,0.07657276990107088
Crypto Max-Sharpe,2021-05-04,-0.06242812742704264
Crypto Max-Sharpe,2021-05-05,0.11919558351797402
Crypto Max-Sharpe,2021-05-06,0.04372841961029862
Crypto Max-Sharpe,2021-05-07,0.0012712736434055938
Crypto Max-Sharpe,2021-05-08,0.040942288939515514
Crypto Max-Sharpe,2021-05-09,0.03961360680189997
Crypto Max-Sharpe,2021-05-10,-0.03868976561545707
Crypto Max-Sharpe,2021-05-11,0.0583646555368848
Crypto Max-Sharpe,2021-05-12,-0.11258770004755998
Crypto Max-Sharpe,2021-05-13,0.10237647682308483
Crypto Max-Sharpe,2021-05-14,0.05674171306634309
Crypto Max-Sharpe,2021-05-15,-0.01148005993401093
Crypto Max-Sharpe,2021-05-16,0.018415274462699083
Crypto Max-Sharpe,2021-05-17,-0.09004288159874792
Crypto Max-Sharpe,2021-05-18,0.008139388770036
Crypto Max-Sharpe,2021-05-19,-0.2547569926047001
Crypto Max-Sharpe,2021-05-20,0.16428505943544247
Crypto Max-Sharpe,2021-05-21,-0.13006783206678108
Crypto Max-Sharpe,2021-05-22,-0.05138086051135412
Crypto Max-Sharpe,2021-05-23,-0.0887047259223586
Crypto Max-Sharpe,2021-05-24,0.2006220067570574
Crypto Max-Sharpe,2021-05-25,0.009172942194828896
Crypto Max-Sharpe,2021-05-26,0.09477461402439563
Crypto Max-Sharpe,2021-05-27,-0.05962614574990704
Crypto Max-Sharpe,2021-05-28,-0.09329884575276352
Crypto Max-Sharpe,2021-05-29,-0.06073354366576976
Crypto Max-Sharpe,2021-05-30,0.0795916495621508
Crypto Max-Sharpe,2021-05-31,0.11293302764266698
Crypto Max-Sharpe,2021-06-01,-0.01644261792250379
Crypto Max-Sharpe,2021-06-02,0.016335676835781698
Crypto Max-Sharpe,2021-06-03,0.04897896684430047
Crypto Max-Sharpe,2021-06-04,-0.0661899332382133
Crypto Max-Sharpe,2021-06-05,-0.02685407289184863
Crypto Max-Sharpe,2021-06-06,0.019206749387918342
Crypto Max-Sharpe,2021-06-07,-0.06303520729675666
Crypto Max-Sharpe,2021-06-08,-0.0030834232124380286
Crypto Max-Sharpe,2021-06-09,0.034040369297131896
Crypto Max-Sharpe,2021-06-10,-0.05628458545313519
Crypto Max-Sharpe,2021-06-11,-0.05280975084531794
Crypto Max-Sharpe,2021-06-12,0.01679226537104225
Crypto Max-Sharpe,2021-06-13,0.05588851100637308
Crypto Max-Sharpe,2021-06-14,0.010241158003030227
Crypto Max-Sharpe,2021-06-15,0.01844994793324331
Crypto Max-Sharpe,2021-06-16,-0.07925878257831014
Crypto Max-Sharpe,2021-06-17,0.0009614879827695375
Crypto Max-Sharpe,2021-06-18,-0.050876544218632344
Crypto Max-Sharpe,2021-06-19,-0.020635880473104187
Crypto Max-Sharpe,2021-06-20,0.026244597094324484
Crypto Max-Sharpe,2021-06-21,-0.17520227006145564
Crypto Max-Sharpe,2021-06-22,-0.02089644795349837
Crypto Max-Sharpe,2021-06-23,0.07981426035287319
Crypto Max-Sharpe,2021-06-24,0.051110805975564735
Crypto Max-Sharpe,2021-06-25,-0.07930865745243809
Crypto Max-Sharpe,2021-06-26,0.002620958318981804
Crypto Max-Sharpe,2021-06-27,0.07054676290009763
Crypto Max-Sharpe,2021-06-28,0.015935692822425965
Crypto Max-Sharpe,2021-06-29,0.06056608517796674
Crypto Max-Sharpe,2021-06-30,0.026912760446042225
Crypto Max-Sharpe,2021-07-01,-0.05071171029419737
Crypto Max-Sharpe,2021-07-02,0.031791765734376476
Crypto Max-Sharpe,2021-07-03,0.022285017597846617
Crypto Max-Sharpe,2021-07-04,0.03453531480890103
Crypto Max-Sharpe,2021-07-05,-0.04300771460569607
Crypto Max-Sharpe,2021-07-06,0.026708391131752704
Crypto Max-Sharpe,2021-07-07,-0.010488583691403482
Crypto Max-Sharpe,2021-07-08,-0.0638244612931421
Crypto Max-Sharpe,2021-07-09,0.013452684842603646
Crypto Max-Sharpe,2021-07-10,-0.012959002772720156
Crypto Max-Sharpe,2021-07-11,0.010659080507405149
Crypto Max-Sharpe,2021-07-12,-0.033789927459969726
Crypto Max-Sharpe,2021-07-13,-0.04206348513473682
Crypto Max-Sharpe,2021-07-14,0.008509712910036956
Crypto Max-Sharpe,2021-07-15,-0.03675464689648823
Crypto Max-Sharpe,2021-07-16,-0.03241916748792597
Crypto Max-Sharpe,2021-07-17,0.0030900243490240386
Crypto Max-Sharpe,2021-07-18,0.006083379809693567
Crypto Max-Sharpe,2021-07-19,-0.045200907364039714
Crypto Max-Sharpe,2021-07-20,-0.04299140478859973
Crypto Max-Sharpe,2021-07-21,0.10698731646038814
Crypto Max-Sharpe,2021-07-22,0.015816877500516663
Crypto Max-Sharpe,2021-07-23,0.031405934739992855
Crypto Max-Sharpe,2021-07-24,0.030402390297195665
Crypto Max-Sharpe,2021-07-25,-0.003801585965624143
Crypto Max-Sharpe,2021-07-26,0.020551260770282964
Crypto Max-Sharpe,2021-07-27,0.02068764156894269
Crypto Max-Sharpe,2021-07-28,0.0014666498071593897
Crypto Max-Sharpe,2021-07-29,0.013008327261668
Crypto Max-Sharpe,2021-07-30,0.026721858189773774
Crypto Max-Sharpe,2021-07-31,0.016010204306120164
Crypto Max-Sharpe,2021-08-01,0.0015202549282169928
Crypto Max-Sharpe,2021-08-02,0.005721613695328812
Crypto Max-Sharpe,2021-08-03,0.003141019924338102
Crypto Max-Sharpe,2021-08-04,0.04404085842379058
Crypto Max-Sharpe,2021-08-05,0.02036149815130254
Crypto Max-Sharpe,2021-08-06,0.015962427332897048
Crypto Max-Sharpe,2021-08-07,0.07151830463396186
Crypto Max-Sharpe,2021-08-08,-0.03723336366509652
Crypto Max-Sharpe,2021-08-09,0.041744571257993246
Crypto Max-Sharpe,2021-08-10,0.06654970795704027
Crypto Max-Sharpe,2021-08-11,0.044549663381406625
Crypto Max-Sharpe,2021-08-12,-0.009142768529399097
Crypto Max-Sharpe,2021-08-13,0.13304178438556258
Crypto Max-Sharpe,2021-08-14,0.008676690896737206
Crypto Max-Sharpe,2021-08-15,0.005657927807095712
Crypto Max-Sharpe,2021-08-16,-0.04500948729330539
Crypto Max-Sharpe,2021-08-17,-0.062303435520879566
Crypto Max-Sharpe,2021-08-18,0.05183465916542043
Crypto Max-Sharpe,2021-08-19,0.10552459007797653
Crypto Max-Sharpe,2021-08-20,0.022365572368122952
Crypto Max-Sharpe,2021-08-21,-0.014258549837253446
Crypto Max-Sharpe,2021-08-22,0.0629355303540715
Crypto Max-Sharpe,2021-08-23,0.050493225303732035
Crypto Max-Sharpe,2021-08-24,-0.05805162523888042
Crypto Max-Sharpe,2021-08-25,0.010844866909288452
Crypto Max-Sharpe,2021-08-26,-0.05846809495668261
Crypto Max-Sharpe,2021-08-27,0.11231177457881239
Crypto Max-Sharpe,2021-08-28,-0.02078915108047414
Crypto Max-Sharpe,2021-08-29,-0.001239617069873165
Crypto Max-Sharpe,2021-08-30,-0.024446939832596094
Crypto Max-Sharpe,2021-08-31,0.03664181311774135
Crypto Max-Sharpe,2021-09-01,0.06589419871331136
Crypto Max-Sharpe,2021-09-02,0.015682666350148304
Crypto Max-Sharpe,2021-09-03,0.01588090477573387
Crypto Max-Sharpe,2021-09-04,-0.03345143086994851
Crypto Max-Sharpe,2021-09-05,0.023851304603299362
Crypto Max-Sharpe,2021-09-06,-0.019076392072636148
Crypto Max-Sharpe,2021-09-07,-0.12127289567978117
Crypto Max-Sharpe,2021-09-08,0.0007262491325157222
Crypto Max-Sharpe,2021-09-09,0.00337689554979715
Crypto Max-Sharpe,2021-09-10,-0.056181112237915866
Crypto Max-Sharpe,2021-09-11,0.07150235009295626
Crypto Max-Sharpe,2021-09-12,0.003636250832440415
Crypto Max-Sharpe,2021-09-13,-0.057464798404939274
Crypto Max-Sharpe,2021-09-14,0.015063878096536618
Crypto Max-Sharpe,2021-09-15,0.047877718185272096
Crypto Max-Sharpe,2021-09-16,-0.024710851797567414
Crypto Max-Sharpe,2021-09-17,-0.03722486797687753
Crypto Max-Sharpe,2021-09-18,0.009979029673598124
Crypto Max-Sharpe,2021-09-19,-0.03434279290116192
Crypto Max-Sharpe,2021-09-20,-0.10160278353904245
Crypto Max-Sharpe,2021-09-21,-0.04804718801583545
Crypto Max-Sharpe,2021-09-22,0.1303013900168112
Crypto Max-Sharpe,2021-09-23,0.02709288023288035
Crypto Max-Sharpe,2021-09-24,-0.04009524442952063
Crypto Max-Sharpe,2021-09-25,0.004701711977321631
Crypto Max-Sharpe,2021-09-26,-0.007916689693809337
Crypto Max-Sharpe,2021-09-27,-0.036216380245668166
Crypto Max-Sharpe,2021-09-28,-0.04421349443191753
Crypto Max-Sharpe,2021-09-29,0.014237484042053775
Crypto Max-Sharpe,2021-09-30,0.03417607258831596
Crypto Max-Sharpe,2021-10-01,0.08112181553364212
Crypto Max-Sharpe,2021-10-02,0.008071112059084014
Crypto Max-Sharpe,2021-10-03,0.0034355803649386415
Crypto Max-Sharpe,2021-10-04,-0.021629140859445853
Crypto Max-Sharpe,2021-10-05,0.028162028152264835
Crypto Max-Sharpe,2021-10-06,0.0010984224508736571
Crypto Max-Sharpe,2021-10-07,0.01873809678246455
Crypto Max-Sharpe,2021-10-08,-0.013319697489468468
Crypto Max-Sharpe,2021-10-09,0.009353961073897766
Crypto Max-Sharpe,2021-10-10,-0.03500178853489653
Crypto Max-Sharpe,2021-10-11,0.006903819166491688
Crypto Max-Sharpe,2021-10-12,-0.02103681945526415
Crypto Max-Sharpe,2021-10-13,0.032798984934866424
Crypto Max-Sharpe,2021-10-14,0.0141283659063473
Crypto Max-Sharpe,2021-10-15,0.02034064309933325
Crypto Max-Sharpe,2021-10-16,-0.01344630332396199
Crypto Max-Sharpe,2021-10-17,-0.004135688684711693
Crypto Max-Sharpe,2021-10-18,-0.018063163860371732
Crypto Max-Sharpe,2021-10-19,0.008945455252727535
Crypto Max-Sharpe,2021-10-20,0.0489958648507939
Crypto Max-Sharpe,2021-10-21,-0.02331105772601006
Crypto Max-Sharpe,2021-10-22,-0.0030122861284648116
Crypto Max-Sharpe,2021-10-23,0.023280208285790038
Crypto Max-Sharpe,2021-10-24,-0.020042790683824144
Crypto Max-Sharpe,2021-10-25,0.01828519709783334
Crypto Max-Sharpe,2021-10-26,-0.009494297726657977
Crypto Max-Sharpe,2021-10-27,-0.08339383112498529
Crypto Max-Sharpe,2021-10-28,0.0592409054427094
Crypto Max-Sharpe,2021-10-29,0.018911963519363487
Crypto Max-Sharpe,2021-10-30,-0.02448614786997538
Crypto Max-Sharpe,2021-10-31,-0.000994589626645198
Crypto Max-Sharpe,2021-11-01,0.0008169266368853257
Crypto Max-Sharpe,2021-11-02,0.036710102055999304
Crypto Max-Sharpe,2021-11-03,0.024878709883719204
Crypto Max-Sharpe,2021-11-04,-0.026141346610214816
Crypto Max-Sharpe,2021-11-05,-0.0055739612555285286
Crypto Max-Sharpe,2021-11-06,0.009018679282865094
Crypto Max-Sharpe,2021-11-07,0.015081362514992341
Crypto Max-Sharpe,2021-11-08,0.045869140853958504
Crypto Max-Sharpe,2021-11-09,0.025068301803631083
Crypto Max-Sharpe,2021-11-10,-0.04692415156817903
Crypto Max-Sharpe,2021-11-11,0.006943389896375214
Crypto Max-Sharpe,2021-11-12,-0.01608654280382069
Crypto Max-Sharpe,2021-11-13,-4.58350597703583e-05
Crypto Max-Sharpe,2021-11-14,-0.005668427662396853
Crypto Max-Sharpe,2021-11-15,-0.013690097989020367
Crypto Max-Sharpe,2021-11-16,-0.07189163332416548
Crypto Max-Sharpe,2021-11-17,0.008410838174748171
Crypto Max-Sharpe,2021-11-18,-0.05718808024590928
Crypto Max-Sharpe,2021-11-19,0.0593180214964646
Crypto Max-Sharpe,2021-11-20,0.028145988019775702
Crypto Max-Sharpe,2021-11-21,-0.0369698444414167
Crypto Max-Sharpe,2021-11-22,-0.0385954118408207
Crypto Max-Sharpe,2021-11-23,0.025307493735192702
Crypto Max-Sharpe,2021-11-24,-0.02959942048310359
Crypto Max-Sharpe,2021-11-25,-0.00562354786992244
Crypto Max-Sharpe,2021-11-26,-0.06533365919360257
Crypto Max-Sharpe,2021-11-27,0.01408877555660352
Crypto Max-Sharpe,2021-11-28,0.03964300377373016
Crypto Max-Sharpe,2021-11-29,0.02124808653755904
Crypto Max-Sharpe,2021-11-30,0.0077837478535346845
Crypto Max-Sharpe,2021-12-01,-0.007638246838340906
Crypto Max-Sharpe,2021-12-02,0.03279808015598078
Crypto Max-Sharpe,2021-12-03,-0.07553930874442648
Crypto Max-Sharpe,2021-12-04,-0.048964853630910306
Crypto Max-Sharpe,2021-12-05,-0.00027873982930145
Crypto Max-Sharpe,2021-12-06,0.0366707017270155
Crypto Max-Sharpe,2021-12-07,-0.018102453744836763
Crypto Max-Sharpe,2021-12-08,0.021753594384642784
Crypto Max-Sharpe,2021-12-09,-0.07369629943390361
Crypto Max-Sharpe,2021-12-10,-0.055137501643295006
Crypto Max-Sharpe,2021-12-11,0.0737055734034096
Crypto Max-Sharpe,2021-12-12,0.005375365620798472
Crypto Max-Sharpe,2021-12-13,-0.08699774627474864
Crypto Max-Sharpe,2021-12-14,-0.007011477091867057
Crypto Max-Sharpe,2021-12-15,0.07284191609417628
Crypto Max-Sharpe,2021-12-16,-0.029889384366369405
Crypto Max-Sharpe,2021-12-17,-0.01924293085927308
Crypto Max-Sharpe,2021-12-18,0.020021673024976015
Crypto Max-Sharpe,2021-12-19,-0.005169624389005099
Crypto Max-Sharpe,2021-12-20,-0.0003018594118527385
Crypto Max-Sharpe,2021-12-21,0.02688499500818034
Crypto Max-Sharpe,2021-12-22,0.008805146345203392
Crypto Max-Sharpe,2021-12-23,0.06274441679878644
Crypto Max-Sharpe,2021-12-24,-0.030889714645287402
Crypto Max-Sharpe,2021-12-25,0.02410975918025574
Crypto Max-Sharpe,2021-12-26,-0.0031433645496449355
Crypto Max-Sharpe,2021-12-27,0.01099508088442187
Crypto Max-Sharpe,2021-12-28,-0.06434922634088126
Crypto Max-Sharpe,2021-12-29,-0.04756154883083225
Crypto Max-Sharpe,2021-12-30,0.023011764633739735
Crypto Max-Sharpe,2021-12-31,-0.019661631237326928
Crypto Max-Sharpe,2022-01-01,0.03496740639240707
Crypto Max-Sharpe,2022-01-02,0.0094801993058614
Crypto Max-Sharpe,2022-01-03,-0.027260943546669202
Crypto Max-Sharpe,2022-01-04,0.001955018892188343
Crypto Max-Sharpe,2022-01-05,-0.061510727170322264
Crypto Max-Sharpe,2022-01-06,-0.007075243060381861
Crypto Max-Sharpe,2022-01-07,-0.06067040139906744
Crypto Max-Sharpe,2022-01-08,-0.026784436092929645
Crypto Max-Sharpe,2022-01-09,0.007687239874314522
Crypto Max-Sharpe,2022-01-10,-0.03001883334150779
Crypto Max-Sharpe,2022-01-11,0.05040393594371295
Crypto Max-Sharpe,2022-01-12,0.06603176487854262
Crypto Max-Sharpe,2022-01-13,-0.04420407091223498
Crypto Max-Sharpe,2022-01-14,0.030543062963244404
Crypto Max-Sharpe,2022-01-15,0.00534481308678717
Crypto Max-Sharpe,2022-01-16,0.03908326365323357
Crypto Max-Sharpe,2022-01-17,0.030842927234174117
Crypto Max-Sharpe,2022-01-18,-0.04224229997632154
Crypto Max-Sharpe,2022-01-19,-0.04763677265578947
Crypto Max-Sharpe,2022-01-20,-0.043772188618787886
Crypto Max-Sharpe,2022-01-21,-0.1308797739456831
Crypto Max-Sharpe,2022-01-22,-0.05581909556267446
Crypto Max-Sharpe,2022-01-23,0.053237669914155114
Crypto Max-Sharpe,2022-01-24,-0.042467789273007
Crypto Max-Sharpe,2022-01-25,-0.005211869847132044
Crypto Max-Sharpe,2022-01-26,0.01697621854238808
Crypto Max-Sharpe,2022-01-27,-0.024326143184809926
Crypto Max-Sharpe,2022-01-28,0.032790374999965385
Crypto Max-Sharpe,2022-01-29,0.015027221346654612
Crypto Max-Sharpe,2022-01-30,-0.007207981790798839
Crypto Max-Sharpe,2022-01-31,0.024996703917087124
Crypto Max-Sharpe,2022-02-01,0.036745909520232156
Crypto Max-Sharpe,2022-02-02,-0.04632572722903396
Crypto Max-Sharpe,2022-02-03,0.011497216868402124
Crypto Max-Sharpe,2022-02-04,0.09593334269694505
Crypto Max-Sharpe,2022-02-05,0.002313151033436817
Crypto Max-Sharpe,2022-02-06,0.014687974037655845
Crypto Max-Sharpe,2022-02-07,0.036169547796308044
Crypto Max-Sharpe,2022-02-08,-0.010530766882744146
Crypto Max-Sharpe,2022-02-09,0.02654638308567954
Crypto Max-Sharpe,2022-02-10,-0.043335084288848184
Crypto Max-Sharpe,2022-02-11,-0.055092845548612324
Crypto Max-Sharpe,2022-02-12,-0.011235473496828508
Crypto Max-Sharpe,2022-02-13,-0.011656133607154598
Crypto Max-Sharpe,2022-02-14,0.01135630107551767
Crypto Max-Sharpe,2022-02-15,0.07053689040833987
Crypto Max-Sharpe,2022-02-16,-0.01821655534022897
Crypto Max-Sharpe,2022-02-17,-0.07017263202842113
Crypto Max-Sharpe,2022-02-18,-0.028247638657749697
Crypto Max-Sharpe,2022-02-19,-0.004019075223292703
Crypto Max-Sharpe,2022-02-20,-0.05622426361270705
Crypto Max-Sharpe,2022-02-21,-0.04793062229275526
Crypto Max-Sharpe,2022-02-22,0.03021033481714703
Crypto Max-Sharpe,2022-02-23,-0.02027330420239623
Crypto Max-Sharpe,2022-02-24,-0.006672088762245795
Crypto Max-Sharpe,2022-02-25,0.05867059447345838
Crypto Max-Sharpe,2022-02-26,-0.0018965516985277517
Crypto Max-Sharpe,2022-02-27,-0.04631949653947998
Crypto Max-Sharpe,2022-02-28,0.11563398884212531
Crypto Max-Sharpe,2022-03-01,0.011852446758712916
Crypto Max-Sharpe,2022-03-02,-0.014521545282820151
Crypto Max-Sharpe,2022-03-03,-0.038855185571560175
Crypto Max-Sharpe,2022-03-04,-0.07238755328136033
Crypto Max-Sharpe,2022-03-05,0.02182549361753073
Crypto Max-Sharpe,2022-03-06,-0.04415923325294554
Crypto Max-Sharpe,2022-03-07,-0.026345414670295324
Crypto Max-Sharpe,2022-03-08,0.020658511926194334
Crypto Max-Sharpe,2022-03-09,0.059624107402524454
Crypto Max-Sharpe,2022-03-10,-0.047055478185417644
Crypto Max-Sharpe,2022-03-11,-0.019200709882931377
Crypto Max-Sharpe,2022-03-12,0.003789104431523864
Crypto Max-Sharpe,2022-03-13,-0.01263297912528855
Crypto Max-Sharpe,2022-03-14,0.023509842363808698
Crypto Max-Sharpe,2022-03-15,0.004721010563806257
Crypto Max-Sharpe,2022-03-16,0.05387425908320379
Crypto Max-Sharpe,2022-03-17,0.008340124703321662
Crypto Max-Sharpe,2022-03-18,0.03552116066446245
Crypto Max-Sharpe,2022-03-19,0.02305531300763054
Crypto Max-Sharpe,2022-03-20,-0.02810577497745877
Crypto Max-Sharpe,2022-03-21,0.026275892422428553
Crypto Max-Sharpe,2022-03-22,0.04196164479046731
Crypto Max-Sharpe,2022-03-23,0.0664645465617297
Crypto Max-Sharpe,2022-03-24,0.023330040318817517
Crypto Max-Sharpe,2022-03-25,-0.011905430745911319
Crypto Max-Sharpe,2022-03-26,0.026598331486991852
Crypto Max-Sharpe,2022-03-27,0.03910917185441209
Crypto Max-Sharpe,2022-03-28,0.003938455745202028
Crypto Max-Sharpe,2022-03-29,0.018889515452188137
Crypto Max-Sharpe,2022-03-30,-0.0031711490057129976
Crypto Max-Sharpe,2022-03-31,-0.0347530996688853
Crypto Max-Sharpe,2022-04-01,0.038268456604059635
Crypto Max-Sharpe,2022-04-02,-0.004207842045761561
Crypto Max-Sharpe,2022-04-03,0.02397508648472264
Crypto Max-Sharpe,2022-04-04,0.009289959486842895
Crypto Max-Sharpe,2022-04-05,-0.03265501988127881
Crypto Max-Sharpe,2022-04-06,-0.08326162042336474
Crypto Max-Sharpe,2022-04-07,0.027070068138601706
Crypto Max-Sharpe,2022-04-08,-0.03268345270075301
Crypto Max-Sharpe,2022-04-09,0.020369965649703052
Crypto Max-Sharpe,2022-04-10,-0.01461685692799158
Crypto Max-Sharpe,2022-04-11,-0.08667247249362718
Crypto Max-Sharpe,2022-04-12,0.02543641228502394
Crypto Max-Sharpe,2022-04-13,0.025406966197425603
Crypto Max-Sharpe,2022-04-14,-0.036532065372414636
Crypto Max-Sharpe,2022-04-15,0.014069349409429355
Crypto Max-Sharpe,2022-04-16,0.0032051202697712102
Crypto Max-Sharpe,2022-04-17,-0.02858334995895447
Crypto Max-Sharpe,2022-04-18,0.02123091244305573
Crypto Max-Sharpe,2022-04-19,0.01628143848198235
Crypto Max-Sharpe,2022-04-20,-0.012013031271395585
Crypto Max-Sharpe,2022-04-21,-0.029077966508248423
Crypto Max-Sharpe,2022-04-22,-0.00588140940459549
Crypto Max-Sharpe,2022-04-23,-0.013888510184202993
Crypto Max-Sharpe,2022-04-24,-0.0040984825910405035
Crypto Max-Sharpe,2022-04-25,0.023003477970846044
Crypto Max-Sharpe,2022-04-26,-0.07199593829141021
Crypto Max-Sharpe,2022-04-27,0.02321883075759201
Crypto Max-Sharpe,2022-04-28,0.01128613262349462
Crypto Max-Sharpe,2022-04-29,-0.04336359607734601
Crypto Max-Sharpe,2022-04-30,-0.04296825649246098
Crypto Max-Sharpe,2022-05-01,0.03891442836313759
Crypto Max-Sharpe,2022-05-02,0.0026555193011196508
Crypto Max-Sharpe,2022-05-03,-0.021319162934974753
Crypto Max-Sharpe,2022-05-04,0.09506577350592739
Crypto Max-Sharpe,2022-05-05,-0.08422312886054156
Crypto Max-Sharpe,2022-05-06,-0.016152626180848766
Crypto Max-Sharpe,2022-05-07,-0.023864796184219404
Crypto Max-Sharpe,2022-05-08,-0.03931854084606256
Crypto Max-Sharpe,2022-05-09,-0.13230817584620375
Crypto Max-Sharpe,2022-05-10,0.039068924955041315
Crypto Max-Sharpe,2022-05-11,-0.14073687153003722
Crypto Max-Sharpe,2022-05-12,-0.06156098022005778
Crypto Max-Sharpe,2022-05-13,0.05926179584471423
Crypto Max-Sharpe,2022-05-14,0.0204304338315588
Crypto Max-Sharpe,2022-05-15,0.06676422257068869
Crypto Max-Sharpe,2022-05-16,-0.061274946498891994
Crypto Max-Sharpe,2022-05-17,0.03523763038198032
Crypto Max-Sharpe,2022-05-18,-0.09840205207397389
Crypto Max-Sharpe,2022-05-19,0.05368258744884749
Crypto Max-Sharpe,2022-05-20,-0.028486714700131897
Crypto Max-Sharpe,2022-05-21,0.011567349530651586
Crypto Max-Sharpe,2022-05-22,0.03198449367829053
Crypto Max-Sharpe,2022-05-23,-0.04218722440804508
Crypto Max-Sharpe,2022-05-24,0.008285314792945536
Crypto Max-Sharpe,2022-05-25,-0.01611414420050494
Crypto Max-Sharpe,2022-05-26,-0.06947044527805374
Crypto Max-Sharpe,2022-05-27,-0.04703858323728102
Crypto Max-Sharpe,2022-05-28,0.01956933317775663
Crypto Max-Sharpe,2022-05-29,0.03237401452371084
Crypto Max-Sharpe,2022-05-30,0.131843810625594
Crypto Max-Sharpe,2022-05-31,0.01773353000153961
Crypto Max-Sharpe,2022-06-01,-0.08314626144603392
Crypto Max-Sharpe,2022-06-02,0.029626115493565457
Crypto Max-Sharpe,2022-06-03,-0.03872634317994121
Crypto Max-Sharpe,2022-06-04,0.013209486786734219
Crypto Max-Sharpe,2022-06-05,0.0020509506320431094
Crypto Max-Sharpe,2022-06-06,0.04802676126867079
Crypto Max-Sharpe,2022-06-07,-0.009800200038742986
Crypto Max-Sharpe,2022-06-08,0.010867033335373411
Crypto Max-Sharpe,2022-06-09,-0.006746109511472292
Crypto Max-Sharpe,2022-06-10,-0.07869290956744741
Crypto Max-Sharpe,2022-06-11,-0.0626267655034484
Crypto Max-Sharpe,2022-06-12,-0.07344125105299344
Crypto Max-Sharpe,2022-06-13,-0.1257616785620232
Crypto Max-Sharpe,2022-06-14,0.02081940473290225
Crypto Max-Sharpe,2022-06-15,0.0534636837799875
Crypto Max-Sharpe,2022-06-16,-0.12301558366770671
Crypto Max-Sharpe,2022-06-17,0.02103176524002932
Crypto Max-Sharpe,2022-06-18,-0.07538781728487888
Crypto Max-Sharpe,2022-06-19,0.10318008282096583
Crypto Max-Sharpe,2022-06-20,0.006658564595769987
Crypto Max-Sharpe,2022-06-21,-0.011663425334016542
Crypto Max-Sharpe,2022-06-22,-0.05562576971416366
Crypto Max-Sharpe,2022-06-23,0.06997584352028054
Crypto Max-Sharpe,2022-06-24,0.05865523134315011
Crypto Max-Sharpe,2022-06-25,0.007370946561519356
Crypto Max-Sharpe,2022-06-26,-0.02785108766949235
Crypto Max-Sharpe,2022-06-27,-0.00581516542661852
Crypto Max-Sharpe,2022-06-28,-0.03754045862404794
Crypto Max-Sharpe,2022-06-29,-0.026805496749914306
Crypto Max-Sharpe,2022-06-30,-0.022479797580811145
Crypto Max-Sharpe,2022-07-01,-0.014911326861414697
Crypto Max-Sharpe,2022-07-02,0.011972913538050424
Crypto Max-Sharpe,2022-07-03,0.003835916671146146
Crypto Max-Sharpe,2022-07-04,0.044027160364441376
Crypto Max-Sharpe,2022-07-05,-0.01754350944314192
Crypto Max-Sharpe,2022-07-06,0.0210684899985476
Crypto Max-Sharpe,2022-07-07,0.035165129689662566
Crypto Max-Sharpe,2022-07-08,-0.015699041010210708
Crypto Max-Sharpe,2022-07-09,0.012795670267262959
Crypto Max-Sharpe,2022-07-10,-0.03502052400000776
Crypto Max-Sharpe,2022-07-11,-0.05853786838342573
Crypto Max-Sharpe,2022-07-12,-0.04126517225136587
Crypto Max-Sharpe,2022-07-13,0.05465698002817483
Crypto Max-Sharpe,2022-07-14,0.029701537437282235
Crypto Max-Sharpe,2022-07-15,0.014576004199193224
Crypto Max-Sharpe,2022-07-16,0.05557974456359483
Crypto Max-Sharpe,2022-07-17,-0.01753206919331786
Crypto Max-Sharpe,2022-07-18,0.12145044249743159
Crypto Max-Sharpe,2022-07-19,0.017441035121780184
Crypto Max-Sharpe,2022-07-20,-0.033438342095343805
Crypto Max-Sharpe,2022-07-21,0.023957294280690537
Crypto Max-Sharpe,2022-07-22,-0.02785780632140869
Crypto Max-Sharpe,2022-07-23,0.03995131544593004
Crypto Max-Sharpe,2022-07-24,0.007896721368070632
Crypto Max-Sharpe,2022-07-25,-0.07873929968704611
Crypto Max-Sharpe,2022-07-26,-0.008357539719752232
Crypto Max-Sharpe,2022-07-27,0.10316955813654713
Crypto Max-Sharpe,2022-07-28,0.024119530256063042
Crypto Max-Sharpe,2022-07-29,0.010265071668645988
Crypto Max-Sharpe,2022-07-30,-0.004435103333621465
Crypto Max-Sharpe,2022-07-31,-0.012147206107696849
Crypto Max-Sharpe,2022-08-01,-0.019789577303868586
Crypto Max-Sharpe,2022-08-02,-0.009530107656863523
Crypto Max-Sharpe,2022-08-03,-0.002473769921150002
Crypto Max-Sharpe,2022-08-04,-0.008008678239340318
Crypto Max-Sharpe,2022-08-05,0.06281135746033399
Crypto Max-Sharpe,2022-08-06,-0.017401780635307833
Crypto Max-Sharpe,2022-08-07,0.014694685718171679
Crypto Max-Sharpe,2022-08-08,0.02943221217212105
Crypto Max-Sharpe,2022-08-09,-0.04140200409463946
Crypto Max-Sharpe,2022-08-10,0.06736115105042295
Crypto Max-Sharpe,2022-08-11,0.01354750251487348
Crypto Max-Sharpe,2022-08-12,0.029873206297963556
Crypto Max-Sharpe,2022-08-13,0.020442916144985314
Crypto Max-Sharpe,2022-08-14,-0.008218730110612266
Crypto Max-Sharpe,2022-08-15,-0.02065274114545866
Crypto Max-Sharpe,2022-08-16,-0.007128106618383911
Crypto Max-Sharpe,2022-08-17,-0.02602532930039279
Crypto Max-Sharpe,2022-08-18,-0.016510010025454446
Crypto Max-Sharpe,2022-08-19,-0.12872389624147285
Crypto Max-Sharpe,2022-08-20,-0.010661299294477991
Crypto Max-Sharpe,2022-08-21,0.02664903482434622
Crypto Max-Sharpe,2022-08-22,0.00025530335330942096
Crypto Max-Sharpe,2022-08-23,0.016203559881130578
Crypto Max-Sharpe,2022-08-24,-0.004513615507545254
Crypto Max-Sharpe,2022-08-25,0.023379716901152384
Crypto Max-Sharpe,2022-08-26,-0.09318240952189485
Crypto Max-Sharpe,2022-08-27,0.009521792991452204
Crypto Max-Sharpe,2022-08-28,-0.04462142700039913
Crypto Max-Sharpe,2022-08-29,0.07060996524439693
Crypto Max-Sharpe,2022-08-30,-0.012011868974477303
Crypto Max-Sharpe,2022-08-31,0.004864753559088784
Crypto Max-Sharpe,2022-09-01,0.021604374155399928
Crypto Max-Sharpe,2022-09-02,-0.006813804732763262
Crypto Max-Sharpe,2022-09-03,0.015332179057313947
Crypto Max-Sharpe,2022-09-04,0.02594890680990612
Crypto Max-Sharpe,2022-09-05,0.03329567280127711
Crypto Max-Sharpe,2022-09-06,-0.05916281307106327
Crypto Max-Sharpe,2022-09-07,0.043851163917216655
Crypto Max-Sharpe,2022-09-08,0.001198591828423652
Crypto Max-Sharpe,2022-09-09,0.05114162206706613
Crypto Max-Sharpe,2022-09-10,0.024219406292473857
Crypto Max-Sharpe,2022-09-11,-0.008480901440840438
Crypto Max-Sharpe,2022-09-12,-0.020181065342767913
Crypto Max-Sharpe,2022-09-13,-0.0706355989212368
Crypto Max-Sharpe,2022-09-14,0.03727050979660785
Crypto Max-Sharpe,2022-09-15,-0.07271562041849011
Crypto Max-Sharpe,2022-09-16,-0.010779781537055095
Crypto Max-Sharpe,2022-09-17,0.024976204329462282
Crypto Max-Sharpe,2022-09-18,-0.09334015004094294
Crypto Max-Sharpe,2022-09-19,0.0245059485292122
Crypto Max-Sharpe,2022-09-20,-0.033750097473703285
Crypto Max-Sharpe,2022-09-21,-0.03220655004323453
Crypto Max-Sharpe,2022-09-22,0.04844069626697137
Crypto Max-Sharpe,2022-09-23,0.0037780076560097902
Crypto Max-Sharpe,2022-09-24,-0.013308665108282361
Crypto Max-Sharpe,2022-09-25,-0.015192688204381199
Crypto Max-Sharpe,2022-09-26,0.01666712983654534
Crypto Max-Sharpe,2022-09-27,-0.007389492644681591
Crypto Max-Sharpe,2022-09-28,-0.003265618812080587
Crypto Max-Sharpe,2022-09-29,0.0006952322975432169
Crypto Max-Sharpe,2022-09-30,-0.006553258419320166
Crypto Max-Sharpe,2022-10-01,-0.010375314798221357
Crypto Max-Sharpe,2022-10-02,-0.02502258401762656
Crypto Max-Sharpe,2022-10-03,0.02715134863358806
Crypto Max-Sharpe,2022-10-04,0.02279689267847191
Crypto Max-Sharpe,2022-10-05,-0.008696870424449497
Crypto Max-Sharpe,2022-10-06,-0.0022548867394345095
Crypto Max-Sharpe,2022-10-07,-0.012007323014746918
Crypto Max-Sharpe,2022-10-08,-0.010332530438296565
Crypto Max-Sharpe,2022-10-09,0.003896607850976762
Crypto Max-Sharpe,2022-10-10,-0.04323782884819525
Crypto Max-Sharpe,2022-10-11,-0.01893431247466515
Crypto Max-Sharpe,2022-10-12,-0.005009489279668154
Crypto Max-Sharpe,2022-10-13,-0.010322322202851035
Crypto Max-Sharpe,2022-10-14,-0.008188768412577136
Crypto Max-Sharpe,2022-10-15,-0.01356567751018635
Crypto Max-Sharpe,2022-10-16,0.020300854628749105
Crypto Max-Sharpe,2022-10-17,0.01436659335300186
Crypto Max-Sharpe,2022-10-18,-0.021610108564997173
Crypto Max-Sharpe,2022-10-19,-0.02754058233596219
Crypto Max-Sharpe,2022-10-20,-0.01639462136758011
Crypto Max-Sharpe,2022-10-21,0.01887888772821579
Crypto Max-Sharpe,2022-10-22,0.013362933485155515
Crypto Max-Sharpe,2022-10-23,0.03060684779092214
Crypto Max-Sharpe,2022-10-24,-0.01453570509382583
Crypto Max-Sharpe,2022-10-25,0.10253639974104896
Crypto Max-Sharpe,2022-10-26,0.036082374221853654
Crypto Max-Sharpe,2022-10-27,-0.03375081465198801
Crypto Max-Sharpe,2022-10-28,0.03304105601519048
Crypto Max-Sharpe,2022-10-29,0.036378765560522074
Crypto Max-Sharpe,2022-10-30,-0.028001748060067246
Crypto Max-Sharpe,2022-10-31,-0.005615341645241099
Crypto Max-Sharpe,2022-11-01,-0.0025188856450134947
Crypto Max-Sharpe,2022-11-02,-0.03783947114899989
Crypto Max-Sharpe,2022-11-03,0.009201608283147754
Crypto Max-Sharpe,2022-11-04,0.07613920355726486
Crypto Max-Sharpe,2022-11-05,-0.0005225069433404536
Crypto Max-Sharpe,2022-11-06,-0.04251944850359612
Crypto Max-Sharpe,2022-11-07,-0.000101519374616616
Crypto Max-Sharpe,2022-11-08,-0.12087091085781292
Crypto Max-Sharpe,2022-11-09,-0.16087657314155357
Crypto Max-Sharpe,2022-11-10,0.17133671067234607
Crypto Max-Sharpe,2022-11-11,-0.021417088029728408
Crypto Max-Sharpe,2022-11-12,-0.03236502797057221
Crypto Max-Sharpe,2022-11-13,-0.02782625458945084
Crypto Max-Sharpe,2022-11-14,0.011418118431459663
Crypto Max-Sharpe,2022-11-15,0.01100434552099227
Crypto Max-Sharpe,2022-11-16,-0.022713290582107304
Crypto Max-Sharpe,2022-11-17,-0.015913680578354905
Crypto Max-Sharpe,2022-11-18,0.007180483458174069
Crypto Max-Sharpe,2022-11-19,0.0062100063294158155
Crypto Max-Sharpe,2022-11-20,-0.05708342741227147
Crypto Max-Sharpe,2022-11-21,-0.025801075418324083
Crypto Max-Sharpe,2022-11-22,0.023110692227676567
Crypto Max-Sharpe,2022-11-23,0.03552509446622219
Crypto Max-Sharpe,2022-11-24,0.008159884895642462
Crypto Max-Sharpe,2022-11-25,-0.004280102177998559
Crypto Max-Sharpe,2022-11-26,0.0014646930822955978
Crypto Max-Sharpe,2022-11-27,-0.006521618440443538
Crypto Max-Sharpe,2022-11-28,-0.01967273824640358
Crypto Max-Sharpe,2022-11-29,0.026439090180911673
Crypto Max-Sharpe,2022-11-30,0.05016785321994009
Crypto Max-Sharpe,2022-12-01,-0.014758268617300906
Crypto Max-Sharpe,2022-12-02,0.014068358002880912
Crypto Max-Sharpe,2022-12-03,-0.023409342358374965
Crypto Max-Sharpe,2022-12-04,0.020374400718583364
Crypto Max-Sharpe,2022-12-05,-0.01272206245177702
Crypto Max-Sharpe,2022-12-06,0.004565178213445715
Crypto Max-Sharpe,2022-12-07,-0.028572288417118962
Crypto Max-Sharpe,2022-12-08,0.029315021548070617
Crypto Max-Sharpe,2022-12-09,-0.010980770591531349
Crypto Max-Sharpe,2022-12-10,0.0021012300657903883
Crypto Max-Sharpe,2022-12-11,-0.007853663099950779
Crypto Max-Sharpe,2022-12-12,0.0028410980986332325
Crypto Max-Sharpe,2022-12-13,0.029250396312158426
Crypto Max-Sharpe,2022-12-14,-0.0103132941941996
Crypto Max-Sharpe,2022-12-15,-0.028966841387804695
Crypto Max-Sharpe,2022-12-16,-0.09379091688518018
Crypto Max-Sharpe,2022-12-17,0.015418066697381341
Crypto Max-Sharpe,2022-12-18,-0.0036342316289226157
Crypto Max-Sharpe,2022-12-19,-0.028447440001053127
Crypto Max-Sharpe,2022-12-20,0.03560267979999209
Crypto Max-Sharpe,2022-12-21,-0.008779056272789812
Crypto Max-Sharpe,2022-12-22,0.007202864042206624
Crypto Max-Sharpe,2022-12-23,0.003967743242962055
Crypto Max-Sharpe,2022-12-24,0.0008588030008535726
Crypto Max-Sharpe,2022-12-25,-0.0016735059619003283
Crypto Max-Sharpe,2022-12-26,0.012185575408558056
Crypto Max-Sharpe,2022-12-27,-0.01449824681054822
Crypto Max-Sharpe,2022-12-28,-0.029049886484912472
Crypto Max-Sharpe,2022-12-29,0.0005598102610502076
Crypto Max-Sharpe,2022-12-30,0.0008440718139874088
Crypto Max-Sharpe,2022-12-31,0.0006511421232497416
Crypto Max-Sharpe,2023-01-01,0.006656932815686911
Crypto Max-Sharpe,2023-01-02,0.012338022418878858
Crypto Max-Sharpe,2023-01-03,-0.0016945051135194094
Crypto Max-Sharpe,2023-01-04,0.03820221037733748
Crypto Max-Sharpe,2023-01-05,-0.003224271907219215
Crypto Max-Sharpe,2023-01-06,0.0176882565217247
Crypto Max-Sharpe,2023-01-07,-0.0049494980230073175
Crypto Max-Sharpe,2023-01-08,0.03372654535452284
Crypto Max-Sharpe,2023-01-09,0.039541294715332596
Crypto Max-Sharpe,2023-01-10,0.012246083982222742
Crypto Max-Sharpe,2023-01-11,0.02659692770264924
Crypto Max-Sharpe,2023-01-12,0.020653694214219892
Crypto Max-Sharpe,2023-01-13,0.03363435013603194
Crypto Max-Sharpe,2023-01-14,0.050368761079006064
Crypto Max-Sharpe,2023-01-15,-0.0004027420016080792
Crypto Max-Sharpe,2023-01-16,0.009404465612970031
Crypto Max-Sharpe,2023-01-17,-0.008154836992596292
Crypto Max-Sharpe,2023-01-18,-0.04070984932441506
Crypto Max-Sharpe,2023-01-19,0.0278478470212277
Crypto Max-Sharpe,2023-01-20,0.06854433736964784
Crypto Max-Sharpe,2023-01-21,-0.010040576630598605
Crypto Max-Sharpe,2023-01-22,0.0064588191153908125
Crypto Max-Sharpe,2023-01-23,0.0008419332952421986
Crypto Max-Sharpe,2023-01-24,-0.04353541907282646
Crypto Max-Sharpe,2023-01-25,0.03577693332995124
Crypto Max-Sharpe,2023-01-26,0.0018406308204623578
Crypto Max-Sharpe,2023-01-27,0.007882973677760174
Crypto Max-Sharpe,2023-01-28,-0.015583848977135157
Crypto Max-Sharpe,2023-01-29,0.040448663111629285
Crypto Max-Sharpe,2023-01-30,-0.049260463057106865
Crypto Max-Sharpe,2023-01-31,0.022057252518349443
Crypto Max-Sharpe,2023-02-01,0.027170370973461536
Crypto Max-Sharpe,2023-02-02,0.001175464801245442
Crypto Max-Sharpe,2023-02-03,0.014266977179737366
Crypto Max-Sharpe,2023-02-04,-0.0035539712848051967
Crypto Max-Sharpe,2023-02-05,-0.019106949556968976
Crypto Max-Sharpe,2023-02-06,-0.015602403814973168
Crypto Max-Sharpe,2023-02-07,0.038230777520813
Crypto Max-Sharpe,2023-02-08,-0.011658203346427025
Crypto Max-Sharpe,2023-02-09,-0.06939580435278488
Crypto Max-Sharpe,2023-02-10,-0.015564380127880549
Crypto Max-Sharpe,2023-02-11,0.02096175093233445
Crypto Max-Sharpe,2023-02-12,-0.014444206849586456
Crypto Max-Sharpe,2023-02-13,-0.006713383948694498
Crypto Max-Sharpe,2023-02-14,0.047711979440173496
Crypto Max-Sharpe,2023-02-15,0.07704414423504505
Crypto Max-Sharpe,2023-02-16,-0.04080153830483291
Crypto Max-Sharpe,2023-02-17,0.03712209508526982
Crypto Max-Sharpe,2023-02-18,0.0009776244418721021
Crypto Max-Sharpe,2023-02-19,-0.009144030486789589
Crypto Max-Sharpe,2023-02-20,0.011951843748004311
Crypto Max-Sharpe,2023-02-21,-0.0274421791238015
Crypto Max-Sharpe,2023-02-22,-0.008589654055091293
Crypto Max-Sharpe,2023-02-23,-0.0027016478775263334
Crypto Max-Sharpe,2023-02-24,-0.032878872479808224
Crypto Max-Sharpe,2023-02-25,-0.008441256544438164
Crypto Max-Sharpe,2023-02-26,0.02472193089529313
Crypto Max-Sharpe,2023-02-27,-0.006481491465296561
Crypto Max-Sharpe,2023-02-28,-0.023102483709684242
Crypto Max-Sharpe,2023-03-01,0.029539922942787195
Crypto Max-Sharpe,2023-03-02,-0.014888731760184747
Crypto Max-Sharpe,2023-03-03,-0.03822219515926527
Crypto Max-Sharpe,2023-03-04,-0.007184347698354381
Crypto Max-Sharpe,2023-03-05,0.0003971864018025583
Crypto Max-Sharpe,2023-03-06,-0.004516489228198622
Crypto Max-Sharpe,2023-03-07,-0.003921904747627941
Crypto Max-Sharpe,2023-03-08,-0.02422483918653394
Crypto Max-Sharpe,2023-03-09,-0.0543106089088094
Crypto Max-Sharpe,2023-03-10,0.0001759373986453171
Crypto Max-Sharpe,2023-03-11,0.017293428805348503
Crypto Max-Sharpe,2023-03-12,0.0762732741412675
Crypto Max-Sharpe,2023-03-13,0.04960199241998769
Crypto Max-Sharpe,2023-03-14,0.007875949666133284
Crypto Max-Sharpe,2023-03-15,-0.03690321569735977
Crypto Max-Sharpe,2023-03-16,0.008377454546705552
Crypto Max-Sharpe,2023-03-17,0.06855483329977742
Crypto Max-Sharpe,2023-03-18,-0.024251363762408103
Crypto Max-Sharpe,2023-03-19,0.01701365396796357
Crypto Max-Sharpe,2023-03-20,-0.03117087692183481
Crypto Max-Sharpe,2023-03-21,0.06379327323907207
Crypto Max-Sharpe,2023-03-22,-0.04156386584853039
Crypto Max-Sharpe,2023-03-23,0.0450585603977618
Crypto Max-Sharpe,2023-03-24,-0.0337271481980136
Crypto Max-Sharpe,2023-03-25,-0.009450623124355826
Crypto Max-Sharpe,2023-03-26,0.015400773093197779
Crypto Max-Sharpe,2023-03-27,-0.030568383384731272
Crypto Max-Sharpe,2023-03-28,0.041537139834236146
Crypto Max-Sharpe,2023-03-29,0.018226452192031433
Crypto Max-Sharpe,2023-03-30,-0.0036236282003705585
Crypto Max-Sharpe,2023-03-31,0.029527536562179386
Crypto Max-Sharpe,2023-04-01,-0.013480285014798588
Crypto Max-Sharpe,2023-04-02,-0.01019957230565324
Crypto Max-Sharpe,2023-04-03,0.010055697763771252
Crypto Max-Sharpe,2023-04-04,0.0236834532965426
Crypto Max-Sharpe,2023-04-05,0.015475471721104663
Crypto Max-Sharpe,2023-04-06,-0.019839459530473263
Crypto Max-Sharpe,2023-04-07,-0.0021172941493151627
Crypto Max-Sharpe,2023-04-08,-0.0038231763767658062
Crypto Max-Sharpe,2023-04-09,0.007114580361774393
Crypto Max-Sharpe,2023-04-10,0.024339581646374252
Crypto Max-Sharpe,2023-04-11,-0.0030795010496633087
Crypto Max-Sharpe,2023-04-12,0.013217296225031467
Crypto Max-Sharpe,2023-04-13,0.04636984113097526
Crypto Max-Sharpe,2023-04-14,0.03850891944196457
Crypto Max-Sharpe,2023-04-15,0.00830493926903538
Crypto Max-Sharpe,2023-04-16,0.007583098842265175
Crypto Max-Sharpe,2023-04-17,-0.026389249039893203
Crypto Max-Sharpe,2023-04-18,0.016443420356891402
Crypto Max-Sharpe,2023-04-19,-0.0723775600410516
Crypto Max-Sharpe,2023-04-20,-0.009893295019287901
Crypto Max-Sharpe,2023-04-21,-0.0455248803028704
Crypto Max-Sharpe,2023-04-22,0.020240208075018848
Crypto Max-Sharpe,2023-04-23,-0.009833580267322837
Crypto Max-Sharpe,2023-04-24,-0.011187606895492327
Crypto Max-Sharpe,2023-04-25,0.01765619078739363
Crypto Max-Sharpe,2023-04-26,0.005108797231298243
Crypto Max-Sharpe,2023-04-27,0.02162445607487845
Crypto Max-Sharpe,2023-04-28,-0.008998318317758722
Crypto Max-Sharpe,2023-04-29,0.004389665434906961
Crypto Max-Sharpe,2023-04-30,-0.015472905308884613
Crypto Max-Sharpe,2023-05-01,-0.02318061223020712
Crypto Max-Sharpe,2023-05-02,0.018130065244543053
Crypto Max-Sharpe,2023-05-03,0.013455738406363877
Crypto Max-Sharpe,2023-05-04,-0.014237704936413376
Crypto Max-Sharpe,2023-05-05,0.0471654975481328
Crypto Max-Sharpe,2023-05-06,-0.042750190441760746
Crypto Max-Sharpe,2023-05-07,-0.012435621953025675
Crypto Max-Sharpe,2023-05-08,-0.018060365748649016
Crypto Max-Sharpe,2023-05-09,-0.0015429117230128997
Crypto Max-Sharpe,2023-05-10,0.00332202679634107
Crypto Max-Sharpe,2023-05-11,-0.025483817407713886
Crypto Max-Sharpe,2023-05-12,0.014056134233602954
Crypto Max-Sharpe,2023-05-13,-0.008728468273000228
Crypto Max-Sharpe,2023-05-14,0.006541040225882136
Crypto Max-Sharpe,2023-05-15,0.0037943778763860495
Crypto Max-Sharpe,2023-05-16,0.0028079632518779015
Crypto Max-Sharpe,2023-05-17,0.005972116670812541
Crypto Max-Sharpe,2023-05-18,-0.010371863014510228
Crypto Max-Sharpe,2023-05-19,0.000840295371932289
Crypto Max-Sharpe,2023-05-20,0.002278345372517061
Crypto Max-Sharpe,2023-05-21,-0.009542028997607708
Crypto Max-Sharpe,2023-05-22,0.012869890259666266
Crypto Max-Sharpe,2023-05-23,0.015397595413130965
Crypto Max-Sharpe,2023-05-24,-0.0250178000311588
Crypto Max-Sharpe,2023-05-25,-0.0029745649701469847
Crypto Max-Sharpe,2023-05-26,0.011425786756700978
Crypto Max-Sharpe,2023-05-27,0.005088578092933047
Crypto Max-Sharpe,2023-05-28,0.04226882490099463
Crypto Max-Sharpe,2023-05-29,-0.009844558775844621
Crypto Max-Sharpe,2023-05-30,0.001834911778922797
Crypto Max-Sharpe,2023-05-31,-0.012652260886893335
Crypto Max-Sharpe,2023-06-01,-0.011871762958913864
Crypto Max-Sharpe,2023-06-02,0.0352915877674892
Crypto Max-Sharpe,2023-06-03,-0.0075873680768505074
Crypto Max-Sharpe,2023-06-04,0.0002198900515917705
Crypto Max-Sharpe,2023-06-05,-0.04873553272294713
Crypto Max-Sharpe,2023-06-06,0.02645931353968519
Crypto Max-Sharpe,2023-06-07,-0.04406538344595377
Crypto Max-Sharpe,2023-06-08,0.006425529125296071
Crypto Max-Sharpe,2023-06-09,-0.032591405938790854
Crypto Max-Sharpe,2023-06-10,-0.05126886245629457
Crypto Max-Sharpe,2023-06-11,-0.0025072855566817907
Crypto Max-Sharpe,2023-06-12,-0.0003173628094561786
Crypto Max-Sharpe,2023-06-13,-0.00020005467730144352
Crypto Max-Sharpe,2023-06-14,-0.04522619589048179
Crypto Max-Sharpe,2023-06-15,0.004346700399227058
Crypto Max-Sharpe,2023-06-16,0.0200842326313781
Crypto Max-Sharpe,2023-06-17,0.009230000480320842
Crypto Max-Sharpe,2023-06-18,-0.010538866434875215
Crypto Max-Sharpe,2023-06-19,0.00829409648618275
Crypto Max-Sharpe,2023-06-20,0.02829054735159778
Crypto Max-Sharpe,2023-06-21,0.05431828136237473
Crypto Max-Sharpe,2023-06-22,-0.0033268301370432784
Crypto Max-Sharpe,2023-06-23,0.01417992310571349
Crypto Max-Sharpe,2023-06-24,-0.012826141534996009
Crypto Max-Sharpe,2023-06-25,0.011630868958661836
Crypto Max-Sharpe,2023-06-26,-0.024394032225556087
Crypto Max-Sharpe,2023-06-27,0.017198661204944277
Crypto Max-Sharpe,2023-06-28,-0.0403245386573366
Crypto Max-Sharpe,2023-06-29,0.01802919671275651
Crypto Max-Sharpe,2023-06-30,0.041234656262096776
Crypto Max-Sharpe,2023-07-01,0.001618820532960057
Crypto Max-Sharpe,2023-07-02,0.0027587200431407784
Crypto Max-Sharpe,2023-07-03,0.011172927272898555
Crypto Max-Sharpe,2023-07-04,-0.00939300998330634
Crypto Max-Sharpe,2023-07-05,-0.014407220374894659
Crypto Max-Sharpe,2023-07-06,-0.025788498705155493
Crypto Max-Sharpe,2023-07-07,0.013828062081456356
Crypto Max-Sharpe,2023-07-08,0.003667031344657629
Crypto Max-Sharpe,2023-07-09,-0.008211406147848623
Crypto Max-Sharpe,2023-07-10,0.008855505884191461
Crypto Max-Sharpe,2023-07-11,0.0017292623054429835
Crypto Max-Sharpe,2023-07-12,-0.00402541172156221
Crypto Max-Sharpe,2023-07-13,0.09820924216222571
Crypto Max-Sharpe,2023-07-14,-0.04034138061837336
Crypto Max-Sharpe,2023-07-15,-0.0027886574554093
Crypto Max-Sharpe,2023-07-16,-0.010450881994157609
Crypto Max-Sharpe,2023-07-17,-0.005571421137040432
Crypto Max-Sharpe,2023-07-18,-0.008320526655581988
Crypto Max-Sharpe,2023-07-19,0.006628571617188048
Crypto Max-Sharpe,2023-07-20,-0.0026708002997522934
Crypto Max-Sharpe,2023-07-21,-0.0013003781574630112
Crypto Max-Sharpe,2023-07-22,-0.007523943067683122
Crypto Max-Sharpe,2023-07-23,0.01279140258367519
Crypto Max-Sharpe,2023-07-24,-0.023851495169158403
Crypto Max-Sharpe,2023-07-25,0.002810344583961667
Crypto Max-Sharpe,2023-07-26,0.007662143241582234
Crypto Max-Sharpe,2023-07-27,-0.0036901263332269106
Crypto Max-Sharpe,2023-07-28,0.010714620341395488
Crypto Max-Sharpe,2023-07-29,0.0012360118215391203
Crypto Max-Sharpe,2023-07-30,-0.010234367225592109
Crypto Max-Sharpe,2023-07-31,-0.00953188841317168
Crypto Max-Sharpe,2023-08-01,0.008364823031690501
Crypto Max-Sharpe,2023-08-02,-0.022261187370417473
Crypto Max-Sharpe,2023-08-03,-0.005630704295195507
Crypto Max-Sharpe,2023-08-04,-0.003653681255926699
Crypto Max-Sharpe,2023-08-05,0.0036029118273555125
Crypto Max-Sharpe,2023-08-06,-0.004767999290986976
Crypto Max-Sharpe,2023-08-07,-0.0016164887604915765
Crypto Max-Sharpe,2023-08-08,0.016326558722648873
Crypto Max-Sharpe,2023-08-09,0.0016539008936581232
Crypto Max-Sharpe,2023-08-10,-0.0040883362980084536
Crypto Max-Sharpe,2023-08-11,-0.0033003925369078416
Crypto Max-Sharpe,2023-08-12,-0.00016903815062521612
Crypto Max-Sharpe,2023-08-13,-0.005568520475692798
Crypto Max-Sharpe,2023-08-14,0.0032949846402998925
Crypto Max-Sharpe,2023-08-15,-0.014854078717510155
Crypto Max-Sharpe,2023-08-16,-0.0162329290780101
Crypto Max-Sharpe,2023-08-17,-0.06353162488037964
Crypto Max-Sharpe,2023-08-18,-0.002786398771405613
Crypto Max-Sharpe,2023-08-19,0.009132970038754082
Crypto Max-Sharpe,2023-08-20,0.01159382187279724
Crypto Max-Sharpe,2023-08-21,-0.01427139838423085
Crypto Max-Sharpe,2023-08-22,-0.01649104954474483
Crypto Max-Sharpe,2023-08-23,0.029536769933563665
Crypto Max-Sharpe,2023-08-24,-0.011235996898435819
Crypto Max-Sharpe,2023-08-25,-0.005029281881770464
Crypto Max-Sharpe,2023-08-26,-0.0024933370798021852
Crypto Max-Sharpe,2023-08-27,0.00653554826729234
Crypto Max-Sharpe,2023-08-28,-0.0007557388437230379
Crypto Max-Sharpe,2023-08-29,0.03671638032995798
Crypto Max-Sharpe,2023-08-30,-0.017481839781883935
Crypto Max-Sharpe,2023-08-31,-0.029688941336407433
Crypto Max-Sharpe,2023-09-01,-0.008342226043517188
Crypto Max-Sharpe,2023-09-02,0.006227166388937617
Crypto Max-Sharpe,2023-09-03,-0.0006430910225675472
Crypto Max-Sharpe,2023-09-04,-0.0015161115625912686
Crypto Max-Sharpe,2023-09-05,0.002579549342727292
Crypto Max-Sharpe,2023-09-06,0.0025936326735955992
Crypto Max-Sharpe,2023-09-07,0.006609794293234726
Crypto Max-Sharpe,2023-09-08,-0.006669965188230745
Crypto Max-Sharpe,2023-09-09,-0.0009440272680742755
Crypto Max-Sharpe,2023-09-10,-0.012171423656369234
Crypto Max-Sharpe,2023-09-11,-0.03333271520881982
Crypto Max-Sharpe,2023-09-12,0.02726286684511929
Crypto Max-Sharpe,2023-09-13,0.009397244884639507
Crypto Max-Sharpe,2023-09-14,0.014553234259361876
Crypto Max-Sharpe,2023-09-15,0.006254469066929007
Crypto Max-Sharpe,2023-09-16,-0.0037564881143144196
Crypto Max-Sharpe,2023-09-17,-0.007414214902197271
Crypto Max-Sharpe,2023-09-18,0.01031826060905592
Crypto Max-Sharpe,2023-09-19,0.0060091949541229055
Crypto Max-Sharpe,2023-09-20,-0.010911258850200709
Crypto Max-Sharpe,2023-09-21,-0.02277668617383343
Crypto Max-Sharpe,2023-09-22,0.003950982081462035
Crypto Max-Sharpe,2023-09-23,0.0016313458630673164
Crypto Max-Sharpe,2023-09-24,-0.007620293704938286
Crypto Max-Sharpe,2023-09-25,0.0071512187081789
Crypto Max-Sharpe,2023-09-26,0.001846013646200467
Crypto Max-Sharpe,2023-09-27,0.0027683099114546414
Crypto Max-Sharpe,2023-09-28,0.028476623587468056
Crypto Max-Sharpe,2023-09-29,0.010946594995940187
Crypto Max-Sharpe,2023-09-30,0.003569132818863154
Crypto Max-Sharpe,2023-10-01,0.03420052334984473
Crypto Max-Sharpe,2023-10-02,-0.03528376675132159
Crypto Max-Sharpe,2023-10-03,0.006542912875121048
Crypto Max-Sharpe,2023-10-04,-0.008852075976018201
Crypto Max-Sharpe,2023-10-05,-0.015131855806194867
Crypto Max-Sharpe,2023-10-06,0.013631457394985938
Crypto Max-Sharpe,2023-10-07,-0.00568425943086919
Crypto Max-Sharpe,2023-10-08,-0.0018768410849864896
Crypto Max-Sharpe,2023-10-09,-0.028163227316092044
Crypto Max-Sharpe,2023-10-10,-0.006127489773395617
Crypto Max-Sharpe,2023-10-11,-0.0019180921092831601
Crypto Max-Sharpe,2023-10-12,-0.014912228686319149
Crypto Max-Sharpe,2023-10-13,0.006812205569609674
Crypto Max-Sharpe,2023-10-14,0.0007319653067221518
Crypto Max-Sharpe,2023-10-15,0.005546052286674597
Crypto Max-Sharpe,2023-10-16,0.02535302421630391
Crypto Max-Sharpe,2023-10-17,-0.017321470882997788
Crypto Max-Sharpe,2023-10-18,-0.0013332000431387748
Crypto Max-Sharpe,2023-10-19,0.0055310015682050965
Crypto Max-Sharpe,2023-10-20,0.019434361418393414
Crypto Max-Sharpe,2023-10-21,0.016195985063817264
Crypto Max-Sharpe,2023-10-22,0.01316235250828001
Crypto Max-Sharpe,2023-10-23,0.05246322921679638
Crypto Max-Sharpe,2023-10-24,0.006517513976086148
Crypto Max-Sharpe,2023-10-25,0.00460455858954931
Crypto Max-Sharpe,2023-10-26,0.007988555886448274
Crypto Max-Sharpe,2023-10-27,-0.005319991977496583
Crypto Max-Sharpe,2023-10-28,0.0013879889712093674
Crypto Max-Sharpe,2023-10-29,0.010074945603915808
Crypto Max-Sharpe,2023-10-30,0.010636665157440196
Crypto Max-Sharpe,2023-10-31,0.0009331133150956989
Crypto Max-Sharpe,2023-11-01,0.025699871485865187
Crypto Max-Sharpe,2023-11-02,-0.008579238947563492
Crypto Max-Sharpe,2023-11-03,0.009495424365741698
Crypto Max-Sharpe,2023-11-04,0.009035718475452955
Crypto Max-Sharpe,2023-11-05,0.020388219902749086
Crypto Max-Sharpe,2023-11-06,0.010993951425742108
Crypto Max-Sharpe,2023-11-07,-0.011732827432710917
Crypto Max-Sharpe,2023-11-08,0.007715350717430788
Crypto Max-Sharpe,2023-11-09,0.07996405478676659
Crypto Max-Sharpe,2023-11-10,0.012815424976128085
Crypto Max-Sharpe,2023-11-11,-0.004507323542205011
Crypto Max-Sharpe,2023-11-12,-0.0018765150663256176
Crypto Max-Sharpe,2023-11-13,-0.010814501971172853
Crypto Max-Sharpe,2023-11-14,-0.03284036381508152
Crypto Max-Sharpe,2023-11-15,0.03916296027485407
Crypto Max-Sharpe,2023-11-16,-0.03630067731507739
Crypto Max-Sharpe,2023-11-17,0.0005167093858444683
Crypto Max-Sharpe,2023-11-18,0.004386640111268559
Crypto Max-Sharpe,2023-11-19,0.01956416447177954
Crypto Max-Sharpe,2023-11-20,-0.004124088059026375
Crypto Max-Sharpe,2023-11-21,-0.04619571418519994
Crypto Max-Sharpe,2023-11-22,0.0619089073424311
Crypto Max-Sharpe,2023-11-23,0.003934670325704584
Crypto Max-Sharpe,2023-11-24,0.011107675719254896
Crypto Max-Sharpe,2023-11-25,0.013481920536084623
Crypto Max-Sharpe,2023-11-26,-0.010980982316252424
Crypto Max-Sharpe,2023-11-27,-0.02676457491003854
Crypto Max-Sharpe,2023-11-28,0.011907024286033003
Crypto Max-Sharpe,2023-11-29,-0.006364643958348078
Crypto Max-Sharpe,2023-11-30,0.0040309760321743425
Crypto Max-Sharpe,2023-12-01,0.014019840664015296
Crypto Max-Sharpe,2023-12-02,0.02988719282366045
Crypto Max-Sharpe,2023-12-03,0.00579726675416173
Crypto Max-Sharpe,2023-12-04,0.0209465744404043
Crypto Max-Sharpe,2023-12-05,0.02295550691212532
Crypto Max-Sharpe,2023-12-06,-0.004837732707793942
Crypto Max-Sharpe,2023-12-07,0.03868640487415624
Crypto Max-Sharpe,2023-12-08,0.04835319228675136
Crypto Max-Sharpe,2023-12-09,0.008831329474284352
Crypto Max-Sharpe,2023-12-10,0.01087546632717136
Crypto Max-Sharpe,2023-12-11,-0.055033856894353535
Crypto Max-Sharpe,2023-12-12,0.003990764760539141
Crypto Max-Sharpe,2023-12-13,0.05080673806189809
Crypto Max-Sharpe,2023-12-14,0.010339047675148677
Crypto Max-Sharpe,2023-12-15,-0.047098246206852296
Crypto Max-Sharpe,2023-12-16,0.006594138508314873
Crypto Max-Sharpe,2023-12-17,-0.01911134184789471
Crypto Max-Sharpe,2023-12-18,0.01105809013985742
Crypto Max-Sharpe,2023-12-19,-0.019966682251002347
Crypto Max-Sharpe,2023-12-20,0.015476777190675018
Crypto Max-Sharpe,2023-12-21,0.03145886305210404
Crypto Max-Sharpe,2023-12-22,0.01912286126419683
Crypto Max-Sharpe,2023-12-23,-0.004677859879045626
Crypto Max-Sharpe,2023-12-24,-0.019024917636029724
Crypto Max-Sharpe,2023-12-25,0.012728407759600999
Crypto Max-Sharpe,2023-12-26,-0.021839652907472615
Crypto Max-Sharpe,2023-12-27,0.051805012219400245
Crypto Max-Sharpe,2023-12-28,-0.012871057659653618
Crypto Max-Sharpe,2023-12-29,-0.014622822756155148
Crypto Max-Sharpe,2023-12-30,-0.003993028999540361
Crypto Max-Sharpe,2023-12-31,-0.0023734709673597473
Crypto Mean-CVaR,2021-01-01,0.012716307395519842
Crypto Mean-CVaR,2021-01-02,0.09254501069943696
Crypto Mean-CVaR,2021-01-03,0.021275710727559946
Crypto Mean-CVaR,2021-01-04,-0.023709912504545582
Crypto Mean-CVaR,2021-01-05,0.06128197476003535
Crypto Mean-CVaR,2021-01-06,0.08306222151377336
Crypto Mean-CVaR,2021-01-07,0.06843465170091491
Crypto Mean-CVaR,2021-01-08,0.035513294759211785
Crypto Mean-CVaR,2021-01-09,-0.011543589681862004
Crypto Mean-CVaR,2021-01-10,-0.04693886878006988
Crypto Mean-CVaR,2021-01-11,-0.07341111708363916
Crypto Mean-CVaR,2021-01-12,-0.04575801008848761
Crypto Mean-CVaR,2021-01-13,0.09942807902658232
Crypto Mean-CVaR,2021-01-14,0.049340681520093285
Crypto Mean-CVaR,2021-01-15,-0.05952375975493226
Crypto Mean-CVaR,2021-01-16,-0.01715405760933442
Crypto Mean-CVaR,2021-01-17,-0.010547475457177075
Crypto Mean-CVaR,2021-01-18,0.023797900178483492
Crypto Mean-CVaR,2021-01-19,-0.015448714158618964
Crypto Mean-CVaR,2021-01-20,-0.01439955457424451
Crypto Mean-CVaR,2021-01-21,-0.1322567737946047
Crypto Mean-CVaR,2021-01-22,0.07019808346698413
Crypto Mean-CVaR,2021-01-23,-0.027748824910451792
Crypto Mean-CVaR,2021-01-24,0.007220926905324362
Crypto Mean-CVaR,2021-01-25,0.002133361795617279
Crypto Mean-CVaR,2021-01-26,0.00617546643916817
Crypto Mean-CVaR,2021-01-27,-0.06526282624853766
Crypto Mean-CVaR,2021-01-28,0.09893087032161739
Crypto Mean-CVaR,2021-01-29,0.026790302875489665
Crypto Mean-CVaR,2021-01-30,-0.0018856489987923197
Crypto Mean-CVaR,2021-01-31,-0.0334187306801964
Crypto Mean-CVaR,2021-02-01,0.016945212286913498
Crypto Mean-CVaR,2021-02-02,0.05138090656577751
Crypto Mean-CVaR,2021-02-03,0.05288610073564833
Crypto Mean-CVaR,2021-02-04,-0.017749333611045998
Crypto Mean-CVaR,2021-02-05,0.04158312902641158
Crypto Mean-CVaR,2021-02-06,0.020641129637721613
Crypto Mean-CVaR,2021-02-07,-0.004372022534638169
Crypto Mean-CVaR,2021-02-08,0.17881598273674607
Crypto Mean-CVaR,2021-02-09,0.024688069426706486
Crypto Mean-CVaR,2021-02-10,-0.02832008250058036
Crypto Mean-CVaR,2021-02-11,0.09080553593485607
Crypto Mean-CVaR,2021-02-12,-0.011609642338962563
Crypto Mean-CVaR,2021-02-13,0.003930080702606929
Crypto Mean-CVaR,2021-02-14,0.019514414069283267
Crypto Mean-CVaR,2021-02-15,-0.025965669953869574
Crypto Mean-CVaR,2021-02-16,0.026454132745065355
Crypto Mean-CVaR,2021-02-17,0.052527917716369485
Crypto Mean-CVaR,2021-02-18,-0.0012054526663517959
Crypto Mean-CVaR,2021-02-19,0.08550758202965728
Crypto Mean-CVaR,2021-02-20,-0.003783446485153099
Crypto Mean-CVaR,2021-02-21,0.025519926353907468
Crypto Mean-CVaR,2021-02-22,-0.0618918310513075
Crypto Mean-CVaR,2021-02-23,-0.11034254641695156
Crypto Mean-CVaR,2021-02-24,0.025822099695732542
Crypto Mean-CVaR,2021-02-25,-0.0534339345120331
Crypto Mean-CVaR,2021-02-26,-0.01381774392590288
Crypto Mean-CVaR,2021-02-27,0.0017521875027826034
Crypto Mean-CVaR,2021-02-28,-0.022436427472538212
Crypto Mean-CVaR,2021-03-01,0.09955017057586457
Crypto Mean-CVaR,2021-03-02,-0.025231161886280384
Crypto Mean-CVaR,2021-03-03,0.04463205996986197
Crypto Mean-CVaR,2021-03-04,-0.039120359814156846
Crypto Mean-CVaR,2021-03-05,0.007539701660092213
Crypto Mean-CVaR,2021-03-06,-0.0003049805235605385
Crypto Mean-CVaR,2021-03-07,0.046906498146797926
Crypto Mean-CVaR,2021-03-08,0.020306565464276005
Crypto Mean-CVaR,2021-03-09,0.049335220420617
Crypto Mean-CVaR,2021-03-10,0.021604243798385436
Crypto Mean-CVaR,2021-03-11,0.032076714848716215
Crypto Mean-CVaR,2021-03-12,-0.008183206626845796
Crypto Mean-CVaR,2021-03-13,0.06821652767950437
Crypto Mean-CVaR,2021-03-14,-0.031689610370558396
Crypto Mean-CVaR,2021-03-15,-0.05725100456855314
Crypto Mean-CVaR,2021-03-16,0.01605702194966918
Crypto Mean-CVaR,2021-03-17,0.036369962842253134
Crypto Mean-CVaR,2021-03-18,-0.017189693893861602
Crypto Mean-CVaR,2021-03-19,0.008429650137686817
Crypto Mean-CVaR,2021-03-20,-0.0005657190459794625
Crypto Mean-CVaR,2021-03-21,-0.013551247955811196
Crypto Mean-CVaR,2021-03-22,-0.05205318540083803
Crypto Mean-CVaR,2021-03-23,0.0038474981233158623
Crypto Mean-CVaR,2021-03-24,-0.035891807492523076
Crypto Mean-CVaR,2021-03-25,-0.020277031922222966
Crypto Mean-CVaR,2021-03-26,0.06639992475218648
Crypto Mean-CVaR,2021-03-27,0.015165759461888806
Crypto Mean-CVaR,2021-03-28,-0.0004067213991215679
Crypto Mean-CVaR,2021-03-29,0.03216137854506651
Crypto Mean-CVaR,2021-03-30,0.020216245195582738
Crypto Mean-CVaR,2021-03-31,1.9359634988669328e-05
Crypto Mean-CVaR,2021-04-01,0.003427441528702997
Crypto Mean-CVaR,2021-04-02,0.00879074602916662
Crypto Mean-CVaR,2021-04-03,-0.03074554303496954
Crypto Mean-CVaR,2021-04-04,0.024935765903209776
Crypto Mean-CVaR,2021-04-05,0.032581109612606615
Crypto Mean-CVaR,2021-04-06,-0.0011389642849697536
Crypto Mean-CVaR,2021-04-07,-0.0451262304173424
Crypto Mean-CVaR,2021-04-08,0.047605364093279395
Crypto Mean-CVaR,2021-04-09,-0.003257554979454394
Crypto Mean-CVaR,2021-04-10,0.04760049500360576
Crypto Mean-CVaR,2021-04-11,0.0057692127084388554
Crypto Mean-CVaR,2021-04-12,0.0003452013182697524
Crypto Mean-CVaR,2021-04-13,0.07092321792388821
Crypto Mean-CVaR,2021-04-14,-0.004135712811134702
Crypto Mean-CVaR,2021-04-15,0.0004097954370862536
Crypto Mean-CVaR,2021-04-16,-0.0334552122357044
Crypto Mean-CVaR,2021-04-17,-0.013382012109144156
Crypto Mean-CVaR,2021-04-18,-0.07527330513349235
Crypto Mean-CVaR,2021-04-19,-0.012427366800226346
Crypto Mean-CVaR,2021-04-20,0.015965355553584994
Crypto Mean-CVaR,2021-04-21,-0.04659108780800492
Crypto Mean-CVaR,2021-04-22,-0.04409172199042678
Crypto Mean-CVaR,2021-04-23,-0.011502565494571888
Crypto Mean-CVaR,2021-04-24,-0.025864884879647325
Crypto Mean-CVaR,2021-04-25,-0.020567556437637004
Crypto Mean-CVaR,2021-04-26,0.11707009196952509
Crypto Mean-CVaR,2021-04-27,0.01904939063057786
Crypto Mean-CVaR,2021-04-28,-0.005525304519958133
Crypto Mean-CVaR,2021-04-29,-0.01966325774438723
Crypto Mean-CVaR,2021-04-30,0.08221628968648549
Crypto Mean-CVaR,2021-05-01,0.0018831901337568568
Crypto Mean-CVaR,2021-05-02,-0.021187323155623907
Crypto Mean-CVaR,2021-05-03,0.009838462390641529
Crypto Mean-CVaR,2021-05-04,-0.06815896471846637
Crypto Mean-CVaR,2021-05-05,0.07792849418546252
Crypto Mean-CVaR,2021-05-06,-0.01775524093196647
Crypto Mean-CVaR,2021-05-07,0.016592101086159158
Crypto Mean-CVaR,2021-05-08,0.024679131036801992
Crypto Mean-CVaR,2021-05-09,-0.009833491795550806
Crypto Mean-CVaR,2021-05-10,-0.04155376169203226
Crypto Mean-CVaR,2021-05-11,0.01584799325838719
Crypto Mean-CVaR,2021-05-12,-0.13354935808992513
Crypto Mean-CVaR,2021-05-13,0.012661386539456823
Crypto Mean-CVaR,2021-05-14,0.003738262913248716
Crypto Mean-CVaR,2021-05-15,-0.06074589775690213
Crypto Mean-CVaR,2021-05-16,-0.006740415060856964
Crypto Mean-CVaR,2021-05-17,-0.06144161165363168
Crypto Mean-CVaR,2021-05-18,-0.013273249088594164
Crypto Mean-CVaR,2021-05-19,-0.14048052562982394
Crypto Mean-CVaR,2021-05-20,0.10224513963970673
Crypto Mean-CVaR,2021-05-21,-0.08625435387003151
Crypto Mean-CVaR,2021-05-22,0.004637769669591962
Crypto Mean-CVaR,2021-05-23,-0.07438730024702755
Crypto Mean-CVaR,2021-05-24,0.11515330003933709
Crypto Mean-CVaR,2021-05-25,-0.007980541299184456
Crypto Mean-CVaR,2021-05-26,0.023758564965101116
Crypto Mean-CVaR,2021-05-27,-0.022404907051648475
Crypto Mean-CVaR,2021-05-28,-0.07128337728630449
Crypto Mean-CVaR,2021-05-29,-0.030976354770474245
Crypto Mean-CVaR,2021-05-30,0.03156302270301873
Crypto Mean-CVaR,2021-05-31,0.047986323482105804
Crypto Mean-CVaR,2021-06-01,-0.017355481635803582
Crypto Mean-CVaR,2021-06-02,0.02426756732611457
Crypto Mean-CVaR,2021-06-03,0.043475133082156336
Crypto Mean-CVaR,2021-06-04,-0.05902658087058821
Crypto Mean-CVaR,2021-06-05,-0.03638625350557034
Crypto Mean-CVaR,2021-06-06,0.008731498936251025
Crypto Mean-CVaR,2021-06-07,-0.06418068028941804
Crypto Mean-CVaR,2021-06-08,-0.0026243254847995168
Crypto Mean-CVaR,2021-06-09,0.11569117681725527
Crypto Mean-CVaR,2021-06-10,-0.01720501684509279
Crypto Mean-CVaR,2021-06-11,0.01721406171757467
Crypto Mean-CVaR,2021-06-12,-0.047727642256857994
Crypto Mean-CVaR,2021-06-13,0.09972131894675185
Crypto Mean-CVaR,2021-06-14,0.028661855288592664
Crypto Mean-CVaR,2021-06-15,0.004669320789865594
Crypto Mean-CVaR,2021-06-16,-0.05096256237308472
Crypto Mean-CVaR,2021-06-17,-0.007655308506355651
Crypto Mean-CVaR,2021-06-18,-0.0595545108824469
Crypto Mean-CVaR,2021-06-19,-0.004788717174578294
Crypto Mean-CVaR,2021-06-20,0.002314299179515533
Crypto Mean-CVaR,2021-06-21,-0.11265533282181261
Crypto Mean-CVaR,2021-06-22,0.02616961270137308
Crypto Mean-CVaR,2021-06-23,0.0374509295196066
Crypto Mean-CVaR,2021-06-24,0.027856637741157764
Crypto Mean-CVaR,2021-06-25,-0.0872604012088013
Crypto Mean-CVaR,2021-06-26,0.017336806155961115
Crypto Mean-CVaR,2021-06-27,0.07653470332064805
Crypto Mean-CVaR,2021-06-28,-0.006213875976586625
Crypto Mean-CVaR,2021-06-29,0.04162825758718758
Crypto Mean-CVaR,2021-06-30,-0.02305527321430456
Crypto Mean-CVaR,2021-07-01,-0.04191448950075438
Crypto Mean-CVaR,2021-07-02,0.00967855812266083
Crypto Mean-CVaR,2021-07-03,0.022760094790705843
Crypto Mean-CVaR,2021-07-04,0.017861561294527206
Crypto Mean-CVaR,2021-07-05,-0.043691535402215154
Crypto Mean-CVaR,2021-07-06,0.014496276584600176
Crypto Mean-CVaR,2021-07-07,-0.011095808977648836
Crypto Mean-CVaR,2021-07-08,-0.028886355129662422
Crypto Mean-CVaR,2021-07-09,0.02800225791699673
Crypto Mean-CVaR,2021-07-10,-0.008210311003178261
Crypto Mean-CVaR,2021-07-11,0.021469475378479208
Crypto Mean-CVaR,2021-07-12,-0.031668630428790756
Crypto Mean-CVaR,2021-07-13,-0.013687548281983153
Crypto Mean-CVaR,2021-07-14,0.003679352094793975
Crypto Mean-CVaR,2021-07-15,-0.031734999531688124
Crypto Mean-CVaR,2021-07-16,-0.011302175908234458
Crypto Mean-CVaR,2021-07-17,0.003549453661488622
Crypto Mean-CVaR,2021-07-18,0.008363987433579023
Crypto Mean-CVaR,2021-07-19,-0.030788575922789052
Crypto Mean-CVaR,2021-07-20,-0.03278895069501786
Crypto Mean-CVaR,2021-07-21,0.07727442675168827
Crypto Mean-CVaR,2021-07-22,0.006303573302191001
Crypto Mean-CVaR,2021-07-23,0.03925482537500802
Crypto Mean-CVaR,2021-07-24,0.021169199000986128
Crypto Mean-CVaR,2021-07-25,0.030844758309330533
Crypto Mean-CVaR,2021-07-26,0.05621887171744144
Crypto Mean-CVaR,2021-07-27,0.055424286615063156
Crypto Mean-CVaR,2021-07-28,0.014945713184850051
Crypto Mean-CVaR,2021-07-29,0.00031292265067750513
Crypto Mean-CVaR,2021-07-30,0.055666404612466414
Crypto Mean-CVaR,2021-07-31,-0.014427457617713135
Crypto Mean-CVaR,2021-08-01,-0.039669750474507826
Crypto Mean-CVaR,2021-08-02,-0.019335866368471732
Crypto Mean-CVaR,2021-08-03,-0.02675797936526192
Crypto Mean-CVaR,2021-08-04,0.041792893187100555
Crypto Mean-CVaR,2021-08-05,0.02822946527400849
Crypto Mean-CVaR,2021-08-06,0.04763803587748594
Crypto Mean-CVaR,2021-08-07,0.04062220829002827
Crypto Mean-CVaR,2021-08-08,-0.017005273846830926
Crypto Mean-CVaR,2021-08-09,0.058616336068955555
Crypto Mean-CVaR,2021-08-10,-0.016830892309838696
Crypto Mean-CVaR,2021-08-11,0.00018877838873909702
Crypto Mean-CVaR,2021-08-12,-0.02555943636254754
Crypto Mean-CVaR,2021-08-13,0.07574073458615982
Crypto Mean-CVaR,2021-08-14,-0.01457055076832292
Crypto Mean-CVaR,2021-08-15,-0.0010603958689597848
Crypto Mean-CVaR,2021-08-16,-0.02215910567498447
Crypto Mean-CVaR,2021-08-17,-0.028456465011732934
Crypto Mean-CVaR,2021-08-18,0.002367765389513554
Crypto Mean-CVaR,2021-08-19,0.04277544261522093
Crypto Mean-CVaR,2021-08-20,0.056115872471717454
Crypto Mean-CVaR,2021-08-21,-0.008789842693618932
Crypto Mean-CVaR,2021-08-22,0.00850947690403503
Crypto Mean-CVaR,2021-08-23,0.004551674225862445
Crypto Mean-CVaR,2021-08-24,-0.037137725293038826
Crypto Mean-CVaR,2021-08-25,0.02630002081428562
Crypto Mean-CVaR,2021-08-26,-0.04122830434622349
Crypto Mean-CVaR,2021-08-27,0.04508626296557394
Crypto Mean-CVaR,2021-08-28,-0.003185280633781984
Crypto Mean-CVaR,2021-08-29,-0.0014839825657210204
Crypto Mean-CVaR,2021-08-30,-0.0363476092875793
Crypto Mean-CVaR,2021-08-31,0.0023738850726162664
Crypto Mean-CVaR,2021-09-01,0.03562556399047523
Crypto Mean-CVaR,2021-09-02,0.009840830417728652
Crypto Mean-CVaR,2021-09-03,0.014143210068944922
Crypto Mean-CVaR,2021-09-04,-0.0016141808032423821
Crypto Mean-CVaR,2021-09-05,0.03621581213694158
Crypto Mean-CVaR,2021-09-06,0.017006125728580734
Crypto Mean-CVaR,2021-09-07,-0.1106216071695616
Crypto Mean-CVaR,2021-09-08,-0.015375366885328479
Crypto Mean-CVaR,2021-09-09,0.006509485739778498
Crypto Mean-CVaR,2021-09-10,-0.032495484247323514
Crypto Mean-CVaR,2021-09-11,0.0070748487352050304
Crypto Mean-CVaR,2021-09-12,0.019066033632592516
Crypto Mean-CVaR,2021-09-13,-0.023884438158555232
Crypto Mean-CVaR,2021-09-14,0.0473592610325122
Crypto Mean-CVaR,2021-09-15,0.023015462091804384
Crypto Mean-CVaR,2021-09-16,-0.008157286726135138
Crypto Mean-CVaR,2021-09-17,-0.010795386730801604
Crypto Mean-CVaR,2021-09-18,0.021385589090024082
Crypto Mean-CVaR,2021-09-19,-0.021089044077959085
Crypto Mean-CVaR,2021-09-20,-0.09344895316951951
Crypto Mean-CVaR,2021-09-21,-0.050185206746199196
Crypto Mean-CVaR,2021-09-22,0.07079311406361999
Crypto Mean-CVaR,2021-09-23,0.0303064775724482
Crypto Mean-CVaR,2021-09-24,-0.04578111561282838
Crypto Mean-CVaR,2021-09-25,-0.002874812528084303
Crypto Mean-CVaR,2021-09-26,0.011516492054097771
Crypto Mean-CVaR,2021-09-27,-0.02251426719942695
Crypto Mean-CVaR,2021-09-28,-0.02844007873591181
Crypto Mean-CVaR,2021-09-29,0.012911568502261384
Crypto Mean-CVaR,2021-09-30,0.05356827518164842
Crypto Mean-CVaR,2021-10-01,0.09878873042688929
Crypto Mean-CVaR,2021-10-02,-0.008426411013467638
Crypto Mean-CVaR,2021-10-03,0.010237887379882071
Crypto Mean-CVaR,2021-10-04,0.018940873580984396
Crypto Mean-CVaR,2021-10-05,0.048905889117254686
Crypto Mean-CVaR,2021-10-06,0.0746704982911468
Crypto Mean-CVaR,2021-10-07,-0.02809653406297008
Crypto Mean-CVaR,2021-10-08,0.0030082765538104184
Crypto Mean-CVaR,2021-10-09,0.01853649985027972
Crypto Mean-CVaR,2021-10-10,-0.003577422040362044
Crypto Mean-CVaR,2021-10-11,0.04953684064585273
Crypto Mean-CVaR,2021-10-12,-0.025114999851183484
Crypto Mean-CVaR,2021-10-13,0.02426861834211813
Crypto Mean-CVaR,2021-10-14,-0.001386283921372633
Crypto Mean-CVaR,2021-10-15,0.07453440740995654
Crypto Mean-CVaR,2021-10-16,-0.01139348166745524
Crypto Mean-CVaR,2021-10-17,0.01086243756414218
Crypto Mean-CVaR,2021-10-18,0.007675599893030238
Crypto Mean-CVaR,2021-10-19,0.036047967727284025
Crypto Mean-CVaR,2021-10-20,0.026934175102288238
Crypto Mean-CVaR,2021-10-21,-0.057319313661295834
Crypto Mean-CVaR,2021-10-22,-0.024399647264276236
Crypto Mean-CVaR,2021-10-23,0.011555863919028075
Crypto Mean-CVaR,2021-10-24,-0.007537937512081094
Crypto Mean-CVaR,2021-10-25,0.0346128236844363
Crypto Mean-CVaR,2021-10-26,-0.04244985266320056
Crypto Mean-CVaR,2021-10-27,-0.03116779376295975
Crypto Mean-CVaR,2021-10-28,0.03658793903693369
Crypto Mean-CVaR,2021-10-29,0.02648913766352501
Crypto Mean-CVaR,2021-10-30,-0.005449845794435637
Crypto Mean-CVaR,2021-10-31,-0.009208042570786446
Crypto Mean-CVaR,2021-11-01,-0.005129747739996526
Crypto Mean-CVaR,2021-11-02,0.03642353446805324
Crypto Mean-CVaR,2021-11-03,-0.004054563588107407
Crypto Mean-CVaR,2021-11-04,-0.024103783966732184
Crypto Mean-CVaR,2021-11-05,-0.005313959884109654
Crypto Mean-CVaR,2021-11-06,0.006573419146120196
Crypto Mean-CVaR,2021-11-07,0.029247220896912562
Crypto Mean-CVaR,2021-11-08,0.06695154718111462
Crypto Mean-CVaR,2021-11-09,-0.008806096371717143
Crypto Mean-CVaR,2021-11-10,-0.029513867421399387
Crypto Mean-CVaR,2021-11-11,-0.0006965054346836919
Crypto Mean-CVaR,2021-11-12,-0.01222509636324598
Crypto Mean-CVaR,2021-11-13,0.0048878705639170406
Crypto Mean-CVaR,2021-11-14,0.015469517787564335
Crypto Mean-CVaR,2021-11-15,-0.02915932332393234
Crypto Mean-CVaR,2021-11-16,-0.05344145330150951
Crypto Mean-CVaR,2021-11-17,0.003436857419438999
Crypto Mean-CVaR,2021-11-18,-0.05674983989800575
Crypto Mean-CVaR,2021-11-19,0.020677857806173483
Crypto Mean-CVaR,2021-11-20,0.027144333086984274
Crypto Mean-CVaR,2021-11-21,-0.01619370466132397
Crypto Mean-CVaR,2021-11-22,-0.041565940596482776
Crypto Mean-CVaR,2021-11-23,0.022735855747423095
Crypto Mean-CVaR,2021-11-24,-0.02238438701660228
Crypto Mean-CVaR,2021-11-25,0.017666069374003168
Crypto Mean-CVaR,2021-11-26,-0.06468677053655503
Crypto Mean-CVaR,2021-11-27,0.02324655494514305
Crypto Mean-CVaR,2021-11-28,0.044392510044424904
Crypto Mean-CVaR,2021-11-29,0.009748898117819094
Crypto Mean-CVaR,2021-11-30,-0.013858989986877734
Crypto Mean-CVaR,2021-12-01,0.003936508510805847
Crypto Mean-CVaR,2021-12-02,-0.013140205787574133
Crypto Mean-CVaR,2021-12-03,-0.05098586481791345
Crypto Mean-CVaR,2021-12-04,-0.08204639683653359
Crypto Mean-CVaR,2021-12-05,0.003417522933012007
Crypto Mean-CVaR,2021-12-06,0.02458589579002135
Crypto Mean-CVaR,2021-12-07,0.002322159783127109
Crypto Mean-CVaR,2021-12-08,-0.00385184874717448
Crypto Mean-CVaR,2021-12-09,-0.05608726213196957
Crypto Mean-CVaR,2021-12-10,-0.00899511908452133
Crypto Mean-CVaR,2021-12-11,0.044857216044006165
Crypto Mean-CVaR,2021-12-12,0.014906619570362878
Crypto Mean-CVaR,2021-12-13,-0.0670851717099511
Crypto Mean-CVaR,2021-12-14,-0.00267125345649466
Crypto Mean-CVaR,2021-12-15,0.04900151967252708
Crypto Mean-CVaR,2021-12-16,-0.025181582897818466
Crypto Mean-CVaR,2021-12-17,-0.030699007215741814
Crypto Mean-CVaR,2021-12-18,0.013995731563123393
Crypto Mean-CVaR,2021-12-19,-0.0030259427628138713
Crypto Mean-CVaR,2021-12-20,0.003709543768351198
Crypto Mean-CVaR,2021-12-21,0.04386356169401262
Crypto Mean-CVaR,2021-12-22,-0.006295931447672265
Crypto Mean-CVaR,2021-12-23,0.04433669194360079
Crypto Mean-CVaR,2021-12-24,0.0007414904357732066
Crypto Mean-CVaR,2021-12-25,-0.007719775485643066
Crypto Mean-CVaR,2021-12-26,0.0075284019171428795
Crypto Mean-CVaR,2021-12-27,-0.003328070621613999
Crypto Mean-CVaR,2021-12-28,-0.06025942562091624
Crypto Mean-CVaR,2021-12-29,-0.02404227880624954
Crypto Mean-CVaR,2021-12-30,0.01579112126431248
Crypto Mean-CVaR,2021-12-31,-0.018476352917798256
Crypto Mean-CVaR,2022-01-01,0.029809396471367267
Crypto Mean-CVaR,2022-01-02,-0.007163274962024402
Crypto Mean-CVaR,2022-01-03,-0.0187368774698079
Crypto Mean-CVaR,2022-01-04,-0.012065555013512697
Crypto Mean-CVaR,2022-01-05,-0.050734060615097554
Crypto Mean-CVaR,2022-01-06,-0.009366159015892994
Crypto Mean-CVaR,2022-01-07,-0.03714070469186992
Crypto Mean-CVaR,2022-01-08,0.004235994902819673
Crypto Mean-CVaR,2022-01-09,0.004256970472081845
Crypto Mean-CVaR,2022-01-10,-0.0021554853640055605
Crypto Mean-CVaR,2022-01-11,0.021869109453241498
Crypto Mean-CVaR,2022-01-12,0.028389418684672707
Crypto Mean-CVaR,2022-01-13,-0.030888714484173407
Crypto Mean-CVaR,2022-01-14,0.011930269358978673
Crypto Mean-CVaR,2022-01-15,0.001802778677309158
Crypto Mean-CVaR,2022-01-16,-0.0014711291913973579
Crypto Mean-CVaR,2022-01-17,-0.020024366790964976
Crypto Mean-CVaR,2022-01-18,0.0029604828561313745
Crypto Mean-CVaR,2022-01-19,-0.014897823244158781
Crypto Mean-CVaR,2022-01-20,-0.02548634039729203
Crypto Mean-CVaR,2022-01-21,-0.10381165615712484
Crypto Mean-CVaR,2022-01-22,-0.039143484680769114
Crypto Mean-CVaR,2022-01-23,0.03558509252717301
Crypto Mean-CVaR,2022-01-24,0.010406744495611076
Crypto Mean-CVaR,2022-01-25,0.008175727030871549
Crypto Mean-CVaR,2022-01-26,-0.002757016878562668
Crypto Mean-CVaR,2022-01-27,0.007763821260712289
Crypto Mean-CVaR,2022-01-28,0.017397102127314046
Crypto Mean-CVaR,2022-01-29,0.00936493083845824
Crypto Mean-CVaR,2022-01-30,-0.005783656346668664
Crypto Mean-CVaR,2022-01-31,0.01491453610450133
Crypto Mean-CVaR,2022-02-01,0.00676006528835682
Crypto Mean-CVaR,2022-02-02,-0.046209029430310355
Crypto Mean-CVaR,2022-02-03,0.005456046132945147
Crypto Mean-CVaR,2022-02-04,0.116978066100073
Crypto Mean-CVaR,2022-02-05,-0.001438787435204647
Crypto Mean-CVaR,2022-02-06,0.023437312952531153
Crypto Mean-CVaR,2022-02-07,0.033665872045371525
Crypto Mean-CVaR,2022-02-08,0.0063448528050995545
Crypto Mean-CVaR,2022-02-09,0.004994545046617338
Crypto Mean-CVaR,2022-02-10,-0.01744935921313273
Crypto Mean-CVaR,2022-02-11,-0.026561982607033352
Crypto Mean-CVaR,2022-02-12,-0.0038546734323026133
Crypto Mean-CVaR,2022-02-13,-0.001111462077505676
Crypto Mean-CVaR,2022-02-14,0.009228086961576842
Crypto Mean-CVaR,2022-02-15,0.04668769779745485
Crypto Mean-CVaR,2022-02-16,-0.013759752216496501
Crypto Mean-CVaR,2022-02-17,-0.07788223029977337
Crypto Mean-CVaR,2022-02-18,-0.012507647384577658
Crypto Mean-CVaR,2022-02-19,0.0022777282826873524
Crypto Mean-CVaR,2022-02-20,-0.04214073972532317
Crypto Mean-CVaR,2022-02-21,-0.03528620868790788
Crypto Mean-CVaR,2022-02-22,0.03265642371222732
Crypto Mean-CVaR,2022-02-23,-0.025843815613622922
Crypto Mean-CVaR,2022-02-24,0.027778400368163814
Crypto Mean-CVaR,2022-02-25,0.022998939789759643
Crypto Mean-CVaR,2022-02-26,-0.002781397053842838
Crypto Mean-CVaR,2022-02-27,-0.03568234201898368
Crypto Mean-CVaR,2022-02-28,0.1454118392886461
Crypto Mean-CVaR,2022-03-01,0.026888524570001016
Crypto Mean-CVaR,2022-03-02,-0.009706302725009275
Crypto Mean-CVaR,2022-03-03,-0.03351981142193561
Crypto Mean-CVaR,2022-03-04,-0.07806935036049167
Crypto Mean-CVaR,2022-03-05,0.00671938064683042
Crypto Mean-CVaR,2022-03-06,-0.024887994408395286
Crypto Mean-CVaR,2022-03-07,-0.009316643885282638
Crypto Mean-CVaR,2022-03-08,0.017740259990833174
Crypto Mean-CVaR,2022-03-09,0.08378639716414904
Crypto Mean-CVaR,2022-03-10,-0.060630954045771346
Crypto Mean-CVaR,2022-03-11,-0.016291319622939393
Crypto Mean-CVaR,2022-03-12,0.002810649293818468
Crypto Mean-CVaR,2022-03-13,-0.027101257933814904
Crypto Mean-CVaR,2022-03-14,0.0480080837903738
Crypto Mean-CVaR,2022-03-15,-0.008268101563720931
Crypto Mean-CVaR,2022-03-16,0.04588714481344902
Crypto Mean-CVaR,2022-03-17,-0.00467993171076464
Crypto Mean-CVaR,2022-03-18,0.020750884742987363
Crypto Mean-CVaR,2022-03-19,0.009317830622209256
Crypto Mean-CVaR,2022-03-20,-0.022346848712323064
Crypto Mean-CVaR,2022-03-21,-0.004117262624553253
Crypto Mean-CVaR,2022-03-22,0.031180014163224357
Crypto Mean-CVaR,2022-03-23,0.012610091153007819
Crypto Mean-CVaR,2022-03-24,0.024898646221148013
Crypto Mean-CVaR,2022-03-25,0.008821397620525806
Crypto Mean-CVaR,2022-03-26,0.003429583093865096
Crypto Mean-CVaR,2022-03-27,0.052126312256127294
Crypto Mean-CVaR,2022-03-28,0.0065678873583499
Crypto Mean-CVaR,2022-03-29,0.0071661546110000085
Crypto Mean-CVaR,2022-03-30,-0.008491735032190584
Crypto Mean-CVaR,2022-03-31,-0.03238210822970233
Crypto Mean-CVaR,2022-04-01,0.016315115388267687
Crypto Mean-CVaR,2022-04-02,-0.008917040798352427
Crypto Mean-CVaR,2022-04-03,0.012745379989237415
Crypto Mean-CVaR,2022-04-04,0.003640395949819908
Crypto Mean-CVaR,2022-04-05,-0.02287907280900814
Crypto Mean-CVaR,2022-04-06,-0.05156849392240015
Crypto Mean-CVaR,2022-04-07,0.006876459247305178
Crypto Mean-CVaR,2022-04-08,-0.02795577079433975
Crypto Mean-CVaR,2022-04-09,0.011693070951357853
Crypto Mean-CVaR,2022-04-10,-0.013427680050824398
Crypto Mean-CVaR,2022-04-11,-0.06363225953812457
Crypto Mean-CVaR,2022-04-12,0.015315083892861292
Crypto Mean-CVaR,2022-04-13,0.025906300465151855
Crypto Mean-CVaR,2022-04-14,-0.029908006531745968
Crypto Mean-CVaR,2022-04-15,0.015473675726454417
Crypto Mean-CVaR,2022-04-16,-0.0031805042860567623
Crypto Mean-CVaR,2022-04-17,-0.017502542356175654
Crypto Mean-CVaR,2022-04-18,0.027929174608607443
Crypto Mean-CVaR,2022-04-19,0.016571096753378534
Crypto Mean-CVaR,2022-04-20,-0.003093074404708074
Crypto Mean-CVaR,2022-04-21,-0.020471984048854197
Crypto Mean-CVaR,2022-04-22,-0.019420038833716236
Crypto Mean-CVaR,2022-04-23,-0.0063811726165236005
Crypto Mean-CVaR,2022-04-24,-0.0004416040475622163
Crypto Mean-CVaR,2022-04-25,0.025057850055308917
Crypto Mean-CVaR,2022-04-26,-0.057858267871623625
Crypto Mean-CVaR,2022-04-27,0.029478882606909007
Crypto Mean-CVaR,2022-04-28,0.013575224570606004
Crypto Mean-CVaR,2022-04-29,-0.02926557389929385
Crypto Mean-CVaR,2022-04-30,-0.023179313474195662
Crypto Mean-CVaR,2022-05-01,0.019997911964443782
Crypto Mean-CVaR,2022-05-02,0.001565786170879102
Crypto Mean-CVaR,2022-05-03,-0.020215120218891713
Crypto Mean-CVaR,2022-05-04,0.051599856624237495
Crypto Mean-CVaR,2022-05-05,-0.07867402068901796
Crypto Mean-CVaR,2022-05-06,-0.014606061408683924
Crypto Mean-CVaR,2022-05-07,-0.014954355270636377
Crypto Mean-CVaR,2022-05-08,-0.040636848764922684
Crypto Mean-CVaR,2022-05-09,-0.11046369999353145
Crypto Mean-CVaR,2022-05-10,0.02396125848050934
Crypto Mean-CVaR,2022-05-11,-0.06725839173272163
Crypto Mean-CVaR,2022-05-12,0.003849706798608521
Crypto Mean-CVaR,2022-05-13,0.008102229834508146
Crypto Mean-CVaR,2022-05-14,0.027939733537411415
Crypto Mean-CVaR,2022-05-15,0.03999325713567892
Crypto Mean-CVaR,2022-05-16,-0.046069001557128786
Crypto Mean-CVaR,2022-05-17,0.018850785235190015
Crypto Mean-CVaR,2022-05-18,-0.05605711989808215
Crypto Mean-CVaR,2022-05-19,0.05550304428240649
Crypto Mean-CVaR,2022-05-20,-0.036734890846488066
Crypto Mean-CVaR,2022-05-21,0.007927413013061102
Crypto Mean-CVaR,2022-05-22,0.030289794482822652
Crypto Mean-CVaR,2022-05-23,-0.04039123144227663
Crypto Mean-CVaR,2022-05-24,0.019130468401079792
Crypto Mean-CVaR,2022-05-25,-0.003143576713387941
Crypto Mean-CVaR,2022-05-26,-0.009983529917456657
Crypto Mean-CVaR,2022-05-27,-0.02185551924250806
Crypto Mean-CVaR,2022-05-28,0.006543557286537771
Crypto Mean-CVaR,2022-05-29,0.02190035821988534
Crypto Mean-CVaR,2022-05-30,0.07744470968730455
Crypto Mean-CVaR,2022-05-31,0.0020777630413166825
Crypto Mean-CVaR,2022-06-01,-0.06269536357891181
Crypto Mean-CVaR,2022-06-02,0.02243049790035867
Crypto Mean-CVaR,2022-06-03,-0.02504629358369581
Crypto Mean-CVaR,2022-06-04,0.004326748833952898
Crypto Mean-CVaR,2022-06-05,0.00247203631266113
Crypto Mean-CVaR,2022-06-06,0.048952630028413324
Crypto Mean-CVaR,2022-06-07,-0.006859698773187373
Crypto Mean-CVaR,2022-06-08,-0.03020730515832104
Crypto Mean-CVaR,2022-06-09,-0.003387708269364409
Crypto Mean-CVaR,2022-06-10,-0.03414563715680452
Crypto Mean-CVaR,2022-06-11,-0.024858994495164377
Crypto Mean-CVaR,2022-06-12,-0.056351073137826724
Crypto Mean-CVaR,2022-06-13,-0.15974726027617203
Crypto Mean-CVaR,2022-06-14,-0.012477914053041661
Crypto Mean-CVaR,2022-06-15,0.01648355417709846
Crypto Mean-CVaR,2022-06-16,-0.09707194434960298
Crypto Mean-CVaR,2022-06-17,0.004407495444594733
Crypto Mean-CVaR,2022-06-18,-0.07101780974085614
Crypto Mean-CVaR,2022-06-19,0.0807475952890373
Crypto Mean-CVaR,2022-06-20,0.002251010260589048
Crypto Mean-CVaR,2022-06-21,0.0053914098304885805
Crypto Mean-CVaR,2022-06-22,-0.034937106663198714
Crypto Mean-CVaR,2022-06-23,0.05497803800296652
Crypto Mean-CVaR,2022-06-24,0.006913598955313738
Crypto Mean-CVaR,2022-06-25,0.012748964915301864
Crypto Mean-CVaR,2022-06-26,-0.02209261947079333
Crypto Mean-CVaR,2022-06-27,-0.013877981325425726
Crypto Mean-CVaR,2022-06-28,-0.02193553187871977
Crypto Mean-CVaR,2022-06-29,-0.008708372798288844
Crypto Mean-CVaR,2022-06-30,-0.01588223750298734
Crypto Mean-CVaR,2022-07-01,-0.02604834458398897
Crypto Mean-CVaR,2022-07-02,-0.0014069651515379311
Crypto Mean-CVaR,2022-07-03,0.002848954556089245
Crypto Mean-CVaR,2022-07-04,0.04841073013105235
Crypto Mean-CVaR,2022-07-05,-0.0020338071321012174
Crypto Mean-CVaR,2022-07-06,0.017737930428710857
Crypto Mean-CVaR,2022-07-07,0.053013857820514154
Crypto Mean-CVaR,2022-07-08,0.004322538045727464
Crypto Mean-CVaR,2022-07-09,-0.006392223420980114
Crypto Mean-CVaR,2022-07-10,-0.03388990349346599
Crypto Mean-CVaR,2022-07-11,-0.04265931997884009
Crypto Mean-CVaR,2022-07-12,-0.03237979740682695
Crypto Mean-CVaR,2022-07-13,0.04596171114078618
Crypto Mean-CVaR,2022-07-14,0.017704551212910147
Crypto Mean-CVaR,2022-07-15,0.012951348577769028
Crypto Mean-CVaR,2022-07-16,0.01698899533192111
Crypto Mean-CVaR,2022-07-17,-0.01939436147960416
Crypto Mean-CVaR,2022-07-18,0.08211740099467768
Crypto Mean-CVaR,2022-07-19,0.0401919693193753
Crypto Mean-CVaR,2022-07-20,-0.006742410894342465
Crypto Mean-CVaR,2022-07-21,-0.0028884421706671937
Crypto Mean-CVaR,2022-07-22,-0.01941107679491816
Crypto Mean-CVaR,2022-07-23,-0.010983941711781742
Crypto Mean-CVaR,2022-07-24,0.006395837363315726
Crypto Mean-CVaR,2022-07-25,-0.05517510011323534
Crypto Mean-CVaR,2022-07-26,-0.005708686992848544
Crypto Mean-CVaR,2022-07-27,0.0796052030234431
Crypto Mean-CVaR,2022-07-28,0.0398306162434614
Crypto Mean-CVaR,2022-07-29,-0.0016462880701044735
Crypto Mean-CVaR,2022-07-30,-0.006235163651508224
Crypto Mean-CVaR,2022-07-31,-0.013497960448739299
Crypto Mean-CVaR,2022-08-01,-0.0009725914343493569
Crypto Mean-CVaR,2022-08-02,-0.014415336683737068
Crypto Mean-CVaR,2022-08-03,-0.0057275961266136655
Crypto Mean-CVaR,2022-08-04,-0.009434736504108754
Crypto Mean-CVaR,2022-08-05,0.029091011085651708
Crypto Mean-CVaR,2022-08-06,-0.014085221654344782
Crypto Mean-CVaR,2022-08-07,0.009346662498644243
Crypto Mean-CVaR,2022-08-08,0.02733856978257987
Crypto Mean-CVaR,2022-08-09,-0.02709709734425869
Crypto Mean-CVaR,2022-08-10,0.033815983988709775
Crypto Mean-CVaR,2022-08-11,0.00041284726535173455
Crypto Mean-CVaR,2022-08-12,0.018586602023192844
Crypto Mean-CVaR,2022-08-13,0.0008708010561344626
Crypto Mean-CVaR,2022-08-14,-0.004288162539464846
Crypto Mean-CVaR,2022-08-15,-0.007498615226969818
Crypto Mean-CVaR,2022-08-16,-0.010510085263709001
Crypto Mean-CVaR,2022-08-17,-0.02291530796119967
Crypto Mean-CVaR,2022-08-18,-0.005281958173694035
Crypto Mean-CVaR,2022-08-19,-0.10059931398792521
Crypto Mean-CVaR,2022-08-20,0.013819043648011897
Crypto Mean-CVaR,2022-08-21,0.01738918520335342
Crypto Mean-CVaR,2022-08-22,-0.006279006699941081
Crypto Mean-CVaR,2022-08-23,0.006036741981122917
Crypto Mean-CVaR,2022-08-24,-0.006181150878381003
Crypto Mean-CVaR,2022-08-25,0.009623023027591993
Crypto Mean-CVaR,2022-08-26,-0.06207539958496022
Crypto Mean-CVaR,2022-08-27,-0.010773990107132536
Crypto Mean-CVaR,2022-08-28,-0.021201944769558057
Crypto Mean-CVaR,2022-08-29,0.03472427641744291
Crypto Mean-CVaR,2022-08-30,-0.024691382971281484
Crypto Mean-CVaR,2022-08-31,0.012777568511970205
Crypto Mean-CVaR,2022-09-01,0.0038592451457939436
Crypto Mean-CVaR,2022-09-02,-0.007818752974256604
Crypto Mean-CVaR,2022-09-03,-0.006894600364241943
Crypto Mean-CVaR,2022-09-04,0.007796708085036963
Crypto Mean-CVaR,2022-09-05,-0.008722884940063236
Crypto Mean-CVaR,2022-09-06,-0.04919669232863699
Crypto Mean-CVaR,2022-09-07,0.024029314602578067
Crypto Mean-CVaR,2022-09-08,0.0020481649337233954
Crypto Mean-CVaR,2022-09-09,0.10612188190716765
Crypto Mean-CVaR,2022-09-10,0.014002365912589188
Crypto Mean-CVaR,2022-09-11,0.004092001431295067
Crypto Mean-CVaR,2022-09-12,0.027616624254801714
Crypto Mean-CVaR,2022-09-13,-0.09270006906083372
Crypto Mean-CVaR,2022-09-14,-0.0027402074343571003
Crypto Mean-CVaR,2022-09-15,-0.026672422800232853
Crypto Mean-CVaR,2022-09-16,0.003622774615297697
Crypto Mean-CVaR,2022-09-17,0.017953757980268437
Crypto Mean-CVaR,2022-09-18,-0.035179114785287124
Crypto Mean-CVaR,2022-09-19,0.006417415961943007
Crypto Mean-CVaR,2022-09-20,-0.033428956945789956
Crypto Mean-CVaR,2022-09-21,-0.018177571658806957
Crypto Mean-CVaR,2022-09-22,0.04669928789927913
Crypto Mean-CVaR,2022-09-23,-0.005970680514919002
Crypto Mean-CVaR,2022-09-24,-0.01868762076318642
Crypto Mean-CVaR,2022-09-25,-0.007124358610731463
Crypto Mean-CVaR,2022-09-26,0.022368473265013344
Crypto Mean-CVaR,2022-09-27,-0.005832956039052206
Crypto Mean-CVaR,2022-09-28,0.016544467837213528
Crypto Mean-CVaR,2022-09-29,0.007532412719634118
Crypto Mean-CVaR,2022-09-30,-0.0072171538473359
Crypto Mean-CVaR,2022-10-01,-0.0061596674907298254
Crypto Mean-CVaR,2022-10-02,-0.013876706359042923
Crypto Mean-CVaR,2022-10-03,0.030427924155919772
Crypto Mean-CVaR,2022-10-04,0.036347275524413414
Crypto Mean-CVaR,2022-10-05,-0.008660486125090072
Crypto Mean-CVaR,2022-10-06,-0.01018185214187517
Crypto Mean-CVaR,2022-10-07,-0.02047530303595302
Crypto Mean-CVaR,2022-10-08,-0.006665076603316944
Crypto Mean-CVaR,2022-10-09,0.0015377290838616275
Crypto Mean-CVaR,2022-10-10,-0.01568110303046133
Crypto Mean-CVaR,2022-10-11,-0.00470529894576166
Crypto Mean-CVaR,2022-10-12,0.005565325579645286
Crypto Mean-CVaR,2022-10-13,0.011768739552548313
Crypto Mean-CVaR,2022-10-14,-0.010176392755898878
Crypto Mean-CVaR,2022-10-15,-0.0061515479500473536
Crypto Mean-CVaR,2022-10-16,0.010513049302600663
Crypto Mean-CVaR,2022-10-17,0.014670058500208416
Crypto Mean-CVaR,2022-10-18,-0.011065647631146036
Crypto Mean-CVaR,2022-10-19,-0.010079479991405349
Crypto Mean-CVaR,2022-10-20,-0.004482602172654282
Crypto Mean-CVaR,2022-10-21,0.006231244583192241
Crypto Mean-CVaR,2022-10-22,0.0018631248583989013
Crypto Mean-CVaR,2022-10-23,0.018680488353712166
Crypto Mean-CVaR,2022-10-24,-0.011316781236911488
Crypto Mean-CVaR,2022-10-25,0.03878330120960949
Crypto Mean-CVaR,2022-10-26,0.03356831063305088
Crypto Mean-CVaR,2022-10-27,-0.0233314959115013
Crypto Mean-CVaR,2022-10-28,0.015257721000682789
Crypto Mean-CVaR,2022-10-29,0.01083375534148523
Crypto Mean-CVaR,2022-10-30,-0.008784170461560437
Crypto Mean-CVaR,2022-10-31,-0.006776156462742766
Crypto Mean-CVaR,2022-11-01,-0.0005123007449325812
Crypto Mean-CVaR,2022-11-02,-0.015902620594443806
Crypto Mean-CVaR,2022-11-03,0.0025042468919260763
Crypto Mean-CVaR,2022-11-04,0.0463751969796804
Crypto Mean-CVaR,2022-11-05,0.006405611254872046
Crypto Mean-CVaR,2022-11-06,-0.01673684363155281
Crypto Mean-CVaR,2022-11-07,-0.015466997985227438
Crypto Mean-CVaR,2022-11-08,-0.10006131594948431
Crypto Mean-CVaR,2022-11-09,-0.14349022466876316
Crypto Mean-CVaR,2022-11-10,0.10742489862358795
Crypto Mean-CVaR,2022-11-11,-0.03141443647663533
Crypto Mean-CVaR,2022-11-12,-0.013802006476365758
Crypto Mean-CVaR,2022-11-13,-0.026538209918333333
Crypto Mean-CVaR,2022-11-14,0.016194463988263186
Crypto Mean-CVaR,2022-11-15,0.016031463998783302
Crypto Mean-CVaR,2022-11-16,-0.0127437818409466
Crypto Mean-CVaR,2022-11-17,0.0010845070736082985
Crypto Mean-CVaR,2022-11-18,0.0006148167681003791
Crypto Mean-CVaR,2022-11-19,0.0008246325823211276
Crypto Mean-CVaR,2022-11-20,-0.025115259939095247
Crypto Mean-CVaR,2022-11-21,-0.030969374751391165
Crypto Mean-CVaR,2022-11-22,0.025494274188105903
Crypto Mean-CVaR,2022-11-23,0.02600021570334854
Crypto Mean-CVaR,2022-11-24,-0.0003757930043709612
Crypto Mean-CVaR,2022-11-25,-0.004975953615638518
Crypto Mean-CVaR,2022-11-26,-0.0034839061881034583
Crypto Mean-CVaR,2022-11-27,-0.0011937537130568554
Crypto Mean-CVaR,2022-11-28,-0.013822428939733733
Crypto Mean-CVaR,2022-11-29,0.014038085481754337
Crypto Mean-CVaR,2022-11-30,0.044000289316970864
Crypto Mean-CVaR,2022-12-01,-0.011627356327449039
Crypto Mean-CVaR,2022-12-02,0.00708691506192329
Crypto Mean-CVaR,2022-12-03,-0.01068781048877113
Crypto Mean-CVaR,2022-12-04,0.012418940859497721
Crypto Mean-CVaR,2022-12-05,-0.008708304367077657
Crypto Mean-CVaR,2022-12-06,0.006753772546916918
Crypto Mean-CVaR,2022-12-07,-0.013994933244497644
Crypto Mean-CVaR,2022-12-08,0.022979166926414683
Crypto Mean-CVaR,2022-12-09,-0.005524131683006047
Crypto Mean-CVaR,2022-12-10,-0.00016477786434975416
Crypto Mean-CVaR,2022-12-11,-0.0019022975819654457
Crypto Mean-CVaR,2022-12-12,0.005495282235882315
Crypto Mean-CVaR,2022-12-13,0.03286664530108617
Crypto Mean-CVaR,2022-12-14,0.0026325822291090855
Crypto Mean-CVaR,2022-12-15,-0.024380080539549424
Crypto Mean-CVaR,2022-12-16,-0.041624846825417165
Crypto Mean-CVaR,2022-12-17,0.00979177288776002
Crypto Mean-CVaR,2022-12-18,-0.002803513745639709
Crypto Mean-CVaR,2022-12-19,-0.018448688739312154
Crypto Mean-CVaR,2022-12-20,0.02827716118467546
Crypto Mean-CVaR,2022-12-21,-0.005157847563587592
Crypto Mean-CVaR,2022-12-22,0.0011710600052656569
Crypto Mean-CVaR,2022-12-23,-0.002718980568755226
Crypto Mean-CVaR,2022-12-24,0.0032380669513973575
Crypto Mean-CVaR,2022-12-25,-0.00028630733118077906
Crypto Mean-CVaR,2022-12-26,0.0043021222205056955
Crypto Mean-CVaR,2022-12-27,-0.011847246672084854
Crypto Mean-CVaR,2022-12-28,-0.00948836286205213
Crypto Mean-CVaR,2022-12-29,0.005157675236890665
Crypto Mean-CVaR,2022-12-30,-0.002082200374447567
Crypto Mean-CVaR,2022-12-31,-0.0031272834211451797
Crypto Mean-CVaR,2023-01-01,0.00471714259650424
Crypto Mean-CVaR,2023-01-02,0.0038693443449914124
Crypto Mean-CVaR,2023-01-03,-0.0006455573876085992
Crypto Mean-CVaR,2023-01-04,0.010684063187499586
Crypto Mean-CVaR,2023-01-05,-0.002006329583680275
Crypto Mean-CVaR,2023-01-06,0.006153404657686281
Crypto Mean-CVaR,2023-01-07,-3.960064710129235e-05
Crypto Mean-CVaR,2023-01-08,0.008665301231919326
Crypto Mean-CVaR,2023-01-09,0.006382594464498698
Crypto Mean-CVaR,2023-01-10,0.01424073713290092
Crypto Mean-CVaR,2023-01-11,0.028081013757698812
Crypto Mean-CVaR,2023-01-12,0.05112410736856827
Crypto Mean-CVaR,2023-01-13,0.05500966778417205
Crypto Mean-CVaR,2023-01-14,0.05303451021559329
Crypto Mean-CVaR,2023-01-15,-0.0042549819071631325
Crypto Mean-CVaR,2023-01-16,0.01352702782883763
Crypto Mean-CVaR,2023-01-17,-0.0006464073482683706
Crypto Mean-CVaR,2023-01-18,-0.022865547164826045
Crypto Mean-CVaR,2023-01-19,0.01924414550293795
Crypto Mean-CVaR,2023-01-20,0.07464547967914717
Crypto Mean-CVaR,2023-01-21,0.003926908681092984
Crypto Mean-CVaR,2023-01-22,-0.0024716979850494766
Crypto Mean-CVaR,2023-01-23,0.00964004064696813
Crypto Mean-CVaR,2023-01-24,-0.013685180761340458
Crypto Mean-CVaR,2023-01-25,0.021409680748311778
Crypto Mean-CVaR,2023-01-26,-0.0036348110277184954
Crypto Mean-CVaR,2023-01-27,0.0026711987964299112
Crypto Mean-CVaR,2023-01-28,-0.002200487658814554
Crypto Mean-CVaR,2023-01-29,0.03177038681073859
Crypto Mean-CVaR,2023-01-30,-0.03894001201773693
Crypto Mean-CVaR,2023-01-31,0.012770440771373065
Crypto Mean-CVaR,2023-02-01,0.025172772100207408
Crypto Mean-CVaR,2023-02-02,-0.010441279021593385
Crypto Mean-CVaR,2023-02-03,-0.000900991843890986
Crypto Mean-CVaR,2023-02-04,-0.005006457697912775
Crypto Mean-CVaR,2023-02-05,-0.015940936338779778
Crypto Mean-CVaR,2023-02-06,-0.008567410186482577
Crypto Mean-CVaR,2023-02-07,0.022320288357400162
Crypto Mean-CVaR,2023-02-08,-0.01368871101669134
Crypto Mean-CVaR,2023-02-09,-0.04897390246668772
Crypto Mean-CVaR,2023-02-10,-0.0075216925247809955
Crypto Mean-CVaR,2023-02-11,0.010124007500789926
Crypto Mean-CVaR,2023-02-12,-0.0037414121713280667
Crypto Mean-CVaR,2023-02-13,0.0011539301105683295
Crypto Mean-CVaR,2023-02-14,0.018911191635897162
Crypto Mean-CVaR,2023-02-15,0.09362642554852538
Crypto Mean-CVaR,2023-02-16,-0.028401695032755313
Crypto Mean-CVaR,2023-02-17,0.040003273251188236
Crypto Mean-CVaR,2023-02-18,0.0030119925793978576
Crypto Mean-CVaR,2023-02-19,-0.012581577246664255
Crypto Mean-CVaR,2023-02-20,0.020627971640506382
Crypto Mean-CVaR,2023-02-21,-0.01598714218525522
Crypto Mean-CVaR,2023-02-22,-0.010041749979777524
Crypto Mean-CVaR,2023-02-23,-0.009867114529639535
Crypto Mean-CVaR,2023-02-24,-0.031235586629631926
Crypto Mean-CVaR,2023-02-25,-0.0009743187601109401
Crypto Mean-CVaR,2023-02-26,0.01672164156461121
Crypto Mean-CVaR,2023-02-27,-0.0016277000485781414
Crypto Mean-CVaR,2023-02-28,-0.015870191333505396
Crypto Mean-CVaR,2023-03-01,0.021463107946983973
Crypto Mean-CVaR,2023-03-02,-0.0071894612614762385
Crypto Mean-CVaR,2023-03-03,-0.04726920472011287
Crypto Mean-CVaR,2023-03-04,-0.000493326397024871
Crypto Mean-CVaR,2023-03-05,0.0037317524779841415
Crypto Mean-CVaR,2023-03-06,-0.0002289635971646789
Crypto Mean-CVaR,2023-03-07,-0.009448058566921087
Crypto Mean-CVaR,2023-03-08,-0.022493414458796934
Crypto Mean-CVaR,2023-03-09,-0.062871709920713
Crypto Mean-CVaR,2023-03-10,-0.008736918381408313
Crypto Mean-CVaR,2023-03-11,0.022169126220690942
Crypto Mean-CVaR,2023-03-12,0.07443008535309047
Crypto Mean-CVaR,2023-03-13,0.09114620892685499
Crypto Mean-CVaR,2023-03-14,0.02239525633228021
Crypto Mean-CVaR,2023-03-15,-0.015095433043329635
Crypto Mean-CVaR,2023-03-16,0.027458143904136704
Crypto Mean-CVaR,2023-03-17,0.09398820703668835
Crypto Mean-CVaR,2023-03-18,-0.016835117902257758
Crypto Mean-CVaR,2023-03-19,0.039483386836635256
Crypto Mean-CVaR,2023-03-20,-0.009854155404772842
Crypto Mean-CVaR,2023-03-21,0.01491011015701984
Crypto Mean-CVaR,2023-03-22,-0.031711502812377064
Crypto Mean-CVaR,2023-03-23,0.03819095768911454
Crypto Mean-CVaR,2023-03-24,-0.029650259634077348
Crypto Mean-CVaR,2023-03-25,0.00010159596336259652
Crypto Mean-CVaR,2023-03-26,0.018052278350984375
Crypto Mean-CVaR,2023-03-27,-0.03028616732507657
Crypto Mean-CVaR,2023-03-28,0.004785405076718923
Crypto Mean-CVaR,2023-03-29,0.03918744525838798
Crypto Mean-CVaR,2023-03-30,-0.01089529501847187
Crypto Mean-CVaR,2023-03-31,0.01582997853365606
Crypto Mean-CVaR,2023-04-01,-0.002285400893177727
Crypto Mean-CVaR,2023-04-02,-0.007513145966817671
Crypto Mean-CVaR,2023-04-03,-0.014422695267487434
Crypto Mean-CVaR,2023-04-04,0.01354489440651687
Crypto Mean-CVaR,2023-04-05,0.0003694258532728153
Crypto Mean-CVaR,2023-04-06,-0.004731864649094379
Crypto Mean-CVaR,2023-04-07,-0.004200152819122693
Crypto Mean-CVaR,2023-04-08,0.0007847802518471431
Crypto Mean-CVaR,2023-04-09,0.01376022389250751
Crypto Mean-CVaR,2023-04-10,0.04644296742302036
Crypto Mean-CVaR,2023-04-11,0.01949930810707082
Crypto Mean-CVaR,2023-04-12,-0.0032462597209243337
Crypto Mean-CVaR,2023-04-13,0.008610275571469886
Crypto Mean-CVaR,2023-04-14,0.002895917465330746
Crypto Mean-CVaR,2023-04-15,-0.00547830826993006
Crypto Mean-CVaR,2023-04-16,-7.02557876534301e-05
Crypto Mean-CVaR,2023-04-17,-0.028640862981466415
Crypto Mean-CVaR,2023-04-18,0.032279719153388294
Crypto Mean-CVaR,2023-04-19,-0.05165881710653443
Crypto Mean-CVaR,2023-04-20,-0.019955456414143757
Crypto Mean-CVaR,2023-04-21,-0.03419805880243256
Crypto Mean-CVaR,2023-04-22,0.019805590081817717
Crypto Mean-CVaR,2023-04-23,-0.008060537692351457
Crypto Mean-CVaR,2023-04-24,-0.0024160003634761803
Crypto Mean-CVaR,2023-04-25,0.028290956373844166
Crypto Mean-CVaR,2023-04-26,0.004009418062904289
Crypto Mean-CVaR,2023-04-27,0.0368716349460108
Crypto Mean-CVaR,2023-04-28,-0.004457538324853998
Crypto Mean-CVaR,2023-04-29,-0.0030390684145719738
Crypto Mean-CVaR,2023-04-30,0.0006536081725591673
Crypto Mean-CVaR,2023-05-01,-0.039994989738709845
Crypto Mean-CVaR,2023-05-02,0.020926065582506197
Crypto Mean-CVaR,2023-05-03,0.011313773756269768
Crypto Mean-CVaR,2023-05-04,-0.005434229373914668
Crypto Mean-CVaR,2023-05-05,0.023797488700957523
Crypto Mean-CVaR,2023-05-06,-0.021276456363954244
Crypto Mean-CVaR,2023-05-07,-0.015550032326321796
Crypto Mean-CVaR,2023-05-08,-0.026679564585748754
Crypto Mean-CVaR,2023-05-09,-0.001239733511393056
Crypto Mean-CVaR,2023-05-10,-0.0013144909898067949
Crypto Mean-CVaR,2023-05-11,-0.02248918054781028
Crypto Mean-CVaR,2023-05-12,-0.007141974932006757
Crypto Mean-CVaR,2023-05-13,-0.0007608710478336474
Crypto Mean-CVaR,2023-05-14,0.005451542206314267
Crypto Mean-CVaR,2023-05-15,0.009740141371066782
Crypto Mean-CVaR,2023-05-16,-0.005697986947154424
Crypto Mean-CVaR,2023-05-17,0.013369596661765069
Crypto Mean-CVaR,2023-05-18,-0.020641025279525136
Crypto Mean-CVaR,2023-05-19,0.002172474859815331
Crypto Mean-CVaR,2023-05-20,0.008980103406756793
Crypto Mean-CVaR,2023-05-21,-0.013661632768077808
Crypto Mean-CVaR,2023-05-22,0.003787945672472199
Crypto Mean-CVaR,2023-05-23,0.013906099311944935
Crypto Mean-CVaR,2023-05-24,-0.03267352429839904
Crypto Mean-CVaR,2023-05-25,0.005343354611830028
Crypto Mean-CVaR,2023-05-26,0.009077039711540386
Crypto Mean-CVaR,2023-05-27,0.005645644613671457
Crypto Mean-CVaR,2023-05-28,0.04514038699006681
Crypto Mean-CVaR,2023-05-29,-0.012115221387934184
Crypto Mean-CVaR,2023-05-30,-0.001550347899644578
Crypto Mean-CVaR,2023-05-31,-0.017413300659514762
Crypto Mean-CVaR,2023-06-01,-0.01463650074437985
Crypto Mean-CVaR,2023-06-02,0.016559126460474624
Crypto Mean-CVaR,2023-06-03,-0.006430428042587897
Crypto Mean-CVaR,2023-06-04,0.001587206532807076
Crypto Mean-CVaR,2023-06-05,-0.05004157158756532
Crypto Mean-CVaR,2023-06-06,0.05705152786331016
Crypto Mean-CVaR,2023-06-07,-0.03269465842043245
Crypto Mean-CVaR,2023-06-08,0.0061791013950295215
Crypto Mean-CVaR,2023-06-09,-0.0014678073155581235
Crypto Mean-CVaR,2023-06-10,-0.023814220909086203
Crypto Mean-CVaR,2023-06-11,0.003468794643145509
Crypto Mean-CVaR,2023-06-12,-0.0013707722291777774
Crypto Mean-CVaR,2023-06-13,0.0006971147698677581
Crypto Mean-CVaR,2023-06-14,-0.03053274079274681
Crypto Mean-CVaR,2023-06-15,0.017870777902433892
Crypto Mean-CVaR,2023-06-16,0.029154082919842905
Crypto Mean-CVaR,2023-06-17,0.007008546963797003
Crypto Mean-CVaR,2023-06-18,-0.00666407638407714
Crypto Mean-CVaR,2023-06-19,0.01941845346922462
Crypto Mean-CVaR,2023-06-20,0.054712367358159465
Crypto Mean-CVaR,2023-06-21,0.059799413225739166
Crypto Mean-CVaR,2023-06-22,-0.0038444251580174696
Crypto Mean-CVaR,2023-06-23,0.026127516264123903
Crypto Mean-CVaR,2023-06-24,-0.004826826374140008
Crypto Mean-CVaR,2023-06-25,-0.002147866812042652
Crypto Mean-CVaR,2023-06-26,-0.006773988866002644
Crypto Mean-CVaR,2023-06-27,0.013746200477135566
Crypto Mean-CVaR,2023-06-28,-0.019550706110414616
Crypto Mean-CVaR,2023-06-29,0.011921549783201075
Crypto Mean-CVaR,2023-06-30,0.001182260814479248
Crypto Mean-CVaR,2023-07-01,0.0037587403623015585
Crypto Mean-CVaR,2023-07-02,0.0009026415940436002
Crypto Mean-CVaR,2023-07-03,0.01749561836914874
Crypto Mean-CVaR,2023-07-04,-0.012108187752168133
Crypto Mean-CVaR,2023-07-05,-0.00850754277224657
Crypto Mean-CVaR,2023-07-06,-0.019693603019490726
Crypto Mean-CVaR,2023-07-07,0.014511613855951119
Crypto Mean-CVaR,2023-07-08,-0.0015336574716591687
Crypto Mean-CVaR,2023-07-09,-0.004168075829027657
Crypto Mean-CVaR,2023-07-10,0.008017896302856504
Crypto Mean-CVaR,2023-07-11,0.006730156326568424
Crypto Mean-CVaR,2023-07-12,-0.007405194394246318
Crypto Mean-CVaR,2023-07-13,0.03575856320840713
Crypto Mean-CVaR,2023-07-14,-0.03619370984324228
Crypto Mean-CVaR,2023-07-15,-0.0011816892344196045
Crypto Mean-CVaR,2023-07-16,-0.001606901066127531
Crypto Mean-CVaR,2023-07-17,-0.003382337720285091
Crypto Mean-CVaR,2023-07-18,-0.00955375742929192
Crypto Mean-CVaR,2023-07-19,0.0019466798128628306
Crypto Mean-CVaR,2023-07-20,-0.004020506536279239
Crypto Mean-CVaR,2023-07-21,0.00388575683577115
Crypto Mean-CVaR,2023-07-22,-0.004310673547365195
Crypto Mean-CVaR,2023-07-23,0.010409647094091203
Crypto Mean-CVaR,2023-07-24,-0.03012376813879747
Crypto Mean-CVaR,2023-07-25,0.0017494060118173778
Crypto Mean-CVaR,2023-07-26,0.00437239609104657
Crypto Mean-CVaR,2023-07-27,-0.004870852137505196
Crypto Mean-CVaR,2023-07-28,0.003886119292288069
Crypto Mean-CVaR,2023-07-29,0.0011422653902503216
Crypto Mean-CVaR,2023-07-30,-0.002996304601710512
Crypto Mean-CVaR,2023-07-31,-0.0016872410043834137
Crypto Mean-CVaR,2023-08-01,0.015245275282999904
Crypto Mean-CVaR,2023-08-02,-0.01764989082843693
Crypto Mean-CVaR,2023-08-03,0.0009166006009861949
Crypto Mean-CVaR,2023-08-04,-0.0035843942133476636
Crypto Mean-CVaR,2023-08-05,-0.0010994270766331304
Crypto Mean-CVaR,2023-08-06,-9.347950838400898e-06
Crypto Mean-CVaR,2023-08-07,0.004776645775930843
Crypto Mean-CVaR,2023-08-08,0.020044635853149417
Crypto Mean-CVaR,2023-08-09,-0.006853508270246889
Crypto Mean-CVaR,2023-08-10,-0.004461964714047806
Crypto Mean-CVaR,2023-08-11,-0.001083159880198692
Crypto Mean-CVaR,2023-08-12,0.0006207965516027425
Crypto Mean-CVaR,2023-08-13,-0.004523080645381872
Crypto Mean-CVaR,2023-08-14,0.004286776125049352
Crypto Mean-CVaR,2023-08-15,-0.008096168172366025
Crypto Mean-CVaR,2023-08-16,-0.016063173634291772
Crypto Mean-CVaR,2023-08-17,-0.07097917151940503
Crypto Mean-CVaR,2023-08-18,-0.02306411031148714
Crypto Mean-CVaR,2023-08-19,0.0017907574452629138
Crypto Mean-CVaR,2023-08-20,0.00357825614760654
Crypto Mean-CVaR,2023-08-21,-0.002498831574187843
Crypto Mean-CVaR,2023-08-22,-0.0035401882238949023
Crypto Mean-CVaR,2023-08-23,0.015365306423789304
Crypto Mean-CVaR,2023-08-24,-0.01018731988472621
Crypto Mean-CVaR,2023-08-25,-0.004384352975912553
Crypto Mean-CVaR,2023-08-26,-0.0015051281432193475
Crypto Mean-CVaR,2023-08-27,0.0031232321991347956
Crypto Mean-CVaR,2023-08-28,0.0006307866874213364
Crypto Mean-CVaR,2023-08-29,0.062101924766441385
Crypto Mean-CVaR,2023-08-30,-0.015512708305083889
Crypto Mean-CVaR,2023-08-31,-0.0500340578984273
Crypto Mean-CVaR,2023-09-01,-0.005114101858929522
Crypto Mean-CVaR,2023-09-02,0.002867397367170629
Crypto Mean-CVaR,2023-09-03,0.003806169294551048
Crypto Mean-CVaR,2023-09-04,-0.005789381026563981
Crypto Mean-CVaR,2023-09-05,-0.0012305186997440328
Crypto Mean-CVaR,2023-09-06,-0.0005734605039005794
Crypto Mean-CVaR,2023-09-07,0.018516613613463195
Crypto Mean-CVaR,2023-09-08,-0.012423251783610884
Crypto Mean-CVaR,2023-09-09,-0.0003688666166381641
Crypto Mean-CVaR,2023-09-10,-0.0026372155523131826
Crypto Mean-CVaR,2023-09-11,-0.025556328053274884
Crypto Mean-CVaR,2023-09-12,0.02702352998348226
Crypto Mean-CVaR,2023-09-13,0.015045314501756292
Crypto Mean-CVaR,2023-09-14,0.012320496027486702
Crypto Mean-CVaR,2023-09-15,0.0026370846505526036
Crypto Mean-CVaR,2023-09-16,-0.0016294883137875638
Crypto Mean-CVaR,2023-09-17,-0.0012922412359983035
Crypto Mean-CVaR,2023-09-18,0.00828719188402764
Crypto Mean-CVaR,2023-09-19,0.016824770742716134
Crypto Mean-CVaR,2023-09-20,-0.00286067894404702
Crypto Mean-CVaR,2023-09-21,-0.020711478429828057
Crypto Mean-CVaR,2023-09-22,0.0005241538316863267
Crypto Mean-CVaR,2023-09-23,6.762638709983184e-05
Crypto Mean-CVaR,2023-09-24,-0.011855997544265612
Crypto Mean-CVaR,2023-09-25,0.0018300810207667322
Crypto Mean-CVaR,2023-09-26,-0.0030047466787147294
Crypto Mean-CVaR,2023-09-27,0.005258974723631054
Crypto Mean-CVaR,2023-09-28,0.025142660824026032
Crypto Mean-CVaR,2023-09-29,-0.003311088900310656
Crypto Mean-CVaR,2023-09-30,0.0019181461234981671
Crypto Mean-CVaR,2023-10-01,0.037668241913332734
Crypto Mean-CVaR,2023-10-02,-0.016186709920936293
Crypto Mean-CVaR,2023-10-03,-0.003661597010505724
Crypto Mean-CVaR,2023-10-04,0.013467601347721292
Crypto Mean-CVaR,2023-10-05,-0.01379463216164356
Crypto Mean-CVaR,2023-10-06,0.01935684447622399
Crypto Mean-CVaR,2023-10-07,0.0007958817661306572
Crypto Mean-CVaR,2023-10-08,-0.001206700034343422
Crypto Mean-CVaR,2023-10-09,-0.012579594744121514
Crypto Mean-CVaR,2023-10-10,-0.006984500217130485
Crypto Mean-CVaR,2023-10-11,-0.018900326735168282
Crypto Mean-CVaR,2023-10-12,-0.0043359541366684295
Crypto Mean-CVaR,2023-10-13,0.003945769916393171
Crypto Mean-CVaR,2023-10-14,-2.4866332556272575e-05
Crypto Mean-CVaR,2023-10-15,0.011091823470242623
Crypto Mean-CVaR,2023-10-16,0.05006744695824206
Crypto Mean-CVaR,2023-10-17,-0.0036367703063566736
Crypto Mean-CVaR,2023-10-18,-0.0030759792019486865
Crypto Mean-CVaR,2023-10-19,0.013818840741083749
Crypto Mean-CVaR,2023-10-20,0.033535830870205396
Crypto Mean-CVaR,2023-10-21,0.007932597562652743
Crypto Mean-CVaR,2023-10-22,0.002523007395046406
Crypto Mean-CVaR,2023-10-23,0.10309890521346299
Crypto Mean-CVaR,2023-10-24,0.02464145540134477
Crypto Mean-CVaR,2023-10-25,0.017736456610143003
Crypto Mean-CVaR,2023-10-26,-0.010033147199696724
Crypto Mean-CVaR,2023-10-27,-0.007226928505637331
Crypto Mean-CVaR,2023-10-28,0.005301518539129857
Crypto Mean-CVaR,2023-10-29,0.013168432293093613
Crypto Mean-CVaR,2023-10-30,-0.0010457086417764438
Crypto Mean-CVaR,2023-10-31,0.004794395311462418
Crypto Mean-CVaR,2023-11-01,0.022226196478463613
Crypto Mean-CVaR,2023-11-02,-0.01406713069393169
Crypto Mean-CVaR,2023-11-03,-0.0059389069252592025
Crypto Mean-CVaR,2023-11-04,0.010056366676693558
Crypto Mean-CVaR,2023-11-05,-0.0009185745097997064
Crypto Mean-CVaR,2023-11-06,-0.0003571002967055804
Crypto Mean-CVaR,2023-11-07,0.011521381487865258
Crypto Mean-CVaR,2023-11-08,0.006011915604011603
Crypto Mean-CVaR,2023-11-09,0.029030437532414355
Crypto Mean-CVaR,2023-11-10,0.017103571943507694
Crypto Mean-CVaR,2023-11-11,-0.004646520615806818
Crypto Mean-CVaR,2023-11-12,-0.0022294531612707265
Crypto Mean-CVaR,2023-11-13,-0.01489084493751976
Crypto Mean-CVaR,2023-11-14,-0.026490079597239972
Crypto Mean-CVaR,2023-11-15,0.06577431323743745
Crypto Mean-CVaR,2023-11-16,-0.04546577998937132
Crypto Mean-CVaR,2023-11-17,0.012223671135021737
Crypto Mean-CVaR,2023-11-18,-0.00031975203842919545
Crypto Mean-CVaR,2023-11-19,0.021834647516815096
Crypto Mean-CVaR,2023-11-20,0.002336770415674158
Crypto Mean-CVaR,2023-11-21,-0.0443900853051071
Crypto Mean-CVaR,2023-11-22,0.04521420711585379
Crypto Mean-CVaR,2023-11-23,-0.003773632663196255
Crypto Mean-CVaR,2023-11-24,0.011594891114853447
Crypto Mean-CVaR,2023-11-25,0.0021472089401104568
Crypto Mean-CVaR,2023-11-26,-0.008405983330118605
Crypto Mean-CVaR,2023-11-27,-0.006154047368515683
Crypto Mean-CVaR,2023-11-28,0.015465975188417564
Crypto Mean-CVaR,2023-11-29,0.0007377137200231647
Crypto Mean-CVaR,2023-11-30,-0.0038383054082417574
Crypto Mean-CVaR,2023-12-01,0.025879947957747618
Crypto Mean-CVaR,2023-12-02,0.020356874575942596
Crypto Mean-CVaR,2023-12-03,0.012717964611113297
Crypto Mean-CVaR,2023-12-04,0.05006972516793251
Crypto Mean-CVaR,2023-12-05,0.05003682455553493
Crypto Mean-CVaR,2023-12-06,-0.007581629055975703
Crypto Mean-CVaR,2023-12-07,-0.010372985662227885
Crypto Mean-CVaR,2023-12-08,0.02018673414826888
Crypto Mean-CVaR,2023-12-09,-0.009976252913108663
Crypto Mean-CVaR,2023-12-10,0.0012284421841561866
Crypto Mean-CVaR,2023-12-11,-0.05792335792051162
Crypto Mean-CVaR,2023-12-12,0.005004157345118276
Crypto Mean-CVaR,2023-12-13,0.03475299863154757
Crypto Mean-CVaR,2023-12-14,0.0031062756659134827
Crypto Mean-CVaR,2023-12-15,-0.025432678020983368
Crypto Mean-CVaR,2023-12-16,0.007401888090740938
Crypto Mean-CVaR,2023-12-17,-0.02072563201266564
Crypto Mean-CVaR,2023-12-18,0.030433584522719714
Crypto Mean-CVaR,2023-12-19,-0.008282083715112631
Crypto Mean-CVaR,2023-12-20,0.032687613405284255
Crypto Mean-CVaR,2023-12-21,0.0049688697318006625
Crypto Mean-CVaR,2023-12-22,0.002934864092908329
Crypto Mean-CVaR,2023-12-23,-0.005872083923035065
Crypto Mean-CVaR,2023-12-24,-0.01653939964043194
Crypto Mean-CVaR,2023-12-25,0.013879063861056418
Crypto Mean-CVaR,2023-12-26,-0.025055253200995553
Crypto Mean-CVaR,2023-12-27,0.021694364920222586
Crypto Mean-CVaR,2023-12-28,-0.01876027694786908
Crypto Mean-CVaR,2023-12-29,-0.012396896798793966
Crypto Mean-CVaR,2023-12-30,0.0013658151137276864
Crypto Mean-CVaR,2023-12-31,0.002568622223877659
Crypto Min-Variance,2021-01-01,0.015196466315610101
Crypto Min-Variance,2021-01-02,0.08260838891085041
Crypto Min-Variance,2021-01-03,0.02364977537830958
Crypto Min-Variance,2021-01-04,-0.01793482923808354
Crypto Min-Variance,2021-01-05,0.051662080944670924
Crypto Min-Variance,2021-01-06,0.08335923141787516
Crypto Min-Variance,2021-01-07,0.07613246848848038
Crypto Min-Variance,2021-01-08,0.03167580673629566
Crypto Min-Variance,2021-01-09,-0.005699688752437219
Crypto Min-Variance,2021-01-10,-0.0454800993700244
Crypto Min-Variance,2021-01-11,-0.07608245151624943
Crypto Min-Variance,2021-01-12,-0.04210910822066063
Crypto Min-Variance,2021-01-13,0.0955191046353954
Crypto Min-Variance,2021-01-14,0.043674548090044514
Crypto Min-Variance,2021-01-15,-0.05709046600068186
Crypto Min-Variance,2021-01-16,-0.015302719985092784
Crypto Min-Variance,2021-01-17,-0.010122184685392076
Crypto Min-Variance,2021-01-18,0.024916393211247872
Crypto Min-Variance,2021-01-19,-0.013816657879408995
Crypto Min-Variance,2021-01-20,-0.01327667244384802
Crypto Min-Variance,2021-01-21,-0.12900655275991257
Crypto Min-Variance,2021-01-22,0.06640536265725598
Crypto Min-Variance,2021-01-23,-0.02487321673513009
Crypto Min-Variance,2021-01-24,0.008024209809377066
Crypto Min-Variance,2021-01-25,0.0006702944372786836
Crypto Min-Variance,2021-01-26,0.005569985002620096
Crypto Min-Variance,2021-01-27,-0.06416759209497437
Crypto Min-Variance,2021-01-28,0.09473551404899808
Crypto Min-Variance,2021-01-29,0.03235532683583071
Crypto Min-Variance,2021-01-30,0.020269967477955644
Crypto Min-Variance,2021-01-31,-0.026251578901583715
Crypto Min-Variance,2021-02-01,0.00609361649656571
Crypto Min-Variance,2021-02-02,0.0499987342683121
Crypto Min-Variance,2021-02-03,0.053667539308521924
Crypto Min-Variance,2021-02-04,-0.011358401652316077
Crypto Min-Variance,2021-02-05,0.03924039875653911
Crypto Min-Variance,2021-02-06,0.019905571208262363
Crypto Min-Variance,2021-02-07,-0.00667663821188723
Crypto Min-Variance,2021-02-08,0.17559221353038354
Crypto Min-Variance,2021-02-09,0.023657319577953202
Crypto Min-Variance,2021-02-10,-0.025200564776609268
Crypto Min-Variance,2021-02-11,0.08602159658851277
Crypto Min-Variance,2021-02-12,-0.00447127811892528
Crypto Min-Variance,2021-02-13,0.003634972216424976
Crypto Min-Variance,2021-02-14,0.018303831780984388
Crypto Min-Variance,2021-02-15,-0.026748915871104038
Crypto Min-Variance,2021-02-16,0.023357589727529073
Crypto Min-Variance,2021-02-17,0.05244730788015609
Crypto Min-Variance,2021-02-18,-0.0023110888552087478
Crypto Min-Variance,2021-02-19,0.08421272123168226
Crypto Min-Variance,2021-02-20,-0.006183357861221527
Crypto Min-Variance,2021-02-21,0.026899459222949423
Crypto Min-Variance,2021-02-22,-0.057308861847796246
Crypto Min-Variance,2021-02-23,-0.11145569961406905
Crypto Min-Variance,2021-02-24,0.023735451871607572
Crypto Min-Variance,2021-02-25,-0.05433986684596293
Crypto Min-Variance,2021-02-26,-0.014134434034307529
Crypto Min-Variance,2021-02-27,0.002001975536429493
Crypto Min-Variance,2021-02-28,-0.023648572574965596
Crypto Min-Variance,2021-03-01,0.09368174987915433
Crypto Min-Variance,2021-03-02,-0.02467821277171945
Crypto Min-Variance,2021-03-03,0.043955058150414186
Crypto Min-Variance,2021-03-04,-0.023769107301548697
Crypto Min-Variance,2021-03-05,0.0006172151954509635
Crypto Min-Variance,2021-03-06,0.0008043166066727084
Crypto Min-Variance,2021-03-07,0.04243995668346712
Crypto Min-Variance,2021-03-08,0.019976322012657144
Crypto Min-Variance,2021-03-09,0.04417211309549203
Crypto Min-Variance,2021-03-10,0.012516372770625655
Crypto Min-Variance,2021-03-11,0.025695607963795334
Crypto Min-Variance,2021-03-12,-0.011106001593126783
Crypto Min-Variance,2021-03-13,0.06540620449110525
Crypto Min-Variance,2021-03-14,-0.03190767801577458
Crypto Min-Variance,2021-03-15,-0.04999954010831595
Crypto Min-Variance,2021-03-16,0.01989904178897231
Crypto Min-Variance,2021-03-17,0.03660634132176845
Crypto Min-Variance,2021-03-18,-0.016656516805199195
Crypto Min-Variance,2021-03-19,0.015144339308836576
Crypto Min-Variance,2021-03-20,0.010797295405989036
Crypto Min-Variance,2021-03-21,-0.009331624121212415
Crypto Min-Variance,2021-03-22,-0.04496182950464286
Crypto Min-Variance,2021-03-23,0.0027534398498511065
Crypto Min-Variance,2021-03-24,-0.04259620666630366
Crypto Min-Variance,2021-03-25,-0.01393342735159199
Crypto Min-Variance,2021-03-26,0.07688396803510757
Crypto Min-Variance,2021-03-27,0.00943665182754408
Crypto Min-Variance,2021-03-28,-0.0006080260824494486
Crypto Min-Variance,2021-03-29,0.031000312403251462
Crypto Min-Variance,2021-03-30,0.018714786197210745
Crypto Min-Variance,2021-03-31,0.034468576633544044
Crypto Min-Variance,2021-04-01,-0.0015519419783329587
Crypto Min-Variance,2021-04-02,0.014635833089336879
Crypto Min-Variance,2021-04-03,-0.021298820619059765
Crypto Min-Variance,2021-04-04,0.04382134893816438
Crypto Min-Variance,2021-04-05,0.04193984393066357
Crypto Min-Variance,2021-04-06,-0.003846577938141381
Crypto Min-Variance,2021-04-07,-0.05234936926205448
Crypto Min-Variance,2021-04-08,0.05448769318009902
Crypto Min-Variance,2021-04-09,-0.007740417002000172
Crypto Min-Variance,2021-04-10,0.0562416370520884
Crypto Min-Variance,2021-04-11,0.002960296795379675
Crypto Min-Variance,2021-04-12,0.005803047878580587
Crypto Min-Variance,2021-04-13,0.0784059889350199
Crypto Min-Variance,2021-04-14,-0.006034386556638779
Crypto Min-Variance,2021-04-15,0.011906236811441494
Crypto Min-Variance,2021-04-16,-0.033808673434067155
Crypto Min-Variance,2021-04-17,-0.014198117879776432
Crypto Min-Variance,2021-04-18,-0.07697256230940308
Crypto Min-Variance,2021-04-19,-0.01894153797482154
Crypto Min-Variance,2021-04-20,0.01706278638744757
Crypto Min-Variance,2021-04-21,-0.04894699115348056
Crypto Min-Variance,2021-04-22,-0.04970631675471749
Crypto Min-Variance,2021-04-23,-0.011004940599554302
Crypto Min-Variance,2021-04-24,-0.029694553921042498
Crypto Min-Variance,2021-04-25,-0.019854970340089373
Crypto Min-Variance,2021-04-26,0.12394277870011453
Crypto Min-Variance,2021-04-27,0.023000981284225758
Crypto Min-Variance,2021-04-28,-0.007394055175636787
Crypto Min-Variance,2021-04-29,-0.018111091283568848
Crypto Min-Variance,2021-04-30,0.08388374875955544
Crypto Min-Variance,2021-05-01,0.01064140826978879
Crypto Min-Variance,2021-05-02,-0.020972899768574603
Crypto Min-Variance,2021-05-03,0.01597078952798219
Crypto Min-Variance,2021-05-04,-0.054660892314712335
Crypto Min-Variance,2021-05-05,0.09551970250953758
Crypto Min-Variance,2021-05-06,0.0010177789745529856
Crypto Min-Variance,2021-05-07,0.0098699294616077
Crypto Min-Variance,2021-05-08,0.022943209441904033
Crypto Min-Variance,2021-05-09,-0.012017273173166377
Crypto Min-Variance,2021-05-10,-0.04755684742135259
Crypto Min-Variance,2021-05-11,0.021215483727987858
Crypto Min-Variance,2021-05-12,-0.13898727909620193
Crypto Min-Variance,2021-05-13,0.016366783903860573
Crypto Min-Variance,2021-05-14,0.012037805510523115
Crypto Min-Variance,2021-05-15,-0.058288576043551706
Crypto Min-Variance,2021-05-16,-0.007454449098599934
Crypto Min-Variance,2021-05-17,-0.058651307939505376
Crypto Min-Variance,2021-05-18,-0.010140056355078886
Crypto Min-Variance,2021-05-19,-0.1576131675908735
Crypto Min-Variance,2021-05-20,0.10823173115522454
Crypto Min-Variance,2021-05-21,-0.09100388819005056
Crypto Min-Variance,2021-05-22,-0.0022290602720495467
Crypto Min-Variance,2021-05-23,-0.07997281814993407
Crypto Min-Variance,2021-05-24,0.13261447679991828
Crypto Min-Variance,2021-05-25,-0.004816573464753618
Crypto Min-Variance,2021-05-26,0.026357734621702943
Crypto Min-Variance,2021-05-27,-0.02597163748084155
Crypto Min-Variance,2021-05-28,-0.07230228040941405
Crypto Min-Variance,2021-05-29,-0.03349361842052621
Crypto Min-Variance,2021-05-30,0.033333107968831606
Crypto Min-Variance,2021-05-31,0.0512003917556804
Crypto Min-Variance,2021-06-01,-0.017698196045803402
Crypto Min-Variance,2021-06-02,0.02404076823954628
Crypto Min-Variance,2021-06-03,0.043000455003972975
Crypto Min-Variance,2021-06-04,-0.059290998361358614
Crypto Min-Variance,2021-06-05,-0.036632623053791405
Crypto Min-Variance,2021-06-06,0.009042351934261098
Crypto Min-Variance,2021-06-07,-0.06469175226542864
Crypto Min-Variance,2021-06-08,-0.002220395394377759
Crypto Min-Variance,2021-06-09,0.1143492514503708
Crypto Min-Variance,2021-06-10,-0.017988859690568914
Crypto Min-Variance,2021-06-11,0.016368455472238974
Crypto Min-Variance,2021-06-12,-0.04712752424745887
Crypto Min-Variance,2021-06-13,0.09891616838214913
Crypto Min-Variance,2021-06-14,0.028298695084227356
Crypto Min-Variance,2021-06-15,0.0045017535193797855
Crypto Min-Variance,2021-06-16,-0.05125288361494365
Crypto Min-Variance,2021-06-17,-0.007261791587038778
Crypto Min-Variance,2021-06-18,-0.05939981588161238
Crypto Min-Variance,2021-06-19,-0.005618804270827599
Crypto Min-Variance,2021-06-20,0.002664157075874632
Crypto Min-Variance,2021-06-21,-0.1147380148429801
Crypto Min-Variance,2021-06-22,0.023427169439134442
Crypto Min-Variance,2021-06-23,0.03975741829974538
Crypto Min-Variance,2021-06-24,0.028777253090370616
Crypto Min-Variance,2021-06-25,-0.08726156647761141
Crypto Min-Variance,2021-06-26,0.017050727872728568
Crypto Min-Variance,2021-06-27,0.07601228582376422
Crypto Min-Variance,2021-06-28,-0.006187046529538398
Crypto Min-Variance,2021-06-29,0.04262562911314251
Crypto Min-Variance,2021-06-30,-0.022444118662772548
Crypto Min-Variance,2021-07-01,-0.04232783868086409
Crypto Min-Variance,2021-07-02,0.00945952554080659
Crypto Min-Variance,2021-07-03,0.022710062843035096
Crypto Min-Variance,2021-07-04,0.018076085806861084
Crypto Min-Variance,2021-07-05,-0.04393691863222103
Crypto Min-Variance,2021-07-06,0.0144998654365067
Crypto Min-Variance,2021-07-07,-0.011260286549091331
Crypto Min-Variance,2021-07-08,-0.02923905469426302
Crypto Min-Variance,2021-07-09,0.02785003520027814
Crypto Min-Variance,2021-07-10,-0.00839964332949716
Crypto Min-Variance,2021-07-11,0.021322941912732925
Crypto Min-Variance,2021-07-12,-0.031245634040979405
Crypto Min-Variance,2021-07-13,-0.01374858958293659
Crypto Min-Variance,2021-07-14,0.003660929359777982
Crypto Min-Variance,2021-07-15,-0.03185852456572737
Crypto Min-Variance,2021-07-16,-0.011392038445232705
Crypto Min-Variance,2021-07-17,0.003248289903768613
Crypto Min-Variance,2021-07-18,0.008349843527410045
Crypto Min-Variance,2021-07-19,-0.031224694902426253
Crypto Min-Variance,2021-07-20,-0.03319708715183393
Crypto Min-Variance,2021-07-21,0.07720966020074325
Crypto Min-Variance,2021-07-22,0.006969910505503985
Crypto Min-Variance,2021-07-23,0.03895495270392615
Crypto Min-Variance,2021-07-24,0.020825602338058243
Crypto Min-Variance,2021-07-25,0.03010701754879798
Crypto Min-Variance,2021-07-26,0.05559033670827534
Crypto Min-Variance,2021-07-27,0.054860354542466
Crypto Min-Variance,2021-07-28,0.016843422398635843
Crypto Min-Variance,2021-07-29,0.0009449808226129375
Crypto Min-Variance,2021-07-30,0.05464511131893216
Crypto Min-Variance,2021-07-31,-0.014152693800452384
Crypto Min-Variance,2021-08-01,-0.03921578169525048
Crypto Min-Variance,2021-08-02,-0.01828720622384964
Crypto Min-Variance,2021-08-03,-0.02676076475882698
Crypto Min-Variance,2021-08-04,0.04163524385758275
Crypto Min-Variance,2021-08-05,0.027941196825289505
Crypto Min-Variance,2021-08-06,0.0469132665917341
Crypto Min-Variance,2021-08-07,0.04156152826707396
Crypto Min-Variance,2021-08-08,-0.01776410905984063
Crypto Min-Variance,2021-08-09,0.05820321372326866
Crypto Min-Variance,2021-08-10,-0.015619705299432315
Crypto Min-Variance,2021-08-11,0.004555253338305234
Crypto Min-Variance,2021-08-12,-0.025577679040798214
Crypto Min-Variance,2021-08-13,0.07652449649922788
Crypto Min-Variance,2021-08-14,-0.010870402075143643
Crypto Min-Variance,2021-08-15,-0.0008821735052780136
Crypto Min-Variance,2021-08-16,-0.023205045299860547
Crypto Min-Variance,2021-08-17,-0.02951040039996686
Crypto Min-Variance,2021-08-18,0.0029926061698741777
Crypto Min-Variance,2021-08-19,0.04330798038063399
Crypto Min-Variance,2021-08-20,0.055289252363375424
Crypto Min-Variance,2021-08-21,-0.009462113772397219
Crypto Min-Variance,2021-08-22,0.008448326395659605
Crypto Min-Variance,2021-08-23,0.004907103018461157
Crypto Min-Variance,2021-08-24,-0.03821904881379587
Crypto Min-Variance,2021-08-25,0.026447632002236227
Crypto Min-Variance,2021-08-26,-0.04200650912231147
Crypto Min-Variance,2021-08-27,0.04626368426676914
Crypto Min-Variance,2021-08-28,-0.0037050541435024436
Crypto Min-Variance,2021-08-29,-0.0014789395169360856
Crypto Min-Variance,2021-08-30,-0.03622353977525302
Crypto Min-Variance,2021-08-31,0.00393436321756088
Crypto Min-Variance,2021-09-01,0.03628432971767275
Crypto Min-Variance,2021-09-02,0.010630879682540943
Crypto Min-Variance,2021-09-03,0.014324285232345498
Crypto Min-Variance,2021-09-04,-0.001842632540148412
Crypto Min-Variance,2021-09-05,0.03621759964846376
Crypto Min-Variance,2021-09-06,0.0169867409679326
Crypto Min-Variance,2021-09-07,-0.11265217870804271
Crypto Min-Variance,2021-09-08,-0.013644323446883374
Crypto Min-Variance,2021-09-09,0.006256631395545576
Crypto Min-Variance,2021-09-10,-0.03230013070942658
Crypto Min-Variance,2021-09-11,0.007972938159250008
Crypto Min-Variance,2021-09-12,0.022071459296451063
Crypto Min-Variance,2021-09-13,-0.024957230421197917
Crypto Min-Variance,2021-09-14,0.04858138371022105
Crypto Min-Variance,2021-09-15,0.02300034401994941
Crypto Min-Variance,2021-09-16,-0.008909897388120747
Crypto Min-Variance,2021-09-17,-0.01238286058932562
Crypto Min-Variance,2021-09-18,0.02101174127964794
Crypto Min-Variance,2021-09-19,-0.021127785276190945
Crypto Min-Variance,2021-09-20,-0.09431365554978678
Crypto Min-Variance,2021-09-21,-0.04976871567210195
Crypto Min-Variance,2021-09-22,0.07245100284298402
Crypto Min-Variance,2021-09-23,0.029505396057707536
Crypto Min-Variance,2021-09-24,-0.04630077490229982
Crypto Min-Variance,2021-09-25,-0.0031563008734454504
Crypto Min-Variance,2021-09-26,0.01066223873852777
Crypto Min-Variance,2021-09-27,-0.02244427722670005
Crypto Min-Variance,2021-09-28,-0.02858231294630731
Crypto Min-Variance,2021-09-29,0.013553288631268359
Crypto Min-Variance,2021-09-30,0.05304362740989054
Crypto Min-Variance,2021-10-01,0.09860689103693704
Crypto Min-Variance,2021-10-02,-0.008402243824632618
Crypto Min-Variance,2021-10-03,0.01029790043619161
Crypto Min-Variance,2021-10-04,0.01857311767706412
Crypto Min-Variance,2021-10-05,0.04876593373338021
Crypto Min-Variance,2021-10-06,0.07372355290183742
Crypto Min-Variance,2021-10-07,-0.027841452802436835
Crypto Min-Variance,2021-10-08,0.0030204677906702027
Crypto Min-Variance,2021-10-09,0.01923617779332311
Crypto Min-Variance,2021-10-10,-0.003867649559412698
Crypto Min-Variance,2021-10-11,0.048936926604766
Crypto Min-Variance,2021-10-12,-0.02513586972911246
Crypto Min-Variance,2021-10-13,0.02427366713270422
Crypto Min-Variance,2021-10-14,-0.0013749312655501388
Crypto Min-Variance,2021-10-15,0.07378027655360185
Crypto Min-Variance,2021-10-16,-0.011291916270198975
Crypto Min-Variance,2021-10-17,0.010449599251145667
Crypto Min-Variance,2021-10-18,0.007496920998856016
Crypto Min-Variance,2021-10-19,0.035784447470927364
Crypto Min-Variance,2021-10-20,0.027074007232382326
Crypto Min-Variance,2021-10-21,-0.057147820694654385
Crypto Min-Variance,2021-10-22,-0.024112450611931673
Crypto Min-Variance,2021-10-23,0.011500443946872534
Crypto Min-Variance,2021-10-24,-0.007579777829552111
Crypto Min-Variance,2021-10-25,0.0343462883856567
Crypto Min-Variance,2021-10-26,-0.041847994431870365
Crypto Min-Variance,2021-10-27,-0.031991178430763614
Crypto Min-Variance,2021-10-28,0.036855413958068156
Crypto Min-Variance,2021-10-29,0.02651018924555247
Crypto Min-Variance,2021-10-30,-0.00530537940786945
Crypto Min-Variance,2021-10-31,-0.00887501973029957
Crypto Min-Variance,2021-11-01,-0.00533869155777525
Crypto Min-Variance,2021-11-02,0.03698354535482854
Crypto Min-Variance,2021-11-03,-0.003534482456094611
Crypto Min-Variance,2021-11-04,-0.023897881307929334
Crypto Min-Variance,2021-11-05,-0.00546644316123632
Crypto Min-Variance,2021-11-06,0.006137292594319585
Crypto Min-Variance,2021-11-07,0.02935985794497218
Crypto Min-Variance,2021-11-08,0.0665539645050181
Crypto Min-Variance,2021-11-09,-0.008079034778665896
Crypto Min-Variance,2021-11-10,-0.030363804216519606
Crypto Min-Variance,2021-11-11,-8.121455439875282e-05
Crypto Min-Variance,2021-11-12,-0.012349048064961548
Crypto Min-Variance,2021-11-13,0.0055130275477262665
Crypto Min-Variance,2021-11-14,0.01566435418019875
Crypto Min-Variance,2021-11-15,-0.027577624480216962
Crypto Min-Variance,2021-11-16,-0.054606298953204215
Crypto Min-Variance,2021-11-17,0.0036570207764846678
Crypto Min-Variance,2021-11-18,-0.05734669656156965
Crypto Min-Variance,2021-11-19,0.021199343336712244
Crypto Min-Variance,2021-11-20,0.02665027240440772
Crypto Min-Variance,2021-11-21,-0.01582698936796264
Crypto Min-Variance,2021-11-22,-0.04146561441456199
Crypto Min-Variance,2021-11-23,0.022589768710568916
Crypto Min-Variance,2021-11-24,-0.02236734572396668
Crypto Min-Variance,2021-11-25,0.01672297649672519
Crypto Min-Variance,2021-11-26,-0.0649975230476543
Crypto Min-Variance,2021-11-27,0.023015255111585187
Crypto Min-Variance,2021-11-28,0.04373047753077433
Crypto Min-Variance,2021-11-29,0.010003626795064838
Crypto Min-Variance,2021-11-30,-0.013426776043235994
Crypto Min-Variance,2021-12-01,0.003798066602453984
Crypto Min-Variance,2021-12-02,-0.012916734526557571
Crypto Min-Variance,2021-12-03,-0.05076360910466845
Crypto Min-Variance,2021-12-04,-0.08192580904552992
Crypto Min-Variance,2021-12-05,0.0023599037237506497
Crypto Min-Variance,2021-12-06,0.02480258013598421
Crypto Min-Variance,2021-12-07,0.002633492186097199
Crypto Min-Variance,2021-12-08,-0.0027932767016060375
Crypto Min-Variance,2021-12-09,-0.05527031837618819
Crypto Min-Variance,2021-12-10,-0.009643595232922022
Crypto Min-Variance,2021-12-11,0.04483929635252806
Crypto Min-Variance,2021-12-12,0.014466081289960755
Crypto Min-Variance,2021-12-13,-0.06711231539308991
Crypto Min-Variance,2021-12-14,-0.002317621150908462
Crypto Min-Variance,2021-12-15,0.048504457493467136
Crypto Min-Variance,2021-12-16,-0.025178423422400134
Crypto Min-Variance,2021-12-17,-0.03102500468586511
Crypto Min-Variance,2021-12-18,0.014147228411438749
Crypto Min-Variance,2021-12-19,-0.0030234028431063245
Crypto Min-Variance,2021-12-20,0.003791169882723812
Crypto Min-Variance,2021-12-21,0.04381434330441129
Crypto Min-Variance,2021-12-22,-0.006010779787379257
Crypto Min-Variance,2021-12-23,0.04429809010028738
Crypto Min-Variance,2021-12-24,-0.00045962213886781175
Crypto Min-Variance,2021-12-25,-0.007262789469231826
Crypto Min-Variance,2021-12-26,0.00730675493623616
Crypto Min-Variance,2021-12-27,-0.0032925734363492168
Crypto Min-Variance,2021-12-28,-0.06024217622380817
Crypto Min-Variance,2021-12-29,-0.024025535533768214
Crypto Min-Variance,2021-12-30,0.015970960869898215
Crypto Min-Variance,2021-12-31,-0.018602081473089914
Crypto Min-Variance,2022-01-01,0.029472620725562518
Crypto Min-Variance,2022-01-02,-0.0065567567168498065
Crypto Min-Variance,2022-01-03,-0.018663572017597746
Crypto Min-Variance,2022-01-04,-0.01203231950643752
Crypto Min-Variance,2022-01-05,-0.051071218623622246
Crypto Min-Variance,2022-01-06,-0.00908368816347183
Crypto Min-Variance,2022-01-07,-0.037102063557540345
Crypto Min-Variance,2022-01-08,0.003246957623796636
Crypto Min-Variance,2022-01-09,0.004380585494147318
Crypto Min-Variance,2022-01-10,-0.0030656199448687734
Crypto Min-Variance,2022-01-11,0.022057210648584808
Crypto Min-Variance,2022-01-12,0.028856339629967788
Crypto Min-Variance,2022-01-13,-0.030878861041116642
Crypto Min-Variance,2022-01-14,0.01206436227909732
Crypto Min-Variance,2022-01-15,0.0020871704007677057
Crypto Min-Variance,2022-01-16,-0.001088265010017661
Crypto Min-Variance,2022-01-17,-0.01939732130525297
Crypto Min-Variance,2022-01-18,0.0021256311433072404
Crypto Min-Variance,2022-01-19,-0.01441174682797261
Crypto Min-Variance,2022-01-20,-0.02544389226603496
Crypto Min-Variance,2022-01-21,-0.10387410143970836
Crypto Min-Variance,2022-01-22,-0.039943172815715834
Crypto Min-Variance,2022-01-23,0.03538811046846289
Crypto Min-Variance,2022-01-24,0.00901530896258709
Crypto Min-Variance,2022-01-25,0.008315007046861679
Crypto Min-Variance,2022-01-26,-0.0024740142333451237
Crypto Min-Variance,2022-01-27,0.007383130093301694
Crypto Min-Variance,2022-01-28,0.017360425873894234
Crypto Min-Variance,2022-01-29,0.010053716658959426
Crypto Min-Variance,2022-01-30,-0.006317585779356939
Crypto Min-Variance,2022-01-31,0.014872216701138797
Crypto Min-Variance,2022-02-01,0.006945603524709583
Crypto Min-Variance,2022-02-02,-0.04567262787929739
Crypto Min-Variance,2022-02-03,0.005731986890605821
Crypto Min-Variance,2022-02-04,0.11593122331235332
Crypto Min-Variance,2022-02-05,-0.0011550818416756585
Crypto Min-Variance,2022-02-06,0.023425657502980306
Crypto Min-Variance,2022-02-07,0.0350893811169035
Crypto Min-Variance,2022-02-08,0.0065216640156054925
Crypto Min-Variance,2022-02-09,0.005281455140788913
Crypto Min-Variance,2022-02-10,-0.017660737182331295
Crypto Min-Variance,2022-02-11,-0.027829349031794817
Crypto Min-Variance,2022-02-12,-0.0032838652453124327
Crypto Min-Variance,2022-02-13,-0.0008860553137438996
Crypto Min-Variance,2022-02-14,0.008918984285949335
Crypto Min-Variance,2022-02-15,0.04658772085372512
Crypto Min-Variance,2022-02-16,-0.013610285084338003
Crypto Min-Variance,2022-02-17,-0.07758358036610248
Crypto Min-Variance,2022-02-18,-0.011752320831708817
Crypto Min-Variance,2022-02-19,0.002708804306456118
Crypto Min-Variance,2022-02-20,-0.04185507382898209
Crypto Min-Variance,2022-02-21,-0.03584320837513933
Crypto Min-Variance,2022-02-22,0.03298520689087121
Crypto Min-Variance,2022-02-23,-0.02592749898925674
Crypto Min-Variance,2022-02-24,0.027025375487453436
Crypto Min-Variance,2022-02-25,0.022635620976584017
Crypto Min-Variance,2022-02-26,-0.002874349408425426
Crypto Min-Variance,2022-02-27,-0.03548610692961586
Crypto Min-Variance,2022-02-28,0.14327902132797682
Crypto Min-Variance,2022-03-01,0.026063732125423702
Crypto Min-Variance,2022-03-02,-0.00974869625266056
Crypto Min-Variance,2022-03-03,-0.03317845484917153
Crypto Min-Variance,2022-03-04,-0.07623895882934317
Crypto Min-Variance,2022-03-05,0.008032339183969438
Crypto Min-Variance,2022-03-06,-0.02493372890118379
Crypto Min-Variance,2022-03-07,-0.009109631322230641
Crypto Min-Variance,2022-03-08,0.018178051376702278
Crypto Min-Variance,2022-03-09,0.08088032438283418
Crypto Min-Variance,2022-03-10,-0.05895117895432875
Crypto Min-Variance,2022-03-11,-0.015128575569430076
Crypto Min-Variance,2022-03-12,0.0022835754030355966
Crypto Min-Variance,2022-03-13,-0.026329110426987105
Crypto Min-Variance,2022-03-14,0.046652855374045225
Crypto Min-Variance,2022-03-15,-0.007761751626278829
Crypto Min-Variance,2022-03-16,0.04454522707400251
Crypto Min-Variance,2022-03-17,-0.004665619962289607
Crypto Min-Variance,2022-03-18,0.020484156441551236
Crypto Min-Variance,2022-03-19,0.009165887610687828
Crypto Min-Variance,2022-03-20,-0.021795748794190477
Crypto Min-Variance,2022-03-21,-0.0036254179710079443
Crypto Min-Variance,2022-03-22,0.030899999863544268
Crypto Min-Variance,2022-03-23,0.012645381294693446
Crypto Min-Variance,2022-03-24,0.024632284082895854
Crypto Min-Variance,2022-03-25,0.007799305434144942
Crypto Min-Variance,2022-03-26,0.004272933004942895
Crypto Min-Variance,2022-03-27,0.051813133393678684
Crypto Min-Variance,2022-03-28,0.006286074238219476
Crypto Min-Variance,2022-03-29,0.0070219184815238965
Crypto Min-Variance,2022-03-30,-0.006223279171971579
Crypto Min-Variance,2022-03-31,-0.03089507537506854
Crypto Min-Variance,2022-04-01,0.016189269912785836
Crypto Min-Variance,2022-04-02,-0.009542418387759814
Crypto Min-Variance,2022-04-03,0.012084676651140292
Crypto Min-Variance,2022-04-04,0.0018001487465814164
Crypto Min-Variance,2022-04-05,-0.022678541403705336
Crypto Min-Variance,2022-04-06,-0.05345244856041617
Crypto Min-Variance,2022-04-07,0.007528079891558667
Crypto Min-Variance,2022-04-08,-0.028092527355889747
Crypto Min-Variance,2022-04-09,0.012262615093765118
Crypto Min-Variance,2022-04-10,-0.013854995226736512
Crypto Min-Variance,2022-04-11,-0.06395389958158691
Crypto Min-Variance,2022-04-12,0.01608076075872664
Crypto Min-Variance,2022-04-13,0.02585618110626365
Crypto Min-Variance,2022-04-14,-0.029422777763623936
Crypto Min-Variance,2022-04-15,0.016380711907769584
Crypto Min-Variance,2022-04-16,-0.0029724073866510977
Crypto Min-Variance,2022-04-17,-0.01807714514907323
Crypto Min-Variance,2022-04-18,0.027604874227053013
Crypto Min-Variance,2022-04-19,0.017177456897955443
Crypto Min-Variance,2022-04-20,-0.0035983937363635206
Crypto Min-Variance,2022-04-21,-0.012518040609152542
Crypto Min-Variance,2022-04-22,-0.021688079907665782
Crypto Min-Variance,2022-04-23,-0.005460760212170887
Crypto Min-Variance,2022-04-24,-0.0018911410299161217
Crypto Min-Variance,2022-04-25,0.023434925550876784
Crypto Min-Variance,2022-04-26,-0.05764174814600892
Crypto Min-Variance,2022-04-27,0.029015285268385115
Crypto Min-Variance,2022-04-28,0.013229833111488298
Crypto Min-Variance,2022-04-29,-0.028063494686307262
Crypto Min-Variance,2022-04-30,-0.02268768491603733
Crypto Min-Variance,2022-05-01,0.025573834266043455
Crypto Min-Variance,2022-05-02,-8.601622748868865e-06
Crypto Min-Variance,2022-05-03,-0.01657470106934622
Crypto Min-Variance,2022-05-04,0.05875096616613729
Crypto Min-Variance,2022-05-05,-0.08152730858983133
Crypto Min-Variance,2022-05-06,-0.005968252595749217
Crypto Min-Variance,2022-05-07,-0.015938518585235237
Crypto Min-Variance,2022-05-08,-0.03596734687413383
Crypto Min-Variance,2022-05-09,-0.11315393754718239
Crypto Min-Variance,2022-05-10,0.025359567208088865
Crypto Min-Variance,2022-05-11,-0.06573563202452516
Crypto Min-Variance,2022-05-12,-0.0012731872337873552
Crypto Min-Variance,2022-05-13,0.01295755012184345
Crypto Min-Variance,2022-05-14,0.02533219661921149
Crypto Min-Variance,2022-05-15,0.037879867059109375
Crypto Min-Variance,2022-05-16,-0.04604109573125689
Crypto Min-Variance,2022-05-17,0.020273567863718932
Crypto Min-Variance,2022-05-18,-0.05417120573698054
Crypto Min-Variance,2022-05-19,0.05453529731455936
Crypto Min-Variance,2022-05-20,-0.03640050360936158
Crypto Min-Variance,2022-05-21,0.00945567540363706
Crypto Min-Variance,2022-05-22,0.031510929700895966
Crypto Min-Variance,2022-05-23,-0.03954739120622657
Crypto Min-Variance,2022-05-24,0.021015541209746278
Crypto Min-Variance,2022-05-25,-0.000466090340749528
Crypto Min-Variance,2022-05-26,-0.010866094329932857
Crypto Min-Variance,2022-05-27,-0.02183569561294902
Crypto Min-Variance,2022-05-28,0.0066189610215333615
Crypto Min-Variance,2022-05-29,0.020300596649237234
Crypto Min-Variance,2022-05-30,0.07525139272866982
Crypto Min-Variance,2022-05-31,0.0025507143212383353
Crypto Min-Variance,2022-06-01,-0.06012586229740242
Crypto Min-Variance,2022-06-02,0.021789980449751813
Crypto Min-Variance,2022-06-03,-0.025590067326265807
Crypto Min-Variance,2022-06-04,0.003667416469171171
Crypto Min-Variance,2022-06-05,0.002979735549307352
Crypto Min-Variance,2022-06-06,0.046793495144749814
Crypto Min-Variance,2022-06-07,-0.006355585420108611
Crypto Min-Variance,2022-06-08,-0.029570398777102616
Crypto Min-Variance,2022-06-09,-0.0030276609076392517
Crypto Min-Variance,2022-06-10,-0.03371634867108816
Crypto Min-Variance,2022-06-11,-0.025480493800157922
Crypto Min-Variance,2022-06-12,-0.05338131833578064
Crypto Min-Variance,2022-06-13,-0.1600082926528132
Crypto Min-Variance,2022-06-14,-0.017839493678558957
Crypto Min-Variance,2022-06-15,0.02177778094466095
Crypto Min-Variance,2022-06-16,-0.0953642704879093
Crypto Min-Variance,2022-06-17,0.004827708764630526
Crypto Min-Variance,2022-06-18,-0.06681879771578937
Crypto Min-Variance,2022-06-19,0.07736332853287912
Crypto Min-Variance,2022-06-20,0.0018797263940047001
Crypto Min-Variance,2022-06-21,0.00800058056777788
Crypto Min-Variance,2022-06-22,-0.03453885657359665
Crypto Min-Variance,2022-06-23,0.05283795748993536
Crypto Min-Variance,2022-06-24,0.008188228733028002
Crypto Min-Variance,2022-06-25,0.011434034027038699
Crypto Min-Variance,2022-06-26,-0.021008326946378178
Crypto Min-Variance,2022-06-27,-0.011680884059012214
Crypto Min-Variance,2022-06-28,-0.021626347839600806
Crypto Min-Variance,2022-06-29,-0.009162910701120582
Crypto Min-Variance,2022-06-30,-0.015183868641367164
Crypto Min-Variance,2022-07-01,-0.024306484231722665
Crypto Min-Variance,2022-07-02,-0.0014871750837793477
Crypto Min-Variance,2022-07-03,0.00405176339574972
Crypto Min-Variance,2022-07-04,0.04640012429146769
Crypto Min-Variance,2022-07-05,-0.0010565367701222083
Crypto Min-Variance,2022-07-06,0.016135173604083078
Crypto Min-Variance,2022-07-07,0.05076732700861177
Crypto Min-Variance,2022-07-08,0.004393741051131091
Crypto Min-Variance,2022-07-09,-0.00530129022112436
Crypto Min-Variance,2022-07-10,-0.033734361806611775
Crypto Min-Variance,2022-07-11,-0.04269774509521935
Crypto Min-Variance,2022-07-12,-0.030501474250342928
Crypto Min-Variance,2022-07-13,0.04468532268696047
Crypto Min-Variance,2022-07-14,0.017219987416133835
Crypto Min-Variance,2022-07-15,0.012342477035507188
Crypto Min-Variance,2022-07-16,0.017604507983237136
Crypto Min-Variance,2022-07-17,-0.01951112858206246
Crypto Min-Variance,2022-07-18,0.07865186005132689
Crypto Min-Variance,2022-07-19,0.03783083692196995
Crypto Min-Variance,2022-07-20,-0.007673691504397535
Crypto Min-Variance,2022-07-21,-0.0023349561240678654
Crypto Min-Variance,2022-07-22,-0.019108273960567735
Crypto Min-Variance,2022-07-23,-0.010408645457018584
Crypto Min-Variance,2022-07-24,0.005997770486494051
Crypto Min-Variance,2022-07-25,-0.05463198255516166
Crypto Min-Variance,2022-07-26,-0.003967920626071655
Crypto Min-Variance,2022-07-27,0.07787931074741887
Crypto Min-Variance,2022-07-28,0.038390933297339794
Crypto Min-Variance,2022-07-29,-0.0019490071675339112
Crypto Min-Variance,2022-07-30,-0.005987799697582772
Crypto Min-Variance,2022-07-31,-0.012860227080836294
Crypto Min-Variance,2022-08-01,9.817115241698393e-05
Crypto Min-Variance,2022-08-02,-0.014968283005129743
Crypto Min-Variance,2022-08-03,-0.0058867355440735455
Crypto Min-Variance,2022-08-04,-0.007630463829368243
Crypto Min-Variance,2022-08-05,0.027959113726901144
Crypto Min-Variance,2022-08-06,-0.01345996444218954
Crypto Min-Variance,2022-08-07,0.008857613265998376
Crypto Min-Variance,2022-08-08,0.025913111539915233
Crypto Min-Variance,2022-08-09,-0.026835334670593364
Crypto Min-Variance,2022-08-10,0.03334095460415682
Crypto Min-Variance,2022-08-11,0.00039302837601681726
Crypto Min-Variance,2022-08-12,0.017412163993332046
Crypto Min-Variance,2022-08-13,0.00027002527535273163
Crypto Min-Variance,2022-08-14,-0.003496158528340219
Crypto Min-Variance,2022-08-15,-0.008423732319661727
Crypto Min-Variance,2022-08-16,-0.008991634804593553
Crypto Min-Variance,2022-08-17,-0.022814949552219105
Crypto Min-Variance,2022-08-18,-0.005705885306375071
Crypto Min-Variance,2022-08-19,-0.09706741304333666
Crypto Min-Variance,2022-08-20,0.014710895773779807
Crypto Min-Variance,2022-08-21,0.01638450838097139
Crypto Min-Variance,2022-08-22,-0.006288171312686975
Crypto Min-Variance,2022-08-23,0.006357478254794499
Crypto Min-Variance,2022-08-24,-0.007226421080077794
Crypto Min-Variance,2022-08-25,0.009649760641877728
Crypto Min-Variance,2022-08-26,-0.06185015621891429
Crypto Min-Variance,2022-08-27,-0.008611431100685296
Crypto Min-Variance,2022-08-28,-0.021307463636369043
Crypto Min-Variance,2022-08-29,0.034447501545004255
Crypto Min-Variance,2022-08-30,-0.021507592223169936
Crypto Min-Variance,2022-08-31,0.01050238771479871
Crypto Min-Variance,2022-09-01,0.003387743705160183
Crypto Min-Variance,2022-09-02,-0.008009919499903071
Crypto Min-Variance,2022-09-03,-0.0057643690001433785
Crypto Min-Variance,2022-09-04,0.007697575237798503
Crypto Min-Variance,2022-09-05,-0.008735682211417958
Crypto Min-Variance,2022-09-06,-0.048124240025887
Crypto Min-Variance,2022-09-07,0.023531875460499996
Crypto Min-Variance,2022-09-08,0.0011842211137756459
Crypto Min-Variance,2022-09-09,0.10088338473685586
Crypto Min-Variance,2022-09-10,0.014430759632125468
Crypto Min-Variance,2022-09-11,0.003130320902196211
Crypto Min-Variance,2022-09-12,0.025241963009432426
Crypto Min-Variance,2022-09-13,-0.08898088221386466
Crypto Min-Variance,2022-09-14,-0.0019125714509426505
Crypto Min-Variance,2022-09-15,-0.0251161927640563
Crypto Min-Variance,2022-09-16,0.00340053757483256
Crypto Min-Variance,2022-09-17,0.01782696385280225
Crypto Min-Variance,2022-09-18,-0.03424804722136091
Crypto Min-Variance,2022-09-19,0.005278395305832166
Crypto Min-Variance,2022-09-20,-0.0316650955266106
Crypto Min-Variance,2022-09-21,-0.017514802244135562
Crypto Min-Variance,2022-09-22,0.044563997664949555
Crypto Min-Variance,2022-09-23,-0.0052953612194667436
Crypto Min-Variance,2022-09-24,-0.018005995641343593
Crypto Min-Variance,2022-09-25,-0.006773136380736158
Crypto Min-Variance,2022-09-26,0.020480664966946942
Crypto Min-Variance,2022-09-27,-0.005571320770280628
Crypto Min-Variance,2022-09-28,0.015544909402928147
Crypto Min-Variance,2022-09-29,0.008766399517378665
Crypto Min-Variance,2022-09-30,-0.006701970704501736
Crypto Min-Variance,2022-10-01,-0.006384688875782161
Crypto Min-Variance,2022-10-02,-0.012147039718696207
Crypto Min-Variance,2022-10-03,0.028579504923069893
Crypto Min-Variance,2022-10-04,0.03455810854805607
Crypto Min-Variance,2022-10-05,-0.007788686364735596
Crypto Min-Variance,2022-10-06,-0.008842635097416382
Crypto Min-Variance,2022-10-07,-0.019134463124711096
Crypto Min-Variance,2022-10-08,-0.006679130920644561
Crypto Min-Variance,2022-10-09,0.00188954955155394
Crypto Min-Variance,2022-10-10,-0.013815845636101238
Crypto Min-Variance,2022-10-11,-0.00592303016806627
Crypto Min-Variance,2022-10-12,0.005300492896004172
Crypto Min-Variance,2022-10-13,0.009733865109594498
Crypto Min-Variance,2022-10-14,-0.005276544800091917
Crypto Min-Variance,2022-10-15,-0.008421021007394794
Crypto Min-Variance,2022-10-16,0.009625765177988311
Crypto Min-Variance,2022-10-17,0.014584428936354232
Crypto Min-Variance,2022-10-18,-0.010799222387123952
Crypto Min-Variance,2022-10-19,-0.009755152622002047
Crypto Min-Variance,2022-10-20,-0.003519843077231246
Crypto Min-Variance,2022-10-21,0.004961756388738765
Crypto Min-Variance,2022-10-22,0.0016763460562495538
Crypto Min-Variance,2022-10-23,0.017436323976217517
Crypto Min-Variance,2022-10-24,-0.011064847964130549
Crypto Min-Variance,2022-10-25,0.03695567140838245
Crypto Min-Variance,2022-10-26,0.03211898361915564
Crypto Min-Variance,2022-10-27,-0.021969283714087535
Crypto Min-Variance,2022-10-28,0.014752829221131856
Crypto Min-Variance,2022-10-29,0.010740283829360953
Crypto Min-Variance,2022-10-30,-0.009413756823134728
Crypto Min-Variance,2022-10-31,-0.005976790268594689
Crypto Min-Variance,2022-11-01,-0.0011448229899843148
Crypto Min-Variance,2022-11-02,-0.016255687745290296
Crypto Min-Variance,2022-11-03,0.002608526728155885
Crypto Min-Variance,2022-11-04,0.04510671052145946
Crypto Min-Variance,2022-11-05,0.0056277475527119775
Crypto Min-Variance,2022-11-06,-0.016427423079403022
Crypto Min-Variance,2022-11-07,-0.014777568329900768
Crypto Min-Variance,2022-11-08,-0.09627134177317064
Crypto Min-Variance,2022-11-09,-0.13874532540482198
Crypto Min-Variance,2022-11-10,0.10488285565132782
Crypto Min-Variance,2022-11-11,-0.031475636826991914
Crypto Min-Variance,2022-11-12,-0.014035252167611121
Crypto Min-Variance,2022-11-13,-0.03065175042910374
Crypto Min-Variance,2022-11-14,0.013458968005511066
Crypto Min-Variance,2022-11-15,0.015603976173042922
Crypto Min-Variance,2022-11-16,-0.012430226015542695
Crypto Min-Variance,2022-11-17,0.0007096840985754175
Crypto Min-Variance,2022-11-18,0.001638486570697031
Crypto Min-Variance,2022-11-19,0.003320126238875395
Crypto Min-Variance,2022-11-20,-0.02647528529498178
Crypto Min-Variance,2022-11-21,-0.02589269489883771
Crypto Min-Variance,2022-11-22,0.021953414201498912
Crypto Min-Variance,2022-11-23,0.025649410702345436
Crypto Min-Variance,2022-11-24,0.0015911521184688105
Crypto Min-Variance,2022-11-25,-0.00443317102549907
Crypto Min-Variance,2022-11-26,-0.003455191298404378
Crypto Min-Variance,2022-11-27,-0.0003504378069824227
Crypto Min-Variance,2022-11-28,-0.012957068096613204
Crypto Min-Variance,2022-11-29,0.013279883394906152
Crypto Min-Variance,2022-11-30,0.04231435457030603
Crypto Min-Variance,2022-12-01,-0.011432162367589562
Crypto Min-Variance,2022-12-02,0.006946830458947128
Crypto Min-Variance,2022-12-03,-0.010928155447892841
Crypto Min-Variance,2022-12-04,0.011074534490310359
Crypto Min-Variance,2022-12-05,-0.008007086702955312
Crypto Min-Variance,2022-12-06,0.006750102655163874
Crypto Min-Variance,2022-12-07,-0.013755255742966382
Crypto Min-Variance,2022-12-08,0.02317804154072749
Crypto Min-Variance,2022-12-09,-0.004973375370121609
Crypto Min-Variance,2022-12-10,8.758393544013832e-06
Crypto Min-Variance,2022-12-11,-0.0027734302366467737
Crypto Min-Variance,2022-12-12,0.004601331971376622
Crypto Min-Variance,2022-12-13,0.03185834013562803
Crypto Min-Variance,2022-12-14,0.003932979295834834
Crypto Min-Variance,2022-12-15,-0.02267037840601473
Crypto Min-Variance,2022-12-16,-0.042204164688446705
Crypto Min-Variance,2022-12-17,0.01150599897949653
Crypto Min-Variance,2022-12-18,-0.003903489627138615
Crypto Min-Variance,2022-12-19,-0.01743869923263188
Crypto Min-Variance,2022-12-20,0.028079064312297227
Crypto Min-Variance,2022-12-21,-0.004985838764751017
Crypto Min-Variance,2022-12-22,0.0019299534819797422
Crypto Min-Variance,2022-12-23,-0.004081178968293515
Crypto Min-Variance,2022-12-24,0.00363376191210293
Crypto Min-Variance,2022-12-25,-0.00018227465275213867
Crypto Min-Variance,2022-12-26,0.003712181412831007
Crypto Min-Variance,2022-12-27,-0.01160874941171709
Crypto Min-Variance,2022-12-28,-0.008825198155660734
Crypto Min-Variance,2022-12-29,0.004665483845696878
Crypto Min-Variance,2022-12-30,-0.00151400941171352
Crypto Min-Variance,2022-12-31,-0.0027736160268716724
Crypto Min-Variance,2023-01-01,0.004803600136026917
Crypto Min-Variance,2023-01-02,0.00403994325473151
Crypto Min-Variance,2023-01-03,-0.0010371250868806737
Crypto Min-Variance,2023-01-04,0.009745990680667902
Crypto Min-Variance,2023-01-05,-0.003321525304122299
Crypto Min-Variance,2023-01-06,0.00406389918427154
Crypto Min-Variance,2023-01-07,-0.0007142885571958165
Crypto Min-Variance,2023-01-08,0.010601994537352829
Crypto Min-Variance,2023-01-09,0.007033203694261836
Crypto Min-Variance,2023-01-10,0.013388119366217314
Crypto Min-Variance,2023-01-11,0.028307487785271673
Crypto Min-Variance,2023-01-12,0.04812406057332688
Crypto Min-Variance,2023-01-13,0.05469278267420121
Crypto Min-Variance,2023-01-14,0.051388915529223304
Crypto Min-Variance,2023-01-15,-0.003354154332748046
Crypto Min-Variance,2023-01-16,0.01260286790463569
Crypto Min-Variance,2023-01-17,-0.0014425056232853068
Crypto Min-Variance,2023-01-18,-0.024456866226085863
Crypto Min-Variance,2023-01-19,0.019262598628286328
Crypto Min-Variance,2023-01-20,0.07238937031075048
Crypto Min-Variance,2023-01-21,0.0023228986765415813
Crypto Min-Variance,2023-01-22,-0.00235089363722872
Crypto Min-Variance,2023-01-23,0.010307129351149785
Crypto Min-Variance,2023-01-24,-0.01578234873436141
Crypto Min-Variance,2023-01-25,0.021843877204281544
Crypto Min-Variance,2023-01-26,-0.0034970185085641445
Crypto Min-Variance,2023-01-27,0.004716726249375222
Crypto Min-Variance,2023-01-28,-0.002612841376371129
Crypto Min-Variance,2023-01-29,0.030224377620633132
Crypto Min-Variance,2023-01-30,-0.037839874623299276
Crypto Min-Variance,2023-01-31,0.011781578671073507
Crypto Min-Variance,2023-02-01,0.024293964860978033
Crypto Min-Variance,2023-02-02,-0.008650459204871763
Crypto Min-Variance,2023-02-03,-0.00029611262582278526
Crypto Min-Variance,2023-02-04,-0.004973363986038896
Crypto Min-Variance,2023-02-05,-0.01409475291630787
Crypto Min-Variance,2023-02-06,-0.009059226149073195
Crypto Min-Variance,2023-02-07,0.02402601263705258
Crypto Min-Variance,2023-02-08,-0.010885600833558455
Crypto Min-Variance,2023-02-09,-0.050331366965913296
Crypto Min-Variance,2023-02-10,-0.005784760530241972
Crypto Min-Variance,2023-02-11,0.009892456508146805
Crypto Min-Variance,2023-02-12,-0.0033503425260315144
Crypto Min-Variance,2023-02-13,0.0035930367875278268
Crypto Min-Variance,2023-02-14,0.018778307482726606
Crypto Min-Variance,2023-02-15,0.09062410017605012
Crypto Min-Variance,2023-02-16,-0.03091031019944288
Crypto Min-Variance,2023-02-17,0.041242862762849636
Crypto Min-Variance,2023-02-18,0.002317078667268687
Crypto Min-Variance,2023-02-19,-0.011097352112869451
Crypto Min-Variance,2023-02-20,0.020762976161827068
Crypto Min-Variance,2023-02-21,-0.017682016132890735
Crypto Min-Variance,2023-02-22,-0.009159990680344503
Crypto Min-Variance,2023-02-23,-0.008745276553665794
Crypto Min-Variance,2023-02-24,-0.030663710708809147
Crypto Min-Variance,2023-02-25,-0.0009089681975937584
Crypto Min-Variance,2023-02-26,0.017461762524555946
Crypto Min-Variance,2023-02-27,-0.001631481303976202
Crypto Min-Variance,2023-02-28,-0.014920109439152339
Crypto Min-Variance,2023-03-01,0.020653589021561777
Crypto Min-Variance,2023-03-02,-0.006830999215950955
Crypto Min-Variance,2023-03-03,-0.046224033147605675
Crypto Min-Variance,2023-03-04,-0.0010917711588119244
Crypto Min-Variance,2023-03-05,0.00417253836404143
Crypto Min-Variance,2023-03-06,-1.2044550826353147e-05
Crypto Min-Variance,2023-03-07,-0.01012441692243027
Crypto Min-Variance,2023-03-08,-0.021824258534969568
Crypto Min-Variance,2023-03-09,-0.06663488052992683
Crypto Min-Variance,2023-03-10,-0.009560436034567467
Crypto Min-Variance,2023-03-11,0.023091282316562628
Crypto Min-Variance,2023-03-12,0.07600514406058391
Crypto Min-Variance,2023-03-13,0.08638388689653548
Crypto Min-Variance,2023-03-14,0.020240518746320255
Crypto Min-Variance,2023-03-15,-0.016188287388780885
Crypto Min-Variance,2023-03-16,0.02503582706883454
Crypto Min-Variance,2023-03-17,0.08881781990446494
Crypto Min-Variance,2023-03-18,-0.01787713492577216
Crypto Min-Variance,2023-03-19,0.03712367631520835
Crypto Min-Variance,2023-03-20,-0.011216491020554192
Crypto Min-Variance,2023-03-21,0.016448433915911165
Crypto Min-Variance,2023-03-22,-0.03872123157392829
Crypto Min-Variance,2023-03-23,0.042902239308396976
Crypto Min-Variance,2023-03-24,-0.029489900542631998
Crypto Min-Variance,2023-03-25,0.0004937878751389646
Crypto Min-Variance,2023-03-26,0.01711399884510823
Crypto Min-Variance,2023-03-27,-0.028432270236150848
Crypto Min-Variance,2023-03-28,0.005258563957880682
Crypto Min-Variance,2023-03-29,0.0358015352913515
Crypto Min-Variance,2023-03-30,-0.009227138736602206
Crypto Min-Variance,2023-03-31,0.015507093008517677
Crypto Min-Variance,2023-04-01,-0.00018836724031571047
Crypto Min-Variance,2023-04-02,-0.009050843803281994
Crypto Min-Variance,2023-04-03,-0.01229290687902211
Crypto Min-Variance,2023-04-04,0.01222383284159755
Crypto Min-Variance,2023-04-05,0.0008280623168001744
Crypto Min-Variance,2023-04-06,-0.004275314172757018
Crypto Min-Variance,2023-04-07,-0.0037574259725661843
Crypto Min-Variance,2023-04-08,0.0007667963113756307
Crypto Min-Variance,2023-04-09,0.013138503851765407
Crypto Min-Variance,2023-04-10,0.04282481790109052
Crypto Min-Variance,2023-04-11,0.0162067820600571
Crypto Min-Variance,2023-04-12,-0.005038121580749243
Crypto Min-Variance,2023-04-13,0.008184453590609377
Crypto Min-Variance,2023-04-14,0.0040594362842036515
Crypto Min-Variance,2023-04-15,-0.005318352127302157
Crypto Min-Variance,2023-04-16,0.0007716244815926839
Crypto Min-Variance,2023-04-17,-0.02693072164094579
Crypto Min-Variance,2023-04-18,0.03053839343310704
Crypto Min-Variance,2023-04-19,-0.04786039886007074
Crypto Min-Variance,2023-04-20,-0.01862200324292842
Crypto Min-Variance,2023-04-21,-0.03140802793234069
Crypto Min-Variance,2023-04-22,0.019477296429477525
Crypto Min-Variance,2023-04-23,-0.006343361139067409
Crypto Min-Variance,2023-04-24,-0.0029797776235551813
Crypto Min-Variance,2023-04-25,0.02504297314863181
Crypto Min-Variance,2023-04-26,0.0025759992679726686
Crypto Min-Variance,2023-04-27,0.034121771745132985
Crypto Min-Variance,2023-04-28,-0.002619513567920894
Crypto Min-Variance,2023-04-29,-0.0007953815240470721
Crypto Min-Variance,2023-04-30,-0.000383777986693849
Crypto Min-Variance,2023-05-01,-0.034014660388025565
Crypto Min-Variance,2023-05-02,0.019871317456803678
Crypto Min-Variance,2023-05-03,0.010130124208281233
Crypto Min-Variance,2023-05-04,-0.004551058334190209
Crypto Min-Variance,2023-05-05,0.023641282067329288
Crypto Min-Variance,2023-05-06,-0.020048132400486134
Crypto Min-Variance,2023-05-07,-0.015388695878389515
Crypto Min-Variance,2023-05-08,-0.025252572939952693
Crypto Min-Variance,2023-05-09,-0.00013004177988365444
Crypto Min-Variance,2023-05-10,-0.0006825486663101356
Crypto Min-Variance,2023-05-11,-0.0227030570763199
Crypto Min-Variance,2023-05-12,-0.0042490411704278214
Crypto Min-Variance,2023-05-13,-0.0002519027874444729
Crypto Min-Variance,2023-05-14,0.004913557572575412
Crypto Min-Variance,2023-05-15,0.009988593579817219
Crypto Min-Variance,2023-05-16,-0.004631074268464728
Crypto Min-Variance,2023-05-17,0.012702700380893817
Crypto Min-Variance,2023-05-18,-0.019625469243410083
Crypto Min-Variance,2023-05-19,0.0025387179811864127
Crypto Min-Variance,2023-05-20,0.010961670685797373
Crypto Min-Variance,2023-05-21,-0.008675995700350882
Crypto Min-Variance,2023-05-22,0.007625928268684416
Crypto Min-Variance,2023-05-23,0.01287148694828079
Crypto Min-Variance,2023-05-24,-0.031367121819204966
Crypto Min-Variance,2023-05-25,0.0046695422901893175
Crypto Min-Variance,2023-05-26,0.0063276004321781544
Crypto Min-Variance,2023-05-27,0.007408778165420476
Crypto Min-Variance,2023-05-28,0.04077440231405969
Crypto Min-Variance,2023-05-29,-0.01258701664339903
Crypto Min-Variance,2023-05-30,-0.0010563435579545935
Crypto Min-Variance,2023-05-31,-0.01712554487272125
Crypto Min-Variance,2023-06-01,-0.013803337687223161
Crypto Min-Variance,2023-06-02,0.02609945814020263
Crypto Min-Variance,2023-06-03,-0.006926272645905193
Crypto Min-Variance,2023-06-04,0.0009590448797483625
Crypto Min-Variance,2023-06-05,-0.048812865952260934
Crypto Min-Variance,2023-06-06,0.05086316321314035
Crypto Min-Variance,2023-06-07,-0.03125469047090769
Crypto Min-Variance,2023-06-08,0.006564845612871314
Crypto Min-Variance,2023-06-09,-0.008836074345515227
Crypto Min-Variance,2023-06-10,-0.024797098531567568
Crypto Min-Variance,2023-06-11,0.0039773424291913995
Crypto Min-Variance,2023-06-12,6.471812117711549e-05
Crypto Min-Variance,2023-06-13,0.001942956818765972
Crypto Min-Variance,2023-06-14,-0.028705890399791312
Crypto Min-Variance,2023-06-15,0.01595926326295319
Crypto Min-Variance,2023-06-16,0.02541959687926751
Crypto Min-Variance,2023-06-17,0.00788292933527141
Crypto Min-Variance,2023-06-18,-0.008132830731403357
Crypto Min-Variance,2023-06-19,0.017134743452352073
Crypto Min-Variance,2023-06-20,0.04986454701471315
Crypto Min-Variance,2023-06-21,0.05616009637405919
Crypto Min-Variance,2023-06-22,-0.004092497626940371
Crypto Min-Variance,2023-06-23,0.025151705546318365
Crypto Min-Variance,2023-06-24,-0.005625016793838757
Crypto Min-Variance,2023-06-25,-0.0005192377269096337
Crypto Min-Variance,2023-06-26,-0.005235017015322763
Crypto Min-Variance,2023-06-27,0.013209726032803145
Crypto Min-Variance,2023-06-28,-0.018433475466221667
Crypto Min-Variance,2023-06-29,0.01166884962025017
Crypto Min-Variance,2023-06-30,0.0035554474768305882
Crypto Min-Variance,2023-07-01,0.004796821841571736
Crypto Min-Variance,2023-07-02,-0.0009385064665047102
Crypto Min-Variance,2023-07-03,0.01753108172949138
Crypto Min-Variance,2023-07-04,-0.011163470135531263
Crypto Min-Variance,2023-07-05,-0.007571984011699488
Crypto Min-Variance,2023-07-06,-0.017359566693196857
Crypto Min-Variance,2023-07-07,0.01518730985612876
Crypto Min-Variance,2023-07-08,0.00038909391809868786
Crypto Min-Variance,2023-07-09,-0.007159582984465639
Crypto Min-Variance,2023-07-10,0.007213816806485456
Crypto Min-Variance,2023-07-11,0.005656004955984732
Crypto Min-Variance,2023-07-12,-0.005881818118741729
Crypto Min-Variance,2023-07-13,0.037178300571181336
Crypto Min-Variance,2023-07-14,-0.034598474811914824
Crypto Min-Variance,2023-07-15,0.0002751142165893794
Crypto Min-Variance,2023-07-16,-0.0028194018314048955
Crypto Min-Variance,2023-07-17,-0.002819233820857484
Crypto Min-Variance,2023-07-18,-0.008753148861301473
Crypto Min-Variance,2023-07-19,0.0024121232826563076
Crypto Min-Variance,2023-07-20,-0.003018406949197405
Crypto Min-Variance,2023-07-21,0.0032939821856428045
Crypto Min-Variance,2023-07-22,0.0005901291546630064
Crypto Min-Variance,2023-07-23,0.008675869028337243
Crypto Min-Variance,2023-07-24,-0.029294958953208324
Crypto Min-Variance,2023-07-25,0.002105230705203382
Crypto Min-Variance,2023-07-26,0.004504863842541037
Crypto Min-Variance,2023-07-27,-0.004061252816909965
Crypto Min-Variance,2023-07-28,0.0069913103240739245
Crypto Min-Variance,2023-07-29,-0.0014660842248832675
Crypto Min-Variance,2023-07-30,-0.006954033659382286
Crypto Min-Variance,2023-07-31,-0.0043093262166621505
Crypto Min-Variance,2023-08-01,0.014401403574355185
Crypto Min-Variance,2023-08-02,-0.018750770171012635
Crypto Min-Variance,2023-08-03,0.001775978697985327
Crypto Min-Variance,2023-08-04,-0.003757035145732585
Crypto Min-Variance,2023-08-05,4.5828586411611275e-05
Crypto Min-Variance,2023-08-06,-0.000803912405196347
Crypto Min-Variance,2023-08-07,0.004069691318456172
Crypto Min-Variance,2023-08-08,0.017811321278080654
Crypto Min-Variance,2023-08-09,-0.006184682684190692
Crypto Min-Variance,2023-08-10,-0.003133852781746985
Crypto Min-Variance,2023-08-11,-0.00110598700187476
Crypto Min-Variance,2023-08-12,0.0009863837544983928
Crypto Min-Variance,2023-08-13,-0.00450924686347499
Crypto Min-Variance,2023-08-14,0.00428148342742972
Crypto Min-Variance,2023-08-15,-0.008885442041840668
Crypto Min-Variance,2023-08-16,-0.01674324340405375
Crypto Min-Variance,2023-08-17,-0.06567845562429468
Crypto Min-Variance,2023-08-18,-0.02000322873924102
Crypto Min-Variance,2023-08-19,0.0032825584239062214
Crypto Min-Variance,2023-08-20,0.006003303504133159
Crypto Min-Variance,2023-08-21,-0.0033923872565017146
Crypto Min-Variance,2023-08-22,-0.002660939172945235
Crypto Min-Variance,2023-08-23,0.0169031562543974
Crypto Min-Variance,2023-08-24,-0.010582532664047547
Crypto Min-Variance,2023-08-25,-0.002885942012116955
Crypto Min-Variance,2023-08-26,-0.0009890590531238916
Crypto Min-Variance,2023-08-27,0.0028871587547763264
Crypto Min-Variance,2023-08-28,-0.0011224310267584157
Crypto Min-Variance,2023-08-29,0.056386371653592345
Crypto Min-Variance,2023-08-30,-0.016266247410482347
Crypto Min-Variance,2023-08-31,-0.04262187228124494
Crypto Min-Variance,2023-09-01,-0.005407397194962733
Crypto Min-Variance,2023-09-02,0.0037994392558995563
Crypto Min-Variance,2023-09-03,0.0034431679105699758
Crypto Min-Variance,2023-09-04,-0.004722940427803658
Crypto Min-Variance,2023-09-05,-0.0011246976156857747
Crypto Min-Variance,2023-09-06,0.001315632723677975
Crypto Min-Variance,2023-09-07,0.016920549864900956
Crypto Min-Variance,2023-09-08,-0.011096328796334883
Crypto Min-Variance,2023-09-09,-0.00030273102734874766
Crypto Min-Variance,2023-09-10,-0.00339834305261485
Crypto Min-Variance,2023-09-11,-0.02407559944200754
Crypto Min-Variance,2023-09-12,0.02852729979761756
Crypto Min-Variance,2023-09-13,0.014050942636696553
Crypto Min-Variance,2023-09-14,0.014151540515585065
Crypto Min-Variance,2023-09-15,0.0027855508031021997
Crypto Min-Variance,2023-09-16,-0.002080301354854726
Crypto Min-Variance,2023-09-17,-0.001328845813104787
Crypto Min-Variance,2023-09-18,0.008256529014407498
Crypto Min-Variance,2023-09-19,0.01580503727747394
Crypto Min-Variance,2023-09-20,-0.002671100984220375
Crypto Min-Variance,2023-09-21,-0.020346702978686772
Crypto Min-Variance,2023-09-22,0.0008290959303257673
Crypto Min-Variance,2023-09-23,0.00037016998003871625
Crypto Min-Variance,2023-09-24,-0.010716518064830415
Crypto Min-Variance,2023-09-25,0.0028220807556980205
Crypto Min-Variance,2023-09-26,-0.0026625924449597215
Crypto Min-Variance,2023-09-27,0.005633069603013002
Crypto Min-Variance,2023-09-28,0.02417669695824293
Crypto Min-Variance,2023-09-29,-0.0002442452390544914
Crypto Min-Variance,2023-09-30,0.0012260877363443974
Crypto Min-Variance,2023-10-01,0.0350848352426916
Crypto Min-Variance,2023-10-02,-0.01764453435350954
Crypto Min-Variance,2023-10-03,0.0012960120859402367
Crypto Min-Variance,2023-10-04,0.009390574333172058
Crypto Min-Variance,2023-10-05,-0.013113178098262158
Crypto Min-Variance,2023-10-06,0.015655915527114986
Crypto Min-Variance,2023-10-07,0.001888611123381026
Crypto Min-Variance,2023-10-08,-0.0012048671259914027
Crypto Min-Variance,2023-10-09,-0.013559358417243476
Crypto Min-Variance,2023-10-10,-0.006039251369733964
Crypto Min-Variance,2023-10-11,-0.016975947044832542
Crypto Min-Variance,2023-10-12,-0.005433881455211027
Crypto Min-Variance,2023-10-13,0.004341011748984316
Crypto Min-Variance,2023-10-14,-0.0006151157106803127
Crypto Min-Variance,2023-10-15,0.012053249247735159
Crypto Min-Variance,2023-10-16,0.04714379031809214
Crypto Min-Variance,2023-10-17,-0.003672772370768386
Crypto Min-Variance,2023-10-18,-0.0018257643569384847
Crypto Min-Variance,2023-10-19,0.013176584011054098
Crypto Min-Variance,2023-10-20,0.030563762873878048
Crypto Min-Variance,2023-10-21,0.008088873150438517
Crypto Min-Variance,2023-10-22,0.0006219477797062701
Crypto Min-Variance,2023-10-23,0.09317882837033567
Crypto Min-Variance,2023-10-24,0.021830188909863782
Crypto Min-Variance,2023-10-25,0.01708454585726541
Crypto Min-Variance,2023-10-26,-0.009660397740855899
Crypto Min-Variance,2023-10-27,-0.005341159786402362
Crypto Min-Variance,2023-10-28,0.005568007514657971
Crypto Min-Variance,2023-10-29,0.012282829737092018
Crypto Min-Variance,2023-10-30,7.0457160315938366e-06
Crypto Min-Variance,2023-10-31,0.006181437324396158
Crypto Min-Variance,2023-11-01,0.023398265833535478
Crypto Min-Variance,2023-11-02,-0.013514253918743233
Crypto Min-Variance,2023-11-03,-0.007668711431066254
Crypto Min-Variance,2023-11-04,0.00940524441330883
Crypto Min-Variance,2023-11-05,-0.00024758904435400695
Crypto Min-Variance,2023-11-06,-0.0009385367794641565
Crypto Min-Variance,2023-11-07,0.008773241446888607
Crypto Min-Variance,2023-11-08,0.007492008517183306
Crypto Min-Variance,2023-11-09,0.02606458089830353
Crypto Min-Variance,2023-11-10,0.02414281162191015
Crypto Min-Variance,2023-11-11,-0.0020400076948865215
Crypto Min-Variance,2023-11-12,-0.0014723257059492641
Crypto Min-Variance,2023-11-13,-0.014486496945618838
Crypto Min-Variance,2023-11-14,-0.02883707424854966
Crypto Min-Variance,2023-11-15,0.059867404582984486
Crypto Min-Variance,2023-11-16,-0.04188205967522062
Crypto Min-Variance,2023-11-17,0.012255417994213532
Crypto Min-Variance,2023-11-18,-0.0010751887911270022
Crypto Min-Variance,2023-11-19,0.019731453118748334
Crypto Min-Variance,2023-11-20,-0.0007859644669857443
Crypto Min-Variance,2023-11-21,-0.04486128349997811
Crypto Min-Variance,2023-11-22,0.04603366541294057
Crypto Min-Variance,2023-11-23,-0.0022759521172357063
Crypto Min-Variance,2023-11-24,0.013351217846501864
Crypto Min-Variance,2023-11-25,0.006700498209897125
Crypto Min-Variance,2023-11-26,-0.008453979746725584
Crypto Min-Variance,2023-11-27,-0.0119775342880908
Crypto Min-Variance,2023-11-28,0.014698630650538462
Crypto Min-Variance,2023-11-29,0.001246513863074751
Crypto Min-Variance,2023-11-30,-0.003399339377122158
Crypto Min-Variance,2023-12-01,0.022176885536652684
Crypto Min-Variance,2023-12-02,0.017904632481789275
Crypto Min-Variance,2023-12-03,0.010949534549527427
Crypto Min-Variance,2023-12-04,0.04455296312941738
Crypto Min-Variance,2023-12-05,0.04343097470840442
Crypto Min-Variance,2023-12-06,-0.005204902976182626
Crypto Min-Variance,2023-12-07,-0.009748517820726442
Crypto Min-Variance,2023-12-08,0.020657304593445898
Crypto Min-Variance,2023-12-09,-0.008757525855675727
Crypto Min-Variance,2023-12-10,0.002439694544957812
Crypto Min-Variance,2023-12-11,-0.055319775277266704
Crypto Min-Variance,2023-12-12,0.004171253838345181
Crypto Min-Variance,2023-12-13,0.031163817902757095
Crypto Min-Variance,2023-12-14,0.004764235668745468
Crypto Min-Variance,2023-12-15,-0.02750244754259117
Crypto Min-Variance,2023-12-16,0.007953886982847217
Crypto Min-Variance,2023-12-17,-0.018889853320348617
Crypto Min-Variance,2023-12-18,0.025074910445913264
Crypto Min-Variance,2023-12-19,-0.0076553581054664786
Crypto Min-Variance,2023-12-20,0.031217719776258746
Crypto Min-Variance,2023-12-21,0.006777270862216881
Crypto Min-Variance,2023-12-22,0.003119139801569398
Crypto Min-Variance,2023-12-23,-0.0031354884056415872
Crypto Min-Variance,2023-12-24,-0.014897283094101536
Crypto Min-Variance,2023-12-25,0.011569879807029632
Crypto Min-Variance,2023-12-26,-0.02530691707248588
Crypto Min-Variance,2023-12-27,0.021822543759044088
Crypto Min-Variance,2023-12-28,-0.01614644443247459
Crypto Min-Variance,2023-12-29,-0.010714717587790204
Crypto Min-Variance,2023-12-30,0.0015481269060100278
Crypto Min-Variance,2023-12-31,0.004265851171442431
Crypto Risk-Parity,2021-01-01,0.011175373237259076
Crypto Risk-Parity,2021-01-02,0.024743330481259262
Crypto Risk-Parity,2021-01-03,0.11256227868797493
Crypto Risk-Parity,2021-01-04,0.04152062202891879
Crypto Risk-Parity,2021-01-05,0.04462524537076069
Crypto Risk-Parity,2021-01-06,0.1669457686215933
Crypto Risk-Parity,2021-01-07,0.014656495963126806
Crypto Risk-Parity,2021-01-08,-0.0050460045548932405
Crypto Risk-Parity,2021-01-09,0.08294208170547103
Crypto Risk-Parity,2021-01-10,-0.027143751669450204
Crypto Risk-Parity,2021-01-11,-0.12668991426653897
Crypto Risk-Parity,2021-01-12,-0.020531856191619482
Crypto Risk-Parity,2021-01-13,0.08308349099091691
Crypto Risk-Parity,2021-01-14,0.02138105947577582
Crypto Risk-Parity,2021-01-15,-0.03930261266698057
Crypto Risk-Parity,2021-01-16,0.024335990581890333
Crypto Risk-Parity,2021-01-17,0.0018654542065581485
Crypto Risk-Parity,2021-01-18,0.02596936883933973
Crypto Risk-Parity,2021-01-19,0.008510303307195948
Crypto Risk-Parity,2021-01-20,-0.006301856804068024
Crypto Risk-Parity,2021-01-21,-0.1297225125934436
Crypto Risk-Parity,2021-01-22,0.06079456156524659
Crypto Risk-Parity,2021-01-23,-0.0029380532005312075
Crypto Risk-Parity,2021-01-24,0.027611259862020746
Crypto Risk-Parity,2021-01-25,-0.021087502381434305
Crypto Risk-Parity,2021-01-26,-0.002036335786239218
Crypto Risk-Parity,2021-01-27,-0.07343068534104158
Crypto Risk-Parity,2021-01-28,0.09341020476229868
Crypto Risk-Parity,2021-01-29,0.02890259526094495
Crypto Risk-Parity,2021-01-30,0.06635458015563278
Crypto Risk-Parity,2021-01-31,-0.017899887881532378
Crypto Risk-Parity,2021-02-01,0.0175251070196744
Crypto Risk-Parity,2021-02-02,0.04152413526389071
Crypto Risk-Parity,2021-02-03,0.047915685008222464
Crypto Risk-Parity,2021-02-04,-0.01776336087825104
Crypto Risk-Parity,2021-02-05,0.08148000981394936
Crypto Risk-Parity,2021-02-06,0.02007444871716252
Crypto Risk-Parity,2021-02-07,-0.00389802851446375
Crypto Risk-Parity,2021-02-08,0.08709659280754278
Crypto Risk-Parity,2021-02-09,0.06498971105481657
Crypto Risk-Parity,2021-02-10,0.037272348012322244
Crypto Risk-Parity,2021-02-11,0.07962608840281533
Crypto Risk-Parity,2021-02-12,0.049005215729462356
Crypto Risk-Parity,2021-02-13,0.09329309053516635
Crypto Risk-Parity,2021-02-14,-0.027057643148956534
Crypto Risk-Parity,2021-02-15,-0.04416221836510297
Crypto Risk-Parity,2021-02-16,-0.00047659526816274354
Crypto Risk-Parity,2021-02-17,0.04350060390403243
Crypto Risk-Parity,2021-02-18,0.0027103368771203536
Crypto Risk-Parity,2021-02-19,0.05162465426882512
Crypto Risk-Parity,2021-02-20,-0.01780883394518991
Crypto Risk-Parity,2021-02-21,0.02453125595651121
Crypto Risk-Parity,2021-02-22,-0.06350613604383003
Crypto Risk-Parity,2021-02-23,-0.15534986164673117
Crypto Risk-Parity,2021-02-24,0.038590838020188915
Crypto Risk-Parity,2021-02-25,-0.05344678012263597
Crypto Risk-Parity,2021-02-26,-0.0002580418647723467
Crypto Risk-Parity,2021-02-27,0.02838356602063764
Crypto Risk-Parity,2021-02-28,-0.04236626392869806
Crypto Risk-Parity,2021-03-01,0.06789351094518134
Crypto Risk-Parity,2021-03-02,-0.016562428688613202
Crypto Risk-Parity,2021-03-03,0.034623291740903936
Crypto Risk-Parity,2021-03-04,-0.015554624061048695
Crypto Risk-Parity,2021-03-05,-0.008024631579566524
Crypto Risk-Parity,2021-03-06,0.009933362127896334
Crypto Risk-Parity,2021-03-07,0.02948164416471586
Crypto Risk-Parity,2021-03-08,0.018165426804646022
Crypto Risk-Parity,2021-03-09,0.042872027494408445
Crypto Risk-Parity,2021-03-10,-0.025845557723189527
Crypto Risk-Parity,2021-03-11,0.003973025206848344
Crypto Risk-Parity,2021-03-12,-0.01878774178594675
Crypto Risk-Parity,2021-03-13,0.07818666252290737
Crypto Risk-Parity,2021-03-14,-0.04703945931083956
Crypto Risk-Parity,2021-03-15,-0.03715359791347782
Crypto Risk-Parity,2021-03-16,0.0411636066690504
Crypto Risk-Parity,2021-03-17,0.030761271829892786
Crypto Risk-Parity,2021-03-18,-0.022417476760879164
Crypto Risk-Parity,2021-03-19,0.01944823795252912
Crypto Risk-Parity,2021-03-20,0.01760503978330362
Crypto Risk-Parity,2021-03-21,-0.015373828697249455
Crypto Risk-Parity,2021-03-22,-0.031335960763207604
Crypto Risk-Parity,2021-03-23,0.0066767759069991444
Crypto Risk-Parity,2021-03-24,-0.06505071808790054
Crypto Risk-Parity,2021-03-25,-0.0021023930279291747
Crypto Risk-Parity,2021-03-26,0.08744465072900708
Crypto Risk-Parity,2021-03-27,-0.00750088773248918
Crypto Risk-Parity,2021-03-28,0.003378030331055221
Crypto Risk-Parity,2021-03-29,0.03784342512812568
Crypto Risk-Parity,2021-03-30,0.013971137982383423
Crypto Risk-Parity,2021-03-31,0.06715459539679483
Crypto Risk-Parity,2021-04-01,0.026327293664249445
Crypto Risk-Parity,2021-04-02,0.05195195248184468
Crypto Risk-Parity,2021-04-03,-0.048350173526978166
Crypto Risk-Parity,2021-04-04,0.07883686570610739
Crypto Risk-Parity,2021-04-05,0.10619709580771686
Crypto Risk-Parity,2021-04-06,0.03174095533529449
Crypto Risk-Parity,2021-04-07,-0.07487059402405052
Crypto Risk-Parity,2021-04-08,0.06574417675883756
Crypto Risk-Parity,2021-04-09,-0.02537775886206124
Crypto Risk-Parity,2021-04-10,0.09889013801397842
Crypto Risk-Parity,2021-04-11,0.010153186840285324
Crypto Risk-Parity,2021-04-12,0.0011943624178912355
Crypto Risk-Parity,2021-04-13,0.10765990110705005
Crypto Risk-Parity,2021-04-14,0.024760406380649844
Crypto Risk-Parity,2021-04-15,0.05940479868255828
Crypto Risk-Parity,2021-04-16,0.04622323902612257
Crypto Risk-Parity,2021-04-17,-0.03060901612111974
Crypto Risk-Parity,2021-04-18,-0.0741558576968805
Crypto Risk-Parity,2021-04-19,-0.060184979017639716
Crypto Risk-Parity,2021-04-20,0.03215336847847121
Crypto Risk-Parity,2021-04-21,-0.041215330004379894
Crypto Risk-Parity,2021-04-22,-0.0481678217061243
Crypto Risk-Parity,2021-04-23,-0.016529182838643297
Crypto Risk-Parity,2021-04-24,-0.06597856288079604
Crypto Risk-Parity,2021-04-25,-0.009116991828926514
Crypto Risk-Parity,2021-04-26,0.14852251235816077
Crypto Risk-Parity,2021-04-27,0.041879815236802884
Crypto Risk-Parity,2021-04-28,0.0012943598652024597
Crypto Risk-Parity,2021-04-29,-0.010725445141368504
Crypto Risk-Parity,2021-04-30,0.07586755153873503
Crypto Risk-Parity,2021-05-01,0.03823463947023896
Crypto Risk-Parity,2021-05-02,-0.015047258686405827
Crypto Risk-Parity,2021-05-03,0.05547807328143519
Crypto Risk-Parity,2021-05-04,-0.02327823018559496
Crypto Risk-Parity,2021-05-05,0.22163475081843764
Crypto Risk-Parity,2021-05-06,0.08825193537072103
Crypto Risk-Parity,2021-05-07,-0.03390647259501711
Crypto Risk-Parity,2021-05-08,0.01665853297763303
Crypto Risk-Parity,2021-05-09,0.01613072075892697
Crypto Risk-Parity,2021-05-10,-0.06251777099190263
Crypto Risk-Parity,2021-05-11,0.1156816189882907
Crypto Risk-Parity,2021-05-12,-0.1754205424756309
Crypto Risk-Parity,2021-05-13,0.058351242428011915
Crypto Risk-Parity,2021-05-14,0.05185417982923489
Crypto Risk-Parity,2021-05-15,-0.042402825488912964
Crypto Risk-Parity,2021-05-16,0.0018213104581110136
Crypto Risk-Parity,2021-05-17,-0.06616269050905325
Crypto Risk-Parity,2021-05-18,0.015694180514309375
Crypto Risk-Parity,2021-05-19,-0.2946212817796902
Crypto Risk-Parity,2021-05-20,0.14497343366093793
Crypto Risk-Parity,2021-05-21,-0.13757859151513904
Crypto Risk-Parity,2021-05-22,-0.05757399996390321
Crypto Risk-Parity,2021-05-23,-0.11147142754753021
Crypto Risk-Parity,2021-05-24,0.24599189608890687
Crypto Risk-Parity,2021-05-25,0.0030778158669310714
Crypto Risk-Parity,2021-05-26,0.06867681801646347
Crypto Risk-Parity,2021-05-27,-0.03578694806921712
Crypto Risk-Parity,2021-05-28,-0.08370048513299684
Crypto Risk-Parity,2021-05-29,-0.05531230382664041
Crypto Risk-Parity,2021-05-30,0.04550109196231515
Crypto Risk-Parity,2021-05-31,0.0882888321281281
Crypto Risk-Parity,2021-06-01,-0.018954831835239376
Crypto Risk-Parity,2021-06-02,0.016633883281280338
Crypto Risk-Parity,2021-06-03,0.03548853293629419
Crypto Risk-Parity,2021-06-04,-0.06911593133881994
Crypto Risk-Parity,2021-06-05,-0.03153372364038034
Crypto Risk-Parity,2021-06-06,0.017667765861879337
Crypto Risk-Parity,2021-06-07,-0.08037840936218585
Crypto Risk-Parity,2021-06-08,-0.0012426410417893238
Crypto Risk-Parity,2021-06-09,0.05995024750465408
Crypto Risk-Parity,2021-06-10,-0.044744999634752654
Crypto Risk-Parity,2021-06-11,-0.03182142201394496
Crypto Risk-Parity,2021-06-12,-0.008325562697558932
Crypto Risk-Parity,2021-06-13,0.0628826726546911
Crypto Risk-Parity,2021-06-14,0.013130526227999416
Crypto Risk-Parity,2021-06-15,0.012223110436631993
Crypto Risk-Parity,2021-06-16,-0.06866754237185185
Crypto Risk-Parity,2021-06-17,0.009055085192782964
Crypto Risk-Parity,2021-06-18,-0.05776971844972736
Crypto Risk-Parity,2021-06-19,-0.01952489403621426
Crypto Risk-Parity,2021-06-20,0.01116060915736301
Crypto Risk-Parity,2021-06-21,-0.18471939242706997
Crypto Risk-Parity,2021-06-22,-0.030681563512070045
Crypto Risk-Parity,2021-06-23,0.08232720699502515
Crypto Risk-Parity,2021-06-24,0.059613834964174765
Crypto Risk-Parity,2021-06-25,-0.08078816610503653
Crypto Risk-Parity,2021-06-26,0.012126191182782829
Crypto Risk-Parity,2021-06-27,0.05525099210645888
Crypto Risk-Parity,2021-06-28,0.017473271951453692
Crypto Risk-Parity,2021-06-29,0.07261994522698656
Crypto Risk-Parity,2021-06-30,0.008746685964027626
Crypto Risk-Parity,2021-07-01,-0.052217260040088455
Crypto Risk-Parity,2021-07-02,0.007449908415641631
Crypto Risk-Parity,2021-07-03,0.022593416147523967
Crypto Risk-Parity,2021-07-04,0.02225116853396355
Crypto Risk-Parity,2021-07-05,-0.04725394484100292
Crypto Risk-Parity,2021-07-06,0.018351746633826334
Crypto Risk-Parity,2021-07-07,-0.013154070477160247
Crypto Risk-Parity,2021-07-08,-0.0491530002796158
Crypto Risk-Parity,2021-07-09,0.030762644808608675
Crypto Risk-Parity,2021-07-10,-0.015156761362014616
Crypto Risk-Parity,2021-07-11,0.011565474285396098
Crypto Risk-Parity,2021-07-12,-0.022673665776820215
Crypto Risk-Parity,2021-07-13,-0.031215395393787853
Crypto Risk-Parity,2021-07-14,0.005714731656573619
Crypto Risk-Parity,2021-07-15,-0.033723054253991074
Crypto Risk-Parity,2021-07-16,-0.023917756274289468
Crypto Risk-Parity,2021-07-17,-0.0015381426475788863
Crypto Risk-Parity,2021-07-18,0.003175147284476763
Crypto Risk-Parity,2021-07-19,-0.04727088656359999
Crypto Risk-Parity,2021-07-20,-0.03917437843515539
Crypto Risk-Parity,2021-07-21,0.08429138689852146
Crypto Risk-Parity,2021-07-22,0.03287307617590837
Crypto Risk-Parity,2021-07-23,0.030847417406654018
Crypto Risk-Parity,2021-07-24,0.02098736511054991
Crypto Risk-Parity,2021-07-25,0.0010100441014758632
Crypto Risk-Parity,2021-07-26,0.025903996464441102
Crypto Risk-Parity,2021-07-27,0.02841055756393429
Crypto Risk-Parity,2021-07-28,0.02465412760469144
Crypto Risk-Parity,2021-07-29,0.017374705573073697
Crypto Risk-Parity,2021-07-30,0.03071498897542953
Crypto Risk-Parity,2021-07-31,0.004238831505395462
Crypto Risk-Parity,2021-08-01,-0.022935316062371043
Crypto Risk-Parity,2021-08-02,0.008589349330474491
Crypto Risk-Parity,2021-08-03,-0.01615749522901042
Crypto Risk-Parity,2021-08-04,0.037154392977483075
Crypto Risk-Parity,2021-08-05,0.01747535966020896
Crypto Risk-Parity,2021-08-06,0.02398801893821387
Crypto Risk-Parity,2021-08-07,0.06850130636640467
Crypto Risk-Parity,2021-08-08,-0.042836869774620895
Crypto Risk-Parity,2021-08-09,0.054014013863231
Crypto Risk-Parity,2021-08-10,0.017280261814847677
Crypto Risk-Parity,2021-08-11,0.05912988276308264
Crypto Risk-Parity,2021-08-12,-0.021866423638814546
Crypto Risk-Parity,2021-08-13,0.09908070470396182
Crypto Risk-Parity,2021-08-14,0.04071458259617937
Crypto Risk-Parity,2021-08-15,0.016876229389651786
Crypto Risk-Parity,2021-08-16,-0.04266480687656823
Crypto Risk-Parity,2021-08-17,-0.062125197736999496
Crypto Risk-Parity,2021-08-18,0.012728139487464266
Crypto Risk-Parity,2021-08-19,0.06117123442330083
Crypto Risk-Parity,2021-08-20,0.03929545470671975
Crypto Risk-Parity,2021-08-21,-0.022822903472935703
Crypto Risk-Parity,2021-08-22,0.018688047153380412
Crypto Risk-Parity,2021-08-23,0.02019836268210643
Crypto Risk-Parity,2021-08-24,-0.06508073776726797
Crypto Risk-Parity,2021-08-25,0.0219558179488788
Crypto Risk-Parity,2021-08-26,-0.05959231229247924
Crypto Risk-Parity,2021-08-27,0.07118880762096874
Crypto Risk-Parity,2021-08-28,-0.010166673655723261
Crypto Risk-Parity,2021-08-29,-0.00033036553774167454
Crypto Risk-Parity,2021-08-30,-0.03380631761746934
Crypto Risk-Parity,2021-08-31,0.0323383933424992
Crypto Risk-Parity,2021-09-01,0.05533252131041715
Crypto Risk-Parity,2021-09-02,0.012054012919228148
Crypto Risk-Parity,2021-09-03,0.044637164912371644
Crypto Risk-Parity,2021-09-04,-0.009879873378713076
Crypto Risk-Parity,2021-09-05,0.054181769610410956
Crypto Risk-Parity,2021-09-06,0.005891758834677239
Crypto Risk-Parity,2021-09-07,-0.1631588840267583
Crypto Risk-Parity,2021-09-08,0.0009840261291436166
Crypto Risk-Parity,2021-09-09,0.0025591758369708957
Crypto Risk-Parity,2021-09-10,-0.041581074238537775
Crypto Risk-Parity,2021-09-11,0.0290148585009453
Crypto Risk-Parity,2021-09-12,0.03893871622095254
Crypto Risk-Parity,2021-09-13,-0.0422186809803264
Crypto Risk-Parity,2021-09-14,0.04055972002867124
Crypto Risk-Parity,2021-09-15,0.03333775099925667
Crypto Risk-Parity,2021-09-16,-0.021819063154448114
Crypto Risk-Parity,2021-09-17,-0.028675953782689573
Crypto Risk-Parity,2021-09-18,0.01464610133754192
Crypto Risk-Parity,2021-09-19,-0.034322225299171207
Crypto Risk-Parity,2021-09-20,-0.11262934580524779
Crypto Risk-Parity,2021-09-21,-0.05288769291243182
Crypto Risk-Parity,2021-09-22,0.1072514754623527
Crypto Risk-Parity,2021-09-23,0.017270846459008907
Crypto Risk-Parity,2021-09-24,-0.06133317053882576
Crypto Risk-Parity,2021-09-25,-0.00425961752572616
Crypto Risk-Parity,2021-09-26,-0.004747099050829568
Crypto Risk-Parity,2021-09-27,-0.03062430788928298
Crypto Risk-Parity,2021-09-28,-0.03300061570848688
Crypto Risk-Parity,2021-09-29,0.02443856749554058
Crypto Risk-Parity,2021-09-30,0.04093761405537326
Crypto Risk-Parity,2021-10-01,0.08644490528583695
Crypto Risk-Parity,2021-10-02,0.011678673840149624
Crypto Risk-Parity,2021-10-03,0.01501166974558211
Crypto Risk-Parity,2021-10-04,-0.012832337690180369
Crypto Risk-Parity,2021-10-05,0.03944212903020622
Crypto Risk-Parity,2021-10-06,0.02863432291484534
Crypto Risk-Parity,2021-10-07,-0.007144117964717079
Crypto Risk-Parity,2021-10-08,-0.008580328357008777
Crypto Risk-Parity,2021-10-09,0.036816689391437216
Crypto Risk-Parity,2021-10-10,-0.03688746304754028
Crypto Risk-Parity,2021-10-11,0.018262745210142577
Crypto Risk-Parity,2021-10-12,-0.024494200349547555
Crypto Risk-Parity,2021-10-13,0.03151107302031954
Crypto Risk-Parity,2021-10-14,0.008049439252032525
Crypto Risk-Parity,2021-10-15,0.024574115706275875
Crypto Risk-Parity,2021-10-16,0.001499121957512594
Crypto Risk-Parity,2021-10-17,-0.013215238617554685
Crypto Risk-Parity,2021-10-18,-0.004827329212505406
Crypto Risk-Parity,2021-10-19,0.014774294533271625
Crypto Risk-Parity,2021-10-20,0.04995795010663762
Crypto Risk-Parity,2021-10-21,-0.03579669354888901
Crypto Risk-Parity,2021-10-22,-0.010471754204333564
Crypto Risk-Parity,2021-10-23,0.01924630971416362
Crypto Risk-Parity,2021-10-24,-0.014636774289342491
Crypto Risk-Parity,2021-10-25,0.0196682456765227
Crypto Risk-Parity,2021-10-26,-0.014319742332433454
Crypto Risk-Parity,2021-10-27,-0.08746294531331504
Crypto Risk-Parity,2021-10-28,0.055852595006686226
Crypto Risk-Parity,2021-10-29,0.02906485560199181
Crypto Risk-Parity,2021-10-30,-0.010555647851356695
Crypto Risk-Parity,2021-10-31,0.012436471009893493
Crypto Risk-Parity,2021-11-01,-0.003938094537568271
Crypto Risk-Parity,2021-11-02,0.033916844985477215
Crypto Risk-Parity,2021-11-03,0.015475441086640222
Crypto Risk-Parity,2021-11-04,-0.025253133673609002
Crypto Risk-Parity,2021-11-05,-0.009832285468454447
Crypto Risk-Parity,2021-11-06,-0.0032839481624205935
Crypto Risk-Parity,2021-11-07,0.02396323093724271
Crypto Risk-Parity,2021-11-08,0.06083491340332322
Crypto Risk-Parity,2021-11-09,0.053197340798084525
Crypto Risk-Parity,2021-11-10,-0.05000636698034306
Crypto Risk-Parity,2021-11-11,0.010890025649936
Crypto Risk-Parity,2021-11-12,-0.020525538988214336
Crypto Risk-Parity,2021-11-13,0.011741752677398656
Crypto Risk-Parity,2021-11-14,0.012465676986722324
Crypto Risk-Parity,2021-11-15,-0.015225890579912431
Crypto Risk-Parity,2021-11-16,-0.0837091057895981
Crypto Risk-Parity,2021-11-17,0.005112799279340838
Crypto Risk-Parity,2021-11-18,-0.0665644878300701
Crypto Risk-Parity,2021-11-19,0.0487966874849442
Crypto Risk-Parity,2021-11-20,0.01695665711830024
Crypto Risk-Parity,2021-11-21,-0.01872807495701262
Crypto Risk-Parity,2021-11-22,-0.037313351798957145
Crypto Risk-Parity,2021-11-23,0.022766914029850406
Crypto Risk-Parity,2021-11-24,-0.0249103625695611
Crypto Risk-Parity,2021-11-25,0.009328494967743718
Crypto Risk-Parity,2021-11-26,-0.06653059546057785
Crypto Risk-Parity,2021-11-27,0.012102636205266398
Crypto Risk-Parity,2021-11-28,0.023454227796049602
Crypto Risk-Parity,2021-11-29,0.017863268319955668
Crypto Risk-Parity,2021-11-30,0.0024481089368430134
Crypto Risk-Parity,2021-12-01,-0.004238929016845571
Crypto Risk-Parity,2021-12-02,0.002464991930373233
Crypto Risk-Parity,2021-12-03,-0.05510101744979486
Crypto Risk-Parity,2021-12-04,-0.09677678286764038
Crypto Risk-Parity,2021-12-05,-0.022839204168189187
Crypto Risk-Parity,2021-12-06,0.03872615460349028
Crypto Risk-Parity,2021-12-07,-0.004945989517591888
Crypto Risk-Parity,2021-12-08,0.03378574826972282
Crypto Risk-Parity,2021-12-09,-0.06846791765384756
Crypto Risk-Parity,2021-12-10,-0.035918762876484586
Crypto Risk-Parity,2021-12-11,0.06082888219436531
Crypto Risk-Parity,2021-12-12,0.0016965206573623232
Crypto Risk-Parity,2021-12-13,-0.07995805406610322
Crypto Risk-Parity,2021-12-14,0.010268443085585869
Crypto Risk-Parity,2021-12-15,0.04919287377503238
Crypto Risk-Parity,2021-12-16,-0.032023233911864145
Crypto Risk-Parity,2021-12-17,-0.025488759115605032
Crypto Risk-Parity,2021-12-18,0.019775589797140808
Crypto Risk-Parity,2021-12-19,-0.0021178694508218335
Crypto Risk-Parity,2021-12-20,0.0025062362336870925
Crypto Risk-Parity,2021-12-21,0.03340223101244276
Crypto Risk-Parity,2021-12-22,0.004826584069809655
Crypto Risk-Parity,2021-12-23,0.05247926856208644
Crypto Risk-Parity,2021-12-24,-0.02425479155145345
Crypto Risk-Parity,2021-12-25,0.010852170108069922
Crypto Risk-Parity,2021-12-26,-0.0014246492558450572
Crypto Risk-Parity,2021-12-27,0.006191680134185255
Crypto Risk-Parity,2021-12-28,-0.06559740536752824
Crypto Risk-Parity,2021-12-29,-0.02846673658942838
Crypto Risk-Parity,2021-12-30,0.017136968518210456
Crypto Risk-Parity,2021-12-31,-0.015695659531285204
Crypto Risk-Parity,2022-01-01,0.029060346337616456
Crypto Risk-Parity,2022-01-02,0.01388657972582925
Crypto Risk-Parity,2022-01-03,-0.02057259840285884
Crypto Risk-Parity,2022-01-04,-0.011415969942294652
Crypto Risk-Parity,2022-01-05,-0.06136314456432198
Crypto Risk-Parity,2022-01-06,-0.0017386828514443387
Crypto Risk-Parity,2022-01-07,-0.04079362083696533
Crypto Risk-Parity,2022-01-08,-0.019614312358738856
Crypto Risk-Parity,2022-01-09,0.009092150470656384
Crypto Risk-Parity,2022-01-10,-0.028572720995055027
Crypto Risk-Parity,2022-01-11,0.03382335726183612
Crypto Risk-Parity,2022-01-12,0.052754572749037096
Crypto Risk-Parity,2022-01-13,-0.0343382519534926
Crypto Risk-Parity,2022-01-14,0.025284536457762453
Crypto Risk-Parity,2022-01-15,0.008544981038307933
Crypto Risk-Parity,2022-01-16,0.006732658950146011
Crypto Risk-Parity,2022-01-17,0.00016470908424399164
Crypto Risk-Parity,2022-01-18,-0.015575417987152344
Crypto Risk-Parity,2022-01-19,-0.028044678063309587
Crypto Risk-Parity,2022-01-20,-0.041238979208996246
Crypto Risk-Parity,2022-01-21,-0.11546944279213438
Crypto Risk-Parity,2022-01-22,-0.05766458821721111
Crypto Risk-Parity,2022-01-23,0.038762147212823735
Crypto Risk-Parity,2022-01-24,-0.026736431245026088
Crypto Risk-Parity,2022-01-25,0.0008821338007058145
Crypto Risk-Parity,2022-01-26,0.004793583129379787
Crypto Risk-Parity,2022-01-27,-0.008010797546431277
Crypto Risk-Parity,2022-01-28,0.025058433122008058
Crypto Risk-Parity,2022-01-29,0.01485217898967596
Crypto Risk-Parity,2022-01-30,-0.016465524967992223
Crypto Risk-Parity,2022-01-31,0.014813678335944833
Crypto Risk-Parity,2022-02-01,0.02260730206633425
Crypto Risk-Parity,2022-02-02,-0.03981325762218628
Crypto Risk-Parity,2022-02-03,0.014659529566784117
Crypto Risk-Parity,2022-02-04,0.08936479376081308
Crypto Risk-Parity,2022-02-05,0.008660961667733575
Crypto Risk-Parity,2022-02-06,0.024469410714691414
Crypto Risk-Parity,2022-02-07,0.06738453702868266
Crypto Risk-Parity,2022-02-08,-0.0020811284634967573
Crypto Risk-Parity,2022-02-09,0.019323345852036218
Crypto Risk-Parity,2022-02-10,-0.02623324276776712
Crypto Risk-Parity,2022-02-11,-0.05795847281451709
Crypto Risk-Parity,2022-02-12,0.004112106526790626
Crypto Risk-Parity,2022-02-13,-0.0011622465741036024
Crypto Risk-Parity,2022-02-14,-0.0035296321463547733
Crypto Risk-Parity,2022-02-15,0.05504093634276395
Crypto Risk-Parity,2022-02-16,-0.015451516840662649
Crypto Risk-Parity,2022-02-17,-0.07758883518438126
Crypto Risk-Parity,2022-02-18,-0.008349307739044624
Crypto Risk-Parity,2022-02-19,0.0054082039854287415
Crypto Risk-Parity,2022-02-20,-0.04329202743109066
Crypto Risk-Parity,2022-02-21,-0.060289212735809214
Crypto Risk-Parity,2022-02-22,0.03869478571376589
Crypto Risk-Parity,2022-02-23,-0.021190763832109577
Crypto Risk-Parity,2022-02-24,0.0031658553953548114
Crypto Risk-Parity,2022-02-25,0.04134808629613343
Crypto Risk-Parity,2022-02-26,0.0022726149269332247
Crypto Risk-Parity,2022-02-27,-0.041200246915487335
Crypto Risk-Parity,2022-02-28,0.1034227905049404
Crypto Risk-Parity,2022-03-01,0.004758252395435825
Crypto Risk-Parity,2022-03-02,-0.018153228974162727
Crypto Risk-Parity,2022-03-03,-0.020607679155288036
Crypto Risk-Parity,2022-03-04,-0.06980986849716685
Crypto Risk-Parity,2022-03-05,0.024402302961566518
Crypto Risk-Parity,2022-03-06,-0.036122497297027475
Crypto Risk-Parity,2022-03-07,-0.017348741984860583
Crypto Risk-Parity,2022-03-08,0.019249133729476862
Crypto Risk-Parity,2022-03-09,0.06206815673459882
Crypto Risk-Parity,2022-03-10,-0.0458193528361053
Crypto Risk-Parity,2022-03-11,0.00559018127040716
Crypto Risk-Parity,2022-03-12,-8.573211174267245e-05
Crypto Risk-Parity,2022-03-13,-0.02633757456330721
Crypto Risk-Parity,2022-03-14,0.026949456826072905
Crypto Risk-Parity,2022-03-15,0.002401572136557252
Crypto Risk-Parity,2022-03-16,0.041664211765871345
Crypto Risk-Parity,2022-03-17,-0.002064371083986424
Crypto Risk-Parity,2022-03-18,0.022932796217568756
Crypto Risk-Parity,2022-03-19,0.04506151398585949
Crypto Risk-Parity,2022-03-20,-0.0030926258697375067
Crypto Risk-Parity,2022-03-21,0.02188483210391985
Crypto Risk-Parity,2022-03-22,0.05955486284561224
Crypto Risk-Parity,2022-03-23,0.013257704086678371
Crypto Risk-Parity,2022-03-24,0.024541052070443974
Crypto Risk-Parity,2022-03-25,-0.010423240881337935
Crypto Risk-Parity,2022-03-26,0.009837706123791107
Crypto Risk-Parity,2022-03-27,0.042978938465215145
Crypto Risk-Parity,2022-03-28,0.004118545867472936
Crypto Risk-Parity,2022-03-29,0.013590833776591814
Crypto Risk-Parity,2022-03-30,0.008640051544654968
Crypto Risk-Parity,2022-03-31,-0.03064023313845778
Crypto Risk-Parity,2022-04-01,0.014088591264138
Crypto Risk-Parity,2022-04-02,-0.009977928483530431
Crypto Risk-Parity,2022-04-03,0.018719249847381863
Crypto Risk-Parity,2022-04-04,-0.006340427529104162
Crypto Risk-Parity,2022-04-05,-0.027863784414072886
Crypto Risk-Parity,2022-04-06,-0.08878759823351079
Crypto Risk-Parity,2022-04-07,0.033731225733018
Crypto Risk-Parity,2022-04-08,-0.040385405690282476
Crypto Risk-Parity,2022-04-09,0.018122816421600407
Crypto Risk-Parity,2022-04-10,-0.016761609953336018
Crypto Risk-Parity,2022-04-11,-0.07924799103622632
Crypto Risk-Parity,2022-04-12,0.027400844101869274
Crypto Risk-Parity,2022-04-13,0.03607627435250049
Crypto Risk-Parity,2022-04-14,-0.024250683010851155
Crypto Risk-Parity,2022-04-15,0.029774598121665417
Crypto Risk-Parity,2022-04-16,0.01276623500703233
Crypto Risk-Parity,2022-04-17,-0.03685325944003934
Crypto Risk-Parity,2022-04-18,0.022641512153327
Crypto Risk-Parity,2022-04-19,0.02086818140726
Crypto Risk-Parity,2022-04-20,-0.011853325939579109
Crypto Risk-Parity,2022-04-21,-0.018752138432705602
Crypto Risk-Parity,2022-04-22,-0.01278987385622119
Crypto Risk-Parity,2022-04-23,-0.01201075232333842
Crypto Risk-Parity,2022-04-24,-0.012858222113208213
Crypto Risk-Parity,2022-04-25,0.011062762395299937
Crypto Risk-Parity,2022-04-26,-0.06743679503885597
Crypto Risk-Parity,2022-04-27,0.024599499937315028
Crypto Risk-Parity,2022-04-28,0.009293436638677691
Crypto Risk-Parity,2022-04-29,-0.03579671090725024
Crypto Risk-Parity,2022-04-30,-0.050296717922573494
Crypto Risk-Parity,2022-05-01,0.04652939335960584
Crypto Risk-Parity,2022-05-02,-0.002902659992151133
Crypto Risk-Parity,2022-05-03,-0.010648504381614526
Crypto Risk-Parity,2022-05-04,0.09580750899575717
Crypto Risk-Parity,2022-05-05,-0.08780683823759655
Crypto Risk-Parity,2022-05-06,0.009809966370889798
Crypto Risk-Parity,2022-05-07,-0.02528078018817041
Crypto Risk-Parity,2022-05-08,-0.019854693225252126
Crypto Risk-Parity,2022-05-09,-0.13731768882010123
Crypto Risk-Parity,2022-05-10,0.03521758932897501
Crypto Risk-Parity,2022-05-11,-0.1381291938217229
Crypto Risk-Parity,2022-05-12,-0.046365828498098095
Crypto Risk-Parity,2022-05-13,0.06371564444748046
Crypto Risk-Parity,2022-05-14,0.020875197767557935
Crypto Risk-Parity,2022-05-15,0.04151419642312043
Crypto Risk-Parity,2022-05-16,-0.05865359149751672
Crypto Risk-Parity,2022-05-17,0.04258824955127556
Crypto Risk-Parity,2022-05-18,-0.07765811360735426
Crypto Risk-Parity,2022-05-19,0.04821944503499763
Crypto Risk-Parity,2022-05-20,-0.03203100716563964
Crypto Risk-Parity,2022-05-21,0.016115748516030433
Crypto Risk-Parity,2022-05-22,0.03459367180699342
Crypto Risk-Parity,2022-05-23,-0.03346087743750292
Crypto Risk-Parity,2022-05-24,0.030769131779223767
Crypto Risk-Parity,2022-05-25,-0.008427321846460632
Crypto Risk-Parity,2022-05-26,-0.048542748117675456
Crypto Risk-Parity,2022-05-27,-0.02863568897109241
Crypto Risk-Parity,2022-05-28,0.017127434744157424
Crypto Risk-Parity,2022-05-29,0.026969434529001586
Crypto Risk-Parity,2022-05-30,0.08373782827655106
Crypto Risk-Parity,2022-05-31,0.011138587854724635
Crypto Risk-Parity,2022-06-01,-0.06982872053089813
Crypto Risk-Parity,2022-06-02,0.023738452759341756
Crypto Risk-Parity,2022-06-03,-0.02648309557137101
Crypto Risk-Parity,2022-06-04,0.007030525628831034
Crypto Risk-Parity,2022-06-05,-0.0034084979309504677
Crypto Risk-Parity,2022-06-06,0.030116396810292354
Crypto Risk-Parity,2022-06-07,-0.011438627703014678
Crypto Risk-Parity,2022-06-08,-0.014383329054461144
Crypto Risk-Parity,2022-06-09,-0.00603334430301127
Crypto Risk-Parity,2022-06-10,-0.05154884739597421
Crypto Risk-Parity,2022-06-11,-0.05724655793680563
Crypto Risk-Parity,2022-06-12,-0.05728482165588902
Crypto Risk-Parity,2022-06-13,-0.1290200658257418
Crypto Risk-Parity,2022-06-14,0.00899762695775048
Crypto Risk-Parity,2022-06-15,0.06305739824439938
Crypto Risk-Parity,2022-06-16,-0.10648929654080573
Crypto Risk-Parity,2022-06-17,0.0341556756323593
Crypto Risk-Parity,2022-06-18,-0.0438745526017741
Crypto Risk-Parity,2022-06-19,0.07966873212307007
Crypto Risk-Parity,2022-06-20,0.0012448969741067702
Crypto Risk-Parity,2022-06-21,0.006477524481355401
Crypto Risk-Parity,2022-06-22,-0.03615447631449386
Crypto Risk-Parity,2022-06-23,0.048106731964937914
Crypto Risk-Parity,2022-06-24,0.03697237747463433
Crypto Risk-Parity,2022-06-25,0.008099671853124765
Crypto Risk-Parity,2022-06-26,-0.021599158284737442
Crypto Risk-Parity,2022-06-27,-0.006702547808372411
Crypto Risk-Parity,2022-06-28,-0.04155785048836223
Crypto Risk-Parity,2022-06-29,-0.014633651653390384
Crypto Risk-Parity,2022-06-30,-0.007971218557065502
Crypto Risk-Parity,2022-07-01,-0.02260974094665362
Crypto Risk-Parity,2022-07-02,0.009063859906930243
Crypto Risk-Parity,2022-07-03,0.006291104108228045
Crypto Risk-Parity,2022-07-04,0.03524656714557016
Crypto Risk-Parity,2022-07-05,-0.0177751918482032
Crypto Risk-Parity,2022-07-06,0.017143397553483587
Crypto Risk-Parity,2022-07-07,0.03870279192067164
Crypto Risk-Parity,2022-07-08,-0.008778025686337312
Crypto Risk-Parity,2022-07-09,0.012886042090998799
Crypto Risk-Parity,2022-07-10,-0.03946992412522305
Crypto Risk-Parity,2022-07-11,-0.0550963575869995
Crypto Risk-Parity,2022-07-12,-0.02419339901285604
Crypto Risk-Parity,2022-07-13,0.04460139280754764
Crypto Risk-Parity,2022-07-14,0.023441140187812123
Crypto Risk-Parity,2022-07-15,0.0133829601015151
Crypto Risk-Parity,2022-07-16,0.049864768114306554
Crypto Risk-Parity,2022-07-17,-0.0026466051001543135
Crypto Risk-Parity,2022-07-18,0.10560169221939432
Crypto Risk-Parity,2022-07-19,0.018596672090782116
Crypto Risk-Parity,2022-07-20,-0.03391608391227721
Crypto Risk-Parity,2022-07-21,0.022746852532921386
Crypto Risk-Parity,2022-07-22,-0.009663754410063539
Crypto Risk-Parity,2022-07-23,0.0067170677233656445
Crypto Risk-Parity,2022-07-24,0.018766277685642558
Crypto Risk-Parity,2022-07-25,-0.07168829094833758
Crypto Risk-Parity,2022-07-26,0.0035517522308572977
Crypto Risk-Parity,2022-07-27,0.10623346992579986
Crypto Risk-Parity,2022-07-28,0.07380301433271105
Crypto Risk-Parity,2022-07-29,-0.005591098614464768
Crypto Risk-Parity,2022-07-30,-0.004702478577066645
Crypto Risk-Parity,2022-07-31,-0.01598967051978955
Crypto Risk-Parity,2022-08-01,-0.011420062080497593
Crypto Risk-Parity,2022-08-02,-0.018507792203129828
Crypto Risk-Parity,2022-08-03,-0.005847332981708566
Crypto Risk-Parity,2022-08-04,0.0012905392717984928
Crypto Risk-Parity,2022-08-05,0.04433351040793761
Crypto Risk-Parity,2022-08-06,-0.009738998757046384
Crypto Risk-Parity,2022-08-07,0.006651136588246862
Crypto Risk-Parity,2022-08-08,0.02337541184801556
Crypto Risk-Parity,2022-08-09,-0.04237393643283209
Crypto Risk-Parity,2022-08-10,0.04893308639032468
Crypto Risk-Parity,2022-08-11,0.011566629602164698
Crypto Risk-Parity,2022-08-12,0.014501648039746856
Crypto Risk-Parity,2022-08-13,0.0074405204641675125
Crypto Risk-Parity,2022-08-14,-0.011835848326301345
Crypto Risk-Parity,2022-08-15,-0.01657365957597029
Crypto Risk-Parity,2022-08-16,0.0012825929543554757
Crypto Risk-Parity,2022-08-17,-0.00808490799944658
Crypto Risk-Parity,2022-08-18,-0.016430379387464625
Crypto Risk-Parity,2022-08-19,-0.10658171897429135
Crypto Risk-Parity,2022-08-20,0.013489998994499947
Crypto Risk-Parity,2022-08-21,0.029943330015406666
Crypto Risk-Parity,2022-08-22,0.018436754211233333
Crypto Risk-Parity,2022-08-23,0.013710505246206584
Crypto Risk-Parity,2022-08-24,-0.007876494301545195
Crypto Risk-Parity,2022-08-25,0.010994778868503719
Crypto Risk-Parity,2022-08-26,-0.07689879857577082
Crypto Risk-Parity,2022-08-27,0.0019361644606684949
Crypto Risk-Parity,2022-08-28,-0.03227851703456444
Crypto Risk-Parity,2022-08-29,0.04839944184608839
Crypto Risk-Parity,2022-08-30,-0.025679092325838242
Crypto Risk-Parity,2022-08-31,0.003720167664084939
Crypto Risk-Parity,2022-09-01,0.02282812378339136
Crypto Risk-Parity,2022-09-02,0.004037055929370528
Crypto Risk-Parity,2022-09-03,0.0018279327656056097
Crypto Risk-Parity,2022-09-04,0.009748932243427048
Crypto Risk-Parity,2022-09-05,0.026982792027366066
Crypto Risk-Parity,2022-09-06,-0.06847484311187721
Crypto Risk-Parity,2022-09-07,0.05416214639722617
Crypto Risk-Parity,2022-09-08,0.005589146237106989
Crypto Risk-Parity,2022-09-09,0.060810955836553694
Crypto Risk-Parity,2022-09-10,0.018295260587619624
Crypto Risk-Parity,2022-09-11,-0.01034327800821154
Crypto Risk-Parity,2022-09-12,-0.005702909642853806
Crypto Risk-Parity,2022-09-13,-0.07151602784567282
Crypto Risk-Parity,2022-09-14,0.01978266299044006
Crypto Risk-Parity,2022-09-15,-0.046862583378591574
Crypto Risk-Parity,2022-09-16,0.012174466344757382
Crypto Risk-Parity,2022-09-17,0.030261444047554074
Crypto Risk-Parity,2022-09-18,-0.07476880608138795
Crypto Risk-Parity,2022-09-19,0.020884277982485197
Crypto Risk-Parity,2022-09-20,-0.002206984115731026
Crypto Risk-Parity,2022-09-21,-0.03709869742159398
Crypto Risk-Parity,2022-09-22,0.06592790992241307
Crypto Risk-Parity,2022-09-23,0.0101692581400382
Crypto Risk-Parity,2022-09-24,-0.020802135716268603
Crypto Risk-Parity,2022-09-25,-0.012726518000208194
Crypto Risk-Parity,2022-09-26,0.003807894023779141
Crypto Risk-Parity,2022-09-27,-0.014492730726156648
Crypto Risk-Parity,2022-09-28,-5.4982107652713536e-05
Crypto Risk-Parity,2022-09-29,0.024682053724724876
Crypto Risk-Parity,2022-09-30,-0.0046406418424539166
Crypto Risk-Parity,2022-10-01,-1.5486441076757902e-05
Crypto Risk-Parity,2022-10-02,-0.024127447070809813
Crypto Risk-Parity,2022-10-03,0.022321396363284358
Crypto Risk-Parity,2022-10-04,0.02519378208935061
Crypto Risk-Parity,2022-10-05,-0.004334917666600177
Crypto Risk-Parity,2022-10-06,-0.006043761665993012
Crypto Risk-Parity,2022-10-07,-0.004888093230249833
Crypto Risk-Parity,2022-10-08,-0.0033534522143208478
Crypto Risk-Parity,2022-10-09,0.009873370428659949
Crypto Risk-Parity,2022-10-10,-0.04064505055524281
Crypto Risk-Parity,2022-10-11,-0.017560291164053384
Crypto Risk-Parity,2022-10-12,0.0020223553339336446
Crypto Risk-Parity,2022-10-13,-0.014998046516636665
Crypto Risk-Parity,2022-10-14,0.0024714522927708816
Crypto Risk-Parity,2022-10-15,-0.00797903245789676
Crypto Risk-Parity,2022-10-16,0.01161406574970749
Crypto Risk-Parity,2022-10-17,0.011953092779628766
Crypto Risk-Parity,2022-10-18,-0.015413588049414121
Crypto Risk-Parity,2022-10-19,-0.022977910865539523
Crypto Risk-Parity,2022-10-20,-0.00275299982922733
Crypto Risk-Parity,2022-10-21,0.012483057617662172
Crypto Risk-Parity,2022-10-22,0.010010923711004911
Crypto Risk-Parity,2022-10-23,0.019162552415012874
Crypto Risk-Parity,2022-10-24,-0.019220383281561892
Crypto Risk-Parity,2022-10-25,0.05249688214245072
Crypto Risk-Parity,2022-10-26,0.024193619773438618
Crypto Risk-Parity,2022-10-27,-0.021309750727418864
Crypto Risk-Parity,2022-10-28,0.019680148917363027
Crypto Risk-Parity,2022-10-29,0.01658416387904824
Crypto Risk-Parity,2022-10-30,-0.022313086337470117
Crypto Risk-Parity,2022-10-31,0.000586657014658927
Crypto Risk-Parity,2022-11-01,-0.004576484620249104
Crypto Risk-Parity,2022-11-02,-0.014155825599741254
Crypto Risk-Parity,2022-11-03,0.014606594516638184
Crypto Risk-Parity,2022-11-04,0.06723397414953025
Crypto Risk-Parity,2022-11-05,0.00014669966569673832
Crypto Risk-Parity,2022-11-06,-0.037240918771800996
Crypto Risk-Parity,2022-11-07,-0.0010590513725302945
Crypto Risk-Parity,2022-11-08,-0.11512362039242625
Crypto Risk-Parity,2022-11-09,-0.14455478723358509
Crypto Risk-Parity,2022-11-10,0.1537817607024267
Crypto Risk-Parity,2022-11-11,-0.01831794275239674
Crypto Risk-Parity,2022-11-12,-0.030378496708421614
Crypto Risk-Parity,2022-11-13,-0.034674938265605686
Crypto Risk-Parity,2022-11-14,0.022209092607874195
Crypto Risk-Parity,2022-11-15,0.014865000189507316
Crypto Risk-Parity,2022-11-16,-0.01800484339570523
Crypto Risk-Parity,2022-11-17,0.005196972060359777
Crypto Risk-Parity,2022-11-18,0.002468973506210352
Crypto Risk-Parity,2022-11-19,0.008052007925283523
Crypto Risk-Parity,2022-11-20,-0.040353029001159404
Crypto Risk-Parity,2022-11-21,-0.014159548183375437
Crypto Risk-Parity,2022-11-22,0.037165892327712224
Crypto Risk-Parity,2022-11-23,0.04447793702871652
Crypto Risk-Parity,2022-11-24,0.010295312357663197
Crypto Risk-Parity,2022-11-25,-0.006772962991843583
Crypto Risk-Parity,2022-11-26,-0.0035576289330851813
Crypto Risk-Parity,2022-11-27,-0.0015671238492804389
Crypto Risk-Parity,2022-11-28,-0.01742674900015203
Crypto Risk-Parity,2022-11-29,0.016466603946559657
Crypto Risk-Parity,2022-11-30,0.03486261113998342
Crypto Risk-Parity,2022-12-01,-0.01936211132212242
Crypto Risk-Parity,2022-12-02,0.008592115710341033
Crypto Risk-Parity,2022-12-03,-0.018788640249973034
Crypto Risk-Parity,2022-12-04,0.011086835823739798
Crypto Risk-Parity,2022-12-05,-0.002153446009965377
Crypto Risk-Parity,2022-12-06,0.0062109455715417886
Crypto Risk-Parity,2022-12-07,-0.01939813591686183
Crypto Risk-Parity,2022-12-08,0.022032262450351323
Crypto Risk-Parity,2022-12-09,-0.005769721421149086
Crypto Risk-Parity,2022-12-10,-0.0003159320410681401
Crypto Risk-Parity,2022-12-11,-0.01154908577003779
Crypto Risk-Parity,2022-12-12,-0.0018270417227460613
Crypto Risk-Parity,2022-12-13,0.023327406128723055
Crypto Risk-Parity,2022-12-14,-0.009695321657682512
Crypto Risk-Parity,2022-12-15,-0.023216042994339568
Crypto Risk-Parity,2022-12-16,-0.07776726077419875
Crypto Risk-Parity,2022-12-17,0.014042403253019553
Crypto Risk-Parity,2022-12-18,-0.0064206060354620965
Crypto Risk-Parity,2022-12-19,-0.029434006380708037
Crypto Risk-Parity,2022-12-20,0.03553501246535867
Crypto Risk-Parity,2022-12-21,-0.004039251506925929
Crypto Risk-Parity,2022-12-22,0.006188190581402746
Crypto Risk-Parity,2022-12-23,-0.0014262612278995203
Crypto Risk-Parity,2022-12-24,-0.0005469664085755262
Crypto Risk-Parity,2022-12-25,0.0006892265788126142
Crypto Risk-Parity,2022-12-26,0.015209754517267002
Crypto Risk-Parity,2022-12-27,-0.011841512997864803
Crypto Risk-Parity,2022-12-28,-0.025635253394270457
Crypto Risk-Parity,2022-12-29,-0.0004956705785523494
Crypto Risk-Parity,2022-12-30,0.0006145136162120474
Crypto Risk-Parity,2022-12-31,0.0010635437172575445
Crypto Risk-Parity,2023-01-01,0.00752503435665256
Crypto Risk-Parity,2023-01-02,0.018187221192577804
Crypto Risk-Parity,2023-01-03,-0.002505679154733392
Crypto Risk-Parity,2023-01-04,0.03374932050599907
Crypto Risk-Parity,2023-01-05,-0.013897737595559503
Crypto Risk-Parity,2023-01-06,0.02177161679339714
Crypto Risk-Parity,2023-01-07,-0.0030674643526188124
Crypto Risk-Parity,2023-01-08,0.021768253047218484
Crypto Risk-Parity,2023-01-09,0.026534175058364036
Crypto Risk-Parity,2023-01-10,0.006400531890945392
Crypto Risk-Parity,2023-01-11,0.02950259413806373
Crypto Risk-Parity,2023-01-12,0.026736882768559886
Crypto Risk-Parity,2023-01-13,0.035154059103702284
Crypto Risk-Parity,2023-01-14,0.035435190825707785
Crypto Risk-Parity,2023-01-15,-0.002655890691035382
Crypto Risk-Parity,2023-01-16,-0.003075654285292576
Crypto Risk-Parity,2023-01-17,-0.0046932242629127725
Crypto Risk-Parity,2023-01-18,-0.04150098395706439
Crypto Risk-Parity,2023-01-19,0.02354581279285648
Crypto Risk-Parity,2023-01-20,0.06472007753654983
Crypto Risk-Parity,2023-01-21,-0.00897432969112428
Crypto Risk-Parity,2023-01-22,0.0085284008429268
Crypto Risk-Parity,2023-01-23,0.020175096003668944
Crypto Risk-Parity,2023-01-24,-0.03994751468561955
Crypto Risk-Parity,2023-01-25,0.03005664454167673
Crypto Risk-Parity,2023-01-26,-0.0019982439721271637
Crypto Risk-Parity,2023-01-27,0.010463601249740674
Crypto Risk-Parity,2023-01-28,-0.008427395150229255
Crypto Risk-Parity,2023-01-29,0.031795796364183164
Crypto Risk-Parity,2023-01-30,-0.046097886982277216
Crypto Risk-Parity,2023-01-31,0.019176492799832846
Crypto Risk-Parity,2023-02-01,0.025904811828221047
Crypto Risk-Parity,2023-02-02,-0.004208548671531753
Crypto Risk-Parity,2023-02-03,0.012662677387059196
Crypto Risk-Parity,2023-02-04,5.9181180024092694e-05
Crypto Risk-Parity,2023-02-05,-0.020627403726715086
Crypto Risk-Parity,2023-02-06,-0.01672341865871718
Crypto Risk-Parity,2023-02-07,0.03777452702815023
Crypto Risk-Parity,2023-02-08,-0.014231667717538051
Crypto Risk-Parity,2023-02-09,-0.05760096030926293
Crypto Risk-Parity,2023-02-10,-0.0013103129475474
Crypto Risk-Parity,2023-02-11,0.011098180658547448
Crypto Risk-Parity,2023-02-12,-0.01346290335521257
Crypto Risk-Parity,2023-02-13,-0.0024364576681600164
Crypto Risk-Parity,2023-02-14,0.029497867946508986
Crypto Risk-Parity,2023-02-15,0.06709227420379169
Crypto Risk-Parity,2023-02-16,-0.042918914454097915
Crypto Risk-Parity,2023-02-17,0.04744713415966815
Crypto Risk-Parity,2023-02-18,0.007021438868594474
Crypto Risk-Parity,2023-02-19,-0.010670738786674136
Crypto Risk-Parity,2023-02-20,0.024227631365409303
Crypto Risk-Parity,2023-02-21,-0.019310409533579084
Crypto Risk-Parity,2023-02-22,-0.007267235326505605
Crypto Risk-Parity,2023-02-23,-0.011076139902049293
Crypto Risk-Parity,2023-02-24,-0.03431478482592779
Crypto Risk-Parity,2023-02-25,-0.0022973438905390785
Crypto Risk-Parity,2023-02-26,0.01791036132572718
Crypto Risk-Parity,2023-02-27,-0.004490554574511997
Crypto Risk-Parity,2023-02-28,-0.012921576348850874
Crypto Risk-Parity,2023-03-01,0.025664683152070145
Crypto Risk-Parity,2023-03-02,-0.010168840617537745
Crypto Risk-Parity,2023-03-03,-0.024974112877576112
Crypto Risk-Parity,2023-03-04,-0.017053989497541833
Crypto Risk-Parity,2023-03-05,-0.0014519592363369616
Crypto Risk-Parity,2023-03-06,-0.003669470073590859
Crypto Risk-Parity,2023-03-07,-0.008728130347306016
Crypto Risk-Parity,2023-03-08,-0.026342851977491623
Crypto Risk-Parity,2023-03-09,-0.06139394019680888
Crypto Risk-Parity,2023-03-10,-0.005225401934080155
Crypto Risk-Parity,2023-03-11,0.0038353356806553724
Crypto Risk-Parity,2023-03-12,0.06831950353041456
Crypto Risk-Parity,2023-03-13,0.04651405956900961
Crypto Risk-Parity,2023-03-14,0.01970741557218831
Crypto Risk-Parity,2023-03-15,-0.04923893082235853
Crypto Risk-Parity,2023-03-16,0.018210401860072986
Crypto Risk-Parity,2023-03-17,0.06662386847457169
Crypto Risk-Parity,2023-03-18,-0.02266057537695396
Crypto Risk-Parity,2023-03-19,0.02846107253082582
Crypto Risk-Parity,2023-03-20,-0.032999132900370175
Crypto Risk-Parity,2023-03-21,0.07261386785739458
Crypto Risk-Parity,2023-03-22,-0.04857141639132151
Crypto Risk-Parity,2023-03-23,0.04690433458399954
Crypto Risk-Parity,2023-03-24,-0.02753883477568259
Crypto Risk-Parity,2023-03-25,-0.0016670958974856834
Crypto Risk-Parity,2023-03-26,0.013862884666991373
Crypto Risk-Parity,2023-03-27,-0.0195398979949521
Crypto Risk-Parity,2023-03-28,0.02844924832650281
Crypto Risk-Parity,2023-03-29,0.028612188948658298
Crypto Risk-Parity,2023-03-30,-0.002277961517236667
Crypto Risk-Parity,2023-03-31,0.0220924852762853
Crypto Risk-Parity,2023-04-01,-0.003807693659470569
Crypto Risk-Parity,2023-04-02,-0.007467934681887102
Crypto Risk-Parity,2023-04-03,-0.0021127613897138904
Crypto Risk-Parity,2023-04-04,0.00895121642524637
Crypto Risk-Parity,2023-04-05,0.00464675163183092
Crypto Risk-Parity,2023-04-06,-0.008968295006846951
Crypto Risk-Parity,2023-04-07,-0.0007844550766789445
Crypto Risk-Parity,2023-04-08,-0.006960379636425409
Crypto Risk-Parity,2023-04-09,0.008723709645173699
Crypto Risk-Parity,2023-04-10,0.024599115617575287
Crypto Risk-Parity,2023-04-11,0.0040553396461635
Crypto Risk-Parity,2023-04-12,-0.004830731209370368
Crypto Risk-Parity,2023-04-13,0.02248165111778
Crypto Risk-Parity,2023-04-14,0.015387894677239795
Crypto Risk-Parity,2023-04-15,-0.0005419345966177443
Crypto Risk-Parity,2023-04-16,0.007656301207220325
Crypto Risk-Parity,2023-04-17,-0.02393708887724751
Crypto Risk-Parity,2023-04-18,0.021148410209363727
Crypto Risk-Parity,2023-04-19,-0.06856957344194826
Crypto Risk-Parity,2023-04-20,-0.016380289123072635
Crypto Risk-Parity,2023-04-21,-0.035939968003422834
Crypto Risk-Parity,2023-04-22,0.026873261857999355
Crypto Risk-Parity,2023-04-23,-0.010631365316932203
Crypto Risk-Parity,2023-04-24,-0.005943674018495324
Crypto Risk-Parity,2023-04-25,0.01718520091564118
Crypto Risk-Parity,2023-04-26,-0.011538482187509658
Crypto Risk-Parity,2023-04-27,0.016072870497705602
Crypto Risk-Parity,2023-04-28,0.003318762654161557
Crypto Risk-Parity,2023-04-29,0.005745873128411417
Crypto Risk-Parity,2023-04-30,-0.013073711867588843
Crypto Risk-Parity,2023-05-01,-0.01782104300399892
Crypto Risk-Parity,2023-05-02,0.01354400508179989
Crypto Risk-Parity,2023-05-03,0.007158612356727954
Crypto Risk-Parity,2023-05-04,-0.009916805535055764
Crypto Risk-Parity,2023-05-05,0.02130745741132204
Crypto Risk-Parity,2023-05-06,-0.029282771432363533
Crypto Risk-Parity,2023-05-07,-0.011665863938847155
Crypto Risk-Parity,2023-05-08,-0.034772872533691455
Crypto Risk-Parity,2023-05-09,0.014687130647186354
Crypto Risk-Parity,2023-05-10,-0.0013501954282088072
Crypto Risk-Parity,2023-05-11,-0.02075603656506335
Crypto Risk-Parity,2023-05-12,0.006292574655784462
Crypto Risk-Parity,2023-05-13,-0.006242302537803684
Crypto Risk-Parity,2023-05-14,0.009279341359747546
Crypto Risk-Parity,2023-05-15,0.008590614834203383
Crypto Risk-Parity,2023-05-16,0.007734602829337701
Crypto Risk-Parity,2023-05-17,0.01468039492293543
Crypto Risk-Parity,2023-05-18,-0.01201949783570824
Crypto Risk-Parity,2023-05-19,0.0034116761989288705
Crypto Risk-Parity,2023-05-20,0.005535147740769255
Crypto Risk-Parity,2023-05-21,-0.009805548062272622
Crypto Risk-Parity,2023-05-22,0.008742734016592082
Crypto Risk-Parity,2023-05-23,0.008850583497633785
Crypto Risk-Parity,2023-05-24,-0.02942022772027385
Crypto Risk-Parity,2023-05-25,0.0008289297497378067
Crypto Risk-Parity,2023-05-26,0.012863583617721839
Crypto Risk-Parity,2023-05-27,0.008740718552359375
Crypto Risk-Parity,2023-05-28,0.028008370382053845
Crypto Risk-Parity,2023-05-29,-0.0066878292232179695
Crypto Risk-Parity,2023-05-30,0.00895060740813591
Crypto Risk-Parity,2023-05-31,-0.011287547412860725
Crypto Risk-Parity,2023-06-01,-0.007220776816395187
Crypto Risk-Parity,2023-06-02,0.031063287716145378
Crypto Risk-Parity,2023-06-03,-0.003650006461504346
Crypto Risk-Parity,2023-06-04,0.0016786997927034052
Crypto Risk-Parity,2023-06-05,-0.05469243385320041
Crypto Risk-Parity,2023-06-06,0.034749284029197476
Crypto Risk-Parity,2023-06-07,-0.03366469701675802
Crypto Risk-Parity,2023-06-08,0.007071591196209082
Crypto Risk-Parity,2023-06-09,-0.012142376703053069
Crypto Risk-Parity,2023-06-10,-0.07764543339612752
Crypto Risk-Parity,2023-06-11,0.002014501999342511
Crypto Risk-Parity,2023-06-12,0.0005996790331707235
Crypto Risk-Parity,2023-06-13,0.0022451690593004153
Crypto Risk-Parity,2023-06-14,-0.042208519277498024
Crypto Risk-Parity,2023-06-15,0.006149398129620485
Crypto Risk-Parity,2023-06-16,0.012130599529266673
Crypto Risk-Parity,2023-06-17,0.00957077134452864
Crypto Risk-Parity,2023-06-18,-0.005684598361149437
Crypto Risk-Parity,2023-06-19,0.00709306903833188
Crypto Risk-Parity,2023-06-20,0.028339700258839227
Crypto Risk-Parity,2023-06-21,0.06743288993878852
Crypto Risk-Parity,2023-06-22,-0.0036013617901745733
Crypto Risk-Parity,2023-06-23,0.06927469336668243
Crypto Risk-Parity,2023-06-24,0.009733405687408133
Crypto Risk-Parity,2023-06-25,-0.009302636654501583
Crypto Risk-Parity,2023-06-26,0.004622267092713907
Crypto Risk-Parity,2023-06-27,0.022149408804194647
Crypto Risk-Parity,2023-06-28,-0.038106871461828354
Crypto Risk-Parity,2023-06-29,0.02816505481548715
Crypto Risk-Parity,2023-06-30,0.08748355452829894
Crypto Risk-Parity,2023-07-01,-0.0014696218182709741
Crypto Risk-Parity,2023-07-02,0.005187610984500228
Crypto Risk-Parity,2023-07-03,-0.0034035099694697405
Crypto Risk-Parity,2023-07-04,-0.018425561140344833
Crypto Risk-Parity,2023-07-05,-0.014644929261433293
Crypto Risk-Parity,2023-07-06,-0.024723945952871904
Crypto Risk-Parity,2023-07-07,0.01764944964368441
Crypto Risk-Parity,2023-07-08,0.0018961353954847569
Crypto Risk-Parity,2023-07-09,-0.013492491032544403
Crypto Risk-Parity,2023-07-10,0.01220449103723498
Crypto Risk-Parity,2023-07-11,0.0005708402662385037
Crypto Risk-Parity,2023-07-12,-0.004395504774502557
Crypto Risk-Parity,2023-07-13,0.18669607338752608
Crypto Risk-Parity,2023-07-14,-0.05980654401097213
Crypto Risk-Parity,2023-07-15,-0.009243562293224244
Crypto Risk-Parity,2023-07-16,-0.00505311370046014
Crypto Risk-Parity,2023-07-17,-0.004320012190531711
Crypto Risk-Parity,2023-07-18,0.0003254817846550665
Crypto Risk-Parity,2023-07-19,0.0280136785934523
Crypto Risk-Parity,2023-07-20,-0.0003897918053951152
Crypto Risk-Parity,2023-07-21,-0.0015062777608580873
Crypto Risk-Parity,2023-07-22,-0.011467568339727386
Crypto Risk-Parity,2023-07-23,0.012600367509970596
Crypto Risk-Parity,2023-07-24,-0.03822567564508054
Crypto Risk-Parity,2023-07-25,0.0007201257818277677
Crypto Risk-Parity,2023-07-26,0.014699321391426276
Crypto Risk-Parity,2023-07-27,0.0018026066093351206
Crypto Risk-Parity,2023-07-28,0.007755787998122744
Crypto Risk-Parity,2023-07-29,0.0028413217006360188
Crypto Risk-Parity,2023-07-30,-0.002928868768702353
Crypto Risk-Parity,2023-07-31,-0.016531820930451524
Crypto Risk-Parity,2023-08-01,0.00858876603581899
Crypto Risk-Parity,2023-08-02,-0.03593873341536773
Crypto Risk-Parity,2023-08-03,-0.015988397443884462
Crypto Risk-Parity,2023-08-04,-0.007046437590094331
Crypto Risk-Parity,2023-08-05,0.004175379065798925
Crypto Risk-Parity,2023-08-06,-0.005200866880344529
Crypto Risk-Parity,2023-08-07,0.006680451353484025
Crypto Risk-Parity,2023-08-08,0.014828225627530113
Crypto Risk-Parity,2023-08-09,-0.002466641019175899
Crypto Risk-Parity,2023-08-10,-0.009603202144453713
Crypto Risk-Parity,2023-08-11,-0.002363137427006131
Crypto Risk-Parity,2023-08-12,-1.422868511872686e-05
Crypto Risk-Parity,2023-08-13,-0.006100535216630085
Crypto Risk-Parity,2023-08-14,0.0021674226307765417
Crypto Risk-Parity,2023-08-15,-0.026705308383153683
Crypto Risk-Parity,2023-08-16,-0.03694132120379078
Crypto Risk-Parity,2023-08-17,-0.08607027995204695
Crypto Risk-Parity,2023-08-18,0.004144378761099832
Crypto Risk-Parity,2023-08-19,0.01364854001721165
Crypto Risk-Parity,2023-08-20,0.016358929503870145
Crypto Risk-Parity,2023-08-21,-0.009514562479228795
Crypto Risk-Parity,2023-08-22,-0.01364053431187577
Crypto Risk-Parity,2023-08-23,0.03040954367019739
Crypto Risk-Parity,2023-08-24,-0.012050460563977208
Crypto Risk-Parity,2023-08-25,-0.0011675407800435715
Crypto Risk-Parity,2023-08-26,-0.0051147370830460495
Crypto Risk-Parity,2023-08-27,0.008646856212561282
Crypto Risk-Parity,2023-08-28,-0.0055532201918524005
Crypto Risk-Parity,2023-08-29,0.05422817927328358
Crypto Risk-Parity,2023-08-30,-0.021781896563807416
Crypto Risk-Parity,2023-08-31,-0.037527002038044065
Crypto Risk-Parity,2023-09-01,-0.01235328651500349
Crypto Risk-Parity,2023-09-02,0.00261576501952949
Crypto Risk-Parity,2023-09-03,0.005754744311612676
Crypto Risk-Parity,2023-09-04,0.0026102967770712826
Crypto Risk-Parity,2023-09-05,-0.0016020561283648514
Crypto Risk-Parity,2023-09-06,0.0016811237946481132
Crypto Risk-Parity,2023-09-07,0.00809344355981772
Crypto Risk-Parity,2023-09-08,-0.005449471547918553
Crypto Risk-Parity,2023-09-09,0.0033653820085610938
Crypto Risk-Parity,2023-09-10,-0.012883657363357053
Crypto Risk-Parity,2023-09-11,-0.03242002205366827
Crypto Risk-Parity,2023-09-12,0.021106064859033234
Crypto Risk-Parity,2023-09-13,0.011114270622967657
Crypto Risk-Parity,2023-09-14,0.015160541577192719
Crypto Risk-Parity,2023-09-15,0.016456717941249057
Crypto Risk-Parity,2023-09-16,-0.0038931614222424086
Crypto Risk-Parity,2023-09-17,-0.015135548507627295
Crypto Risk-Parity,2023-09-18,0.018754682389157007
Crypto Risk-Parity,2023-09-19,0.012102101597318131
Crypto Risk-Parity,2023-09-20,-0.010284880224864913
Crypto Risk-Parity,2023-09-21,-0.01978815889774543
Crypto Risk-Parity,2023-09-22,0.0012619036605619638
Crypto Risk-Parity,2023-09-23,0.002441149574067868
Crypto Risk-Parity,2023-09-24,-0.012678587157683786
Crypto Risk-Parity,2023-09-25,0.00842683666658399
Crypto Risk-Parity,2023-09-26,-0.002901220326967698
Crypto Risk-Parity,2023-09-27,0.008866006283233238
Crypto Risk-Parity,2023-09-28,0.02498864704456428
Crypto Risk-Parity,2023-09-29,0.0054156685512583465
Crypto Risk-Parity,2023-09-30,0.0036563884473939795
Crypto Risk-Parity,2023-10-01,0.02988074261790665
Crypto Risk-Parity,2023-10-02,-0.02269006950373773
Crypto Risk-Parity,2023-10-03,0.0009003902575651515
Crypto Risk-Parity,2023-10-04,-0.005583436354666592
Crypto Risk-Parity,2023-10-05,-0.011077932455119118
Crypto Risk-Parity,2023-10-06,0.010036920436372564
Crypto Risk-Parity,2023-10-07,-0.0037867943097547505
Crypto Risk-Parity,2023-10-08,-0.00446198901180317
Crypto Risk-Parity,2023-10-09,-0.02967833629401947
Crypto Risk-Parity,2023-10-10,-0.007191830648010914
Crypto Risk-Parity,2023-10-11,-0.009421068043378852
Crypto Risk-Parity,2023-10-12,-0.008359270326609778
Crypto Risk-Parity,2023-10-13,0.006843797411944458
Crypto Risk-Parity,2023-10-14,0.0013201021714558748
Crypto Risk-Parity,2023-10-15,0.006555391896696
Crypto Risk-Parity,2023-10-16,0.030752662571296902
Crypto Risk-Parity,2023-10-17,-0.017745032491465994
Crypto Risk-Parity,2023-10-18,-0.006467727307151636
Crypto Risk-Parity,2023-10-19,0.016743865293056992
Crypto Risk-Parity,2023-10-20,0.02184092679390253
Crypto Risk-Parity,2023-10-21,0.017881882642109354
Crypto Risk-Parity,2023-10-22,0.004504318934139425
Crypto Risk-Parity,2023-10-23,0.0590185386298458
Crypto Risk-Parity,2023-10-24,0.001462556899785123
Crypto Risk-Parity,2023-10-25,0.004528784357212025
Crypto Risk-Parity,2023-10-26,-0.0009388180364499339
Crypto Risk-Parity,2023-10-27,-0.010255150914584676
Crypto Risk-Parity,2023-10-28,0.011243799860135779
Crypto Risk-Parity,2023-10-29,0.01236658080306614
Crypto Risk-Parity,2023-10-30,0.011394007147623095
Crypto Risk-Parity,2023-10-31,0.008938192319990568
Crypto Risk-Parity,2023-11-01,0.020795266840471383
Crypto Risk-Parity,2023-11-02,-0.01064511182070211
Crypto Risk-Parity,2023-11-03,0.004788924951070745
Crypto Risk-Parity,2023-11-04,0.00921169759170573
Crypto Risk-Parity,2023-11-05,0.02059039988191081
Crypto Risk-Parity,2023-11-06,0.027382235924130062
Crypto Risk-Parity,2023-11-07,-0.013687461140323222
Crypto Risk-Parity,2023-11-08,0.008920664479125429
Crypto Risk-Parity,2023-11-09,0.02031271486273021
Crypto Risk-Parity,2023-11-10,0.01684182580744031
Crypto Risk-Parity,2023-11-11,0.0005074519863091458
Crypto Risk-Parity,2023-11-12,-0.0008015025567769958
Crypto Risk-Parity,2023-11-13,-0.015250477126004748
Crypto Risk-Parity,2023-11-14,-0.031808118997438795
Crypto Risk-Parity,2023-11-15,0.0426733722599157
Crypto Risk-Parity,2023-11-16,-0.03386413199429075
Crypto Risk-Parity,2023-11-17,-0.0005146137720808321
Crypto Risk-Parity,2023-11-18,0.0009514918621744914
Crypto Risk-Parity,2023-11-19,0.01754092014027577
Crypto Risk-Parity,2023-11-20,-0.01168475468032043
Crypto Risk-Parity,2023-11-21,-0.05186870707784284
Crypto Risk-Parity,2023-11-22,0.04752920078822059
Crypto Risk-Parity,2023-11-23,0.0030672335529281346
Crypto Risk-Parity,2023-11-24,0.010979503645058597
Crypto Risk-Parity,2023-11-25,0.014612748517376314
Crypto Risk-Parity,2023-11-26,-0.010741057064363268
Crypto Risk-Parity,2023-11-27,-0.02366889731381465
Crypto Risk-Parity,2023-11-28,0.011118817364433233
Crypto Risk-Parity,2023-11-29,-0.001425400844924141
Crypto Risk-Parity,2023-11-30,-0.003539563369348769
Crypto Risk-Parity,2023-12-01,0.016638989277490503
Crypto Risk-Parity,2023-12-02,0.019511178789933196
Crypto Risk-Parity,2023-12-03,0.004792924608922108
Crypto Risk-Parity,2023-12-04,0.025258297115028947
Crypto Risk-Parity,2023-12-05,0.01974736849898921
Crypto Risk-Parity,2023-12-06,0.0007341599052294243
Crypto Risk-Parity,2023-12-07,0.021885183336561934
Crypto Risk-Parity,2023-12-08,0.04539580008834089
Crypto Risk-Parity,2023-12-09,0.0050261356542492565
Crypto Risk-Parity,2023-12-10,0.0024503775804306477
Crypto Risk-Parity,2023-12-11,-0.06453704583938646
Crypto Risk-Parity,2023-12-12,0.005943737108374905
Crypto Risk-Parity,2023-12-13,0.030467489363199048
Crypto Risk-Parity,2023-12-14,0.0059751325628155565
Crypto Risk-Parity,2023-12-15,-0.03935251889888687
Crypto Risk-Parity,2023-12-16,0.017555641970045343
Crypto Risk-Parity,2023-12-17,-0.018877283745138716
Crypto Risk-Parity,2023-12-18,0.004177971188219293
Crypto Risk-Parity,2023-12-19,-0.013476038620324074
Crypto Risk-Parity,2023-12-20,0.019553122285900705
Crypto Risk-Parity,2023-12-21,0.026490609877002795
Crypto Risk-Parity,2023-12-22,0.016705352961578192
Crypto Risk-Parity,2023-12-23,-0.008325227911825564
Crypto Risk-Parity,2023-12-24,-0.017372918238071657
Crypto Risk-Parity,2023-12-25,0.028302457823642317
Crypto Risk-Parity,2023-12-26,-0.02249010793374539
Crypto Risk-Parity,2023-12-27,0.05019485605591043
Crypto Risk-Parity,2023-12-28,-0.008611135459566885
Crypto Risk-Parity,2023-12-29,-0.018036370886419784
Crypto Risk-Parity,2023-12-30,0.0066986408942410975
Crypto Risk-Parity,2023-12-31,-0.010261956987036431
Equity Equal-Weight,2021-01-04,-0.013701064199660195
Equity Equal-Weight,2021-01-05,0.012674408604811125
Equity Equal-Weight,2021-01-06,0.013264430714510802
Equity Equal-Weight,2021-01-07,0.009679796812702828
Equity Equal-Weight,2021-01-08,0.0028657693620504298
Equity Equal-Weight,2021-01-11,-8.806647741709276e-05
Equity Equal-Weight,2021-01-12,0.003012843574414887
Equity Equal-Weight,2021-01-13,8.709165777319504e-05
Equity Equal-Weight,2021-01-14,0.003088648294878565
Equity Equal-Weight,2021-01-15,-0.010835450462099163
Equity Equal-Weight,2021-01-19,0.007283796632033242
Equity Equal-Weight,2021-01-20,0.007972222095949907
Equity Equal-Weight,2021-01-21,-0.007354873075140489
Equity Equal-Weight,2021-01-22,-0.002800837129231697
Equity Equal-Weight,2021-01-25,0.0019324605381932259
Equity Equal-Weight,2021-01-26,-0.005039220682649926
Equity Equal-Weight,2021-01-27,-0.02581577840422142
Equity Equal-Weight,2021-01-28,0.010643214962448223
Equity Equal-Weight,2021-01-29,-0.01479378312667068
Equity Equal-Weight,2021-02-01,0.008517686014717273
Equity Equal-Weight,2021-02-02,0.017473889706152945
Equity Equal-Weight,2021-02-03,0.0019027846101926731
Equity Equal-Weight,2021-02-04,0.009138734300265725
Equity Equal-Weight,2021-02-05,0.006317001689045663
Equity Equal-Weight,2021-02-08,0.013036997474039061
Equity Equal-Weight,2021-02-09,-0.0027438667563593655
Equity Equal-Weight,2021-02-10,0.0014557026145883103
Equity Equal-Weight,2021-02-11,-0.0010303835566599063
Equity Equal-Weight,2021-02-12,0.004467629428637099
Equity Equal-Weight,2021-02-16,0.000556028999220457
Equity Equal-Weight,2021-02-17,0.002470031678470779
Equity Equal-Weight,2021-02-18,-0.005919355778125219
Equity Equal-Weight,2021-02-19,0.0011058595895655544
Equity Equal-Weight,2021-02-22,0.0021419187071920523
Equity Equal-Weight,2021-02-23,0.0002474703381477862
Equity Equal-Weight,2021-02-24,0.014576435503532907
Equity Equal-Weight,2021-02-25,-0.01836489981146581
Equity Equal-Weight,2021-02-26,-0.012928311779984667
Equity Equal-Weight,2021-03-01,0.019963326496913788
Equity Equal-Weight,2021-03-02,-0.002791341663546041
Equity Equal-Weight,2021-03-03,-0.007037085444928419
Equity Equal-Weight,2021-03-04,-0.007899217627752664
Equity Equal-Weight,2021-03-05,0.017580768996769722
Equity Equal-Weight,2021-03-08,0.0018204582191550913
Equity Equal-Weight,2021-03-09,0.00731862450172656
Equity Equal-Weight,2021-03-10,0.009821255768227703
Equity Equal-Weight,2021-03-11,0.00529644073907005
Equity Equal-Weight,2021-03-12,0.007082392417840365
Equity Equal-Weight,2021-03-15,0.005841980012247008
Equity Equal-Weight,2021-03-16,-0.00020791992646234755
Equity Equal-Weight,2021-03-17,0.0021785532396102385
Equity Equal-Weight,2021-03-18,-0.01347521339947774
Equity Equal-Weight,2021-03-19,-0.004686513277944682
Equity Equal-Weight,2021-03-22,0.00587312233846736
Equity Equal-Weight,2021-03-23,-0.008100983457706074
Equity Equal-Weight,2021-03-24,-0.00330542568880032
Equity Equal-Weight,2021-03-25,0.007122806063378129
Equity Equal-Weight,2021-03-26,0.019635042704920398
Equity Equal-Weight,2021-03-29,0.0011022909356362364
Equity Equal-Weight,2021-03-30,-0.003326924065019587
Equity Equal-Weight,2021-03-31,-0.0009145486313490105
Equity Equal-Weight,2021-04-01,0.011919235422437927
Equity Equal-Weight,2021-04-05,0.005203894475596236
Equity Equal-Weight,2021-04-06,0.0003117814222571469
Equity Equal-Weight,2021-04-07,-0.000984327907634923
Equity Equal-Weight,2021-04-08,-0.0012589867542405497
Equity Equal-Weight,2021-04-09,0.0025702524318601074
Equity Equal-Weight,2021-04-12,-0.00040732999993069
Equity Equal-Weight,2021-04-13,0.0017323719424837082
Equity Equal-Weight,2021-04-14,0.003358111298976989
Equity Equal-Weight,2021-04-15,0.009449393897939494
Equity Equal-Weight,2021-04-16,0.0028414438132387267
Equity Equal-Weight,2021-04-19,-0.003529347591823395
Equity Equal-Weight,2021-04-20,-0.008747199313497123
Equity Equal-Weight,2021-04-21,0.01074810100907438
Equity Equal-Weight,2021-04-22,-0.009628306971395235
Equity Equal-Weight,2021-04-23,0.008856224632086745
Equity Equal-Weight,2021-04-26,0.001031024202245785
Equity Equal-Weight,2021-04-27,0.0010263258205212855
Equity Equal-Weight,2021-04-28,0.0005173149641775314
Equity Equal-Weight,2021-04-29,0.008854898351562737
Equity Equal-Weight,2021-04-30,-0.006729647523317546
Equity Equal-Weight,2021-05-03,0.007437644948144481
Equity Equal-Weight,2021-05-04,-0.002314237599044822
Equity Equal-Weight,2021-05-05,0.005992361499102265
Equity Equal-Weight,2021-05-06,0.008050152328450045
Equity Equal-Weight,2021-05-07,0.009636659392556049
Equity Equal-Weight,2021-05-10,-0.004327123236936114
Equity Equal-Weight,2021-05-11,-0.009261384465219461
Equity Equal-Weight,2021-05-12,-0.01593679259010353
Equity Equal-Weight,2021-05-13,0.008494958615479204
Equity Equal-Weight,2021-05-14,0.01398983911872532
Equity Equal-Weight,2021-05-17,0.0031098894478385737
Equity Equal-Weight,2021-05-18,-0.008646340971441622
Equity Equal-Weight,2021-05-19,-0.005355264782657149
Equity Equal-Weight,2021-05-20,0.008595708763838073
Equity Equal-Weight,2021-05-21,0.002374679775253024
Equity Equal-Weight,2021-05-24,0.006160084121522577
Equity Equal-Weight,2021-05-25,-0.005482264863134029
Equity Equal-Weight,2021-05-26,0.003712752675729429
Equity Equal-Weight,2021-05-27,0.0024932641976573256
Equity Equal-Weight,2021-05-28,0.0029368120789191247
Equity Equal-Weight,2021-06-01,0.006155867931106327
Equity Equal-Weight,2021-06-02,0.003927973385446996
Equity Equal-Weight,2021-06-03,0.0015356426218946573
Equity Equal-Weight,2021-06-04,0.00663026846810969
Equity Equal-Weight,2021-06-07,-0.0019190242636381518
Equity Equal-Weight,2021-06-08,-0.002625652344064507
Equity Equal-Weight,2021-06-09,-0.002621494186845723
Equity Equal-Weight,2021-06-10,0.003598385643246949
Equity Equal-Weight,2021-06-11,-0.00019304660451298556
Equity Equal-Weight,2021-06-14,-0.0015218262616063982
Equity Equal-Weight,2021-06-15,-0.0014924320060200652
Equity Equal-Weight,2021-06-16,-0.00794295372627938
Equity Equal-Weight,2021-06-17,-0.008628992318018565
Equity Equal-Weight,2021-06-18,-0.015075440337741249
Equity Equal-Weight,2021-06-21,0.016981836922855056
Equity Equal-Weight,2021-06-22,0.0013849084679286628
Equity Equal-Weight,2021-06-23,-0.003409218992398384
Equity Equal-Weight,2021-06-24,0.008045844887354254
Equity Equal-Weight,2021-06-25,0.007796049512859092
Equity Equal-Weight,2021-06-28,-0.0016871117212886434
Equity Equal-Weight,2021-06-29,-0.00041512416175831367
Equity Equal-Weight,2021-06-30,0.004396661504242163
Equity Equal-Weight,2021-07-01,0.006588444236266209
Equity Equal-Weight,2021-07-02,0.003787028865862499
Equity Equal-Weight,2021-07-06,-0.008689862235726455
Equity Equal-Weight,2021-07-07,9.602564581949106e-05
Equity Equal-Weight,2021-07-08,-0.006922522612545075
Equity Equal-Weight,2021-07-09,0.01211670315324331
Equity Equal-Weight,2021-07-12,0.004299687110597881
Equity Equal-Weight,2021-07-13,-0.004766188522257003
Equity Equal-Weight,2021-07-14,-0.0013789228043061597
Equity Equal-Weight,2021-07-15,-0.0012527313665276264
Equity Equal-Weight,2021-07-16,-0.0094583508671908
Equity Equal-Weight,2021-07-19,-0.017265279227803593
Equity Equal-Weight,2021-07-20,0.011365506267585472
Equity Equal-Weight,2021-07-21,0.010312805453817258
Equity Equal-Weight,2021-07-22,-0.001290319131949631
Equity Equal-Weight,2021-07-23,0.005172454986152821
Equity Equal-Weight,2021-07-26,0.005689444061937252
Equity Equal-Weight,2021-07-27,-0.002067414333794766
Equity Equal-Weight,2021-07-28,0.0024506105914112643
Equity Equal-Weight,2021-07-29,0.006330181297196203
Equity Equal-Weight,2021-07-30,-0.005476928437086
Equity Equal-Weight,2021-08-02,-0.002594615119592887
Equity Equal-Weight,2021-08-03,0.006555937558699151
Equity Equal-Weight,2021-08-04,-0.007995184894552278
Equity Equal-Weight,2021-08-05,0.004858409186381643
Equity Equal-Weight,2021-08-06,0.0033861593133184616
Equity Equal-Weight,2021-08-09,-0.0025151353318879437
Equity Equal-Weight,2021-08-10,0.006225201968229889
Equity Equal-Weight,2021-08-11,0.008553749273534144
Equity Equal-Weight,2021-08-12,0.0018025545333928794
Equity Equal-Weight,2021-08-13,0.0011371561711445751
Equity Equal-Weight,2021-08-16,-0.0013067599761297922
Equity Equal-Weight,2021-08-17,-0.0053479278173609686
Equity Equal-Weight,2021-08-18,-0.012821725418145536
Equity Equal-Weight,2021-08-19,-0.00462008735737864
Equity Equal-Weight,2021-08-20,0.005321036088544202
Equity Equal-Weight,2021-08-23,0.010275235784609368
Equity Equal-Weight,2021-08-24,0.0021334034039965657
Equity Equal-Weight,2021-08-25,0.0002972607359191246
Equity Equal-Weight,2021-08-26,-0.007054964671320487
Equity Equal-Weight,2021-08-27,0.011274058695481981
Equity Equal-Weight,2021-08-30,-0.0008556941413459173
Equity Equal-Weight,2021-08-31,-0.00035154282498478507
Equity Equal-Weight,2021-09-01,-0.0020525501983184175
Equity Equal-Weight,2021-09-02,0.0069241341926257706
Equity Equal-Weight,2021-09-03,-0.0034739609787678314
Equity Equal-Weight,2021-09-07,-0.010009097258011456
Equity Equal-Weight,2021-09-08,-0.001972143961338453
Equity Equal-Weight,2021-09-09,-0.006242056306770115
Equity Equal-Weight,2021-09-10,-0.0037122719779800503
Equity Equal-Weight,2021-09-13,0.005540850199334926
Equity Equal-Weight,2021-09-14,-0.009594622715975656
Equity Equal-Weight,2021-09-15,0.008697701909292485
Equity Equal-Weight,2021-09-16,-0.004843745212585663
Equity Equal-Weight,2021-09-17,-0.011501394104243307
Equity Equal-Weight,2021-09-20,-0.017107007363820304
Equity Equal-Weight,2021-09-21,-0.002108905432231736
Equity Equal-Weight,2021-09-22,0.008905878341474214
Equity Equal-Weight,2021-09-23,0.011459114793696431
Equity Equal-Weight,2021-09-24,-0.002344335646622537
Equity Equal-Weight,2021-09-27,0.00328948149457919
Equity Equal-Weight,2021-09-28,-0.011152180037691915
Equity Equal-Weight,2021-09-29,0.003919694130095626
Equity Equal-Weight,2021-09-30,-0.010112777369907565
Equity Equal-Weight,2021-10-01,0.012342170182835961
Equity Equal-Weight,2021-10-04,-0.002745104393907882
Equity Equal-Weight,2021-10-05,0.005693677902995396
Equity Equal-Weight,2021-10-06,0.0010971533003962212
Equity Equal-Weight,2021-10-07,0.008043666617446347
Equity Equal-Weight,2021-10-08,-0.0008405341466329587
Equity Equal-Weight,2021-10-11,-0.008973806475380097
Equity Equal-Weight,2021-10-12,-0.0007657505468342872
Equity Equal-Weight,2021-10-13,0.0032749128553063644
Equity Equal-Weight,2021-10-14,0.012783921551769493
Equity Equal-Weight,2021-10-15,0.004786977308970226
Equity Equal-Weight,2021-10-18,0.00027362495568025177
Equity Equal-Weight,2021-10-19,0.009805851901735373
Equity Equal-Weight,2021-10-20,0.00885848761322351
Equity Equal-Weight,2021-10-21,0.0007577563531104431
Equity Equal-Weight,2021-10-22,0.0012181275672072391
Equity Equal-Weight,2021-10-25,0.0061577379699742085
Equity Equal-Weight,2021-10-26,0.0050350392780108095
Equity Equal-Weight,2021-10-27,-0.016021570019775676
Equity Equal-Weight,2021-10-28,0.008177747360443858
Equity Equal-Weight,2021-10-29,-0.00296408785075164
Equity Equal-Weight,2021-11-01,0.0074611757318912
Equity Equal-Weight,2021-11-02,0.0045400637874912185
Equity Equal-Weight,2021-11-03,0.005006007983429448
Equity Equal-Weight,2021-11-04,0.004566805541999331
Equity Equal-Weight,2021-11-05,0.004317548129979447
Equity Equal-Weight,2021-11-08,0.0037433371955653003
Equity Equal-Weight,2021-11-09,-0.0007145187867039059
Equity Equal-Weight,2021-11-10,-0.007127343452293766
Equity Equal-Weight,2021-11-11,0.0010659591267172443
Equity Equal-Weight,2021-11-12,0.002158136556547572
Equity Equal-Weight,2021-11-15,-0.000857079697434908
Equity Equal-Weight,2021-11-16,-4.381857837486571e-05
Equity Equal-Weight,2021-11-17,-0.006410498431443284
Equity Equal-Weight,2021-11-18,-0.0012952494090488886
Equity Equal-Weight,2021-11-19,-0.008108011963673636
Equity Equal-Weight,2021-11-22,0.002129050235704679
Equity Equal-Weight,2021-11-23,0.0076140353899424845
Equity Equal-Weight,2021-11-24,0.0015933253638177255
Equity Equal-Weight,2021-11-26,-0.02190708025971444
Equity Equal-Weight,2021-11-29,0.007100239839562273
Equity Equal-Weight,2021-11-30,-0.022736652197169208
Equity Equal-Weight,2021-12-01,-0.013137975243081345
Equity Equal-Weight,2021-12-02,0.02151402602295716
Equity Equal-Weight,2021-12-03,-0.0009151530011433473
Equity Equal-Weight,2021-12-06,0.013552429844853974
Equity Equal-Weight,2021-12-07,0.014952137327276696
Equity Equal-Weight,2021-12-08,-0.0005769049565259762
Equity Equal-Weight,2021-12-09,-0.006819833181712462
Equity Equal-Weight,2021-12-10,0.005428423454781843
Equity Equal-Weight,2021-12-13,-0.006038152907783944
Equity Equal-Weight,2021-12-14,-0.001934503618555359
Equity Equal-Weight,2021-12-15,0.008657972774681654
Equity Equal-Weight,2021-12-16,0.004803852555990486
Equity Equal-Weight,2021-12-17,-0.012437317144134917
Equity Equal-Weight,2021-12-20,-0.008131606148534013
Equity Equal-Weight,2021-12-21,0.01462265780225411
Equity Equal-Weight,2021-12-22,0.005938186176970402
Equity Equal-Weight,2021-12-23,0.005000741890955203
Equity Equal-Weight,2021-12-27,0.012643323884424486
Equity Equal-Weight,2021-12-28,0.0017823302262577135
Equity Equal-Weight,2021-12-29,0.0003804504800486441
Equity Equal-Weight,2021-12-30,-0.0015226750242771357
Equity Equal-Weight,2021-12-31,-0.0011037789850730853
Equity Equal-Weight,2022-01-03,0.007893532580496583
Equity Equal-Weight,2022-01-04,0.008287326862424099
Equity Equal-Weight,2022-01-05,-0.009811024567845612
Equity Equal-Weight,2022-01-06,0.0005963769310551332
Equity Equal-Weight,2022-01-07,0.0013930725716407811
Equity Equal-Weight,2022-01-10,-0.006524926800297903
Equity Equal-Weight,2022-01-11,0.01010867090205998
Equity Equal-Weight,2022-01-12,0.0028088568181742126
Equity Equal-Weight,2022-01-13,-0.005023576980461089
Equity Equal-Weight,2022-01-14,0.0018072024404420664
Equity Equal-Weight,2022-01-18,-0.010761970773172893
Equity Equal-Weight,2022-01-19,-0.006784420342637872
Equity Equal-Weight,2022-01-20,-0.011862060931541647
Equity Equal-Weight,2022-01-21,-0.012930960558085396
Equity Equal-Weight,2022-01-24,0.002307455792883595
Equity Equal-Weight,2022-01-25,-0.0033894377559069424
Equity Equal-Weight,2022-01-26,-0.00884844116500199
Equity Equal-Weight,2022-01-27,-0.0034117832324707777
Equity Equal-Weight,2022-01-28,0.0168862597049742
Equity Equal-Weight,2022-01-31,0.014021638256743596
Equity Equal-Weight,2022-02-01,0.010950258432124884
Equity Equal-Weight,2022-02-02,0.009991702955684325
Equity Equal-Weight,2022-02-03,-0.00951382855415483
Equity Equal-Weight,2022-02-04,-0.0009650934505631592
Equity Equal-Weight,2022-02-07,0.0023266470700742488
Equity Equal-Weight,2022-02-08,0.004025120961881328
Equity Equal-Weight,2022-02-09,0.012606793313618202
Equity Equal-Weight,2022-02-10,-0.016922118858680186
Equity Equal-Weight,2022-02-11,-0.010206802133622505
Equity Equal-Weight,2022-02-14,-0.006341009055696149
Equity Equal-Weight,2022-02-15,0.010470141652055799
Equity Equal-Weight,2022-02-16,-0.0004521061122067472
Equity Equal-Weight,2022-02-17,-0.01523585324930586
Equity Equal-Weight,2022-02-18,-0.008409016441980766
Equity Equal-Weight,2022-02-22,-0.006636163123505223
Equity Equal-Weight,2022-02-23,-0.011444759515712765
Equity Equal-Weight,2022-02-24,0.006646162013312931
Equity Equal-Weight,2022-02-25,0.02542752148262096
Equity Equal-Weight,2022-02-28,-0.0021955983797045313
Equity Equal-Weight,2022-03-01,-0.012896231197349313
Equity Equal-Weight,2022-03-02,0.019780619392027854
Equity Equal-Weight,2022-03-03,-0.0008418490610408492
Equity Equal-Weight,2022-03-04,0.0018169686926337793
Equity Equal-Weight,2022-03-07,-0.01776749892036473
Equity Equal-Weight,2022-03-08,-0.004451663647359794
Equity Equal-Weight,2022-03-09,0.015019626125899074
Equity Equal-Weight,2022-03-10,-0.0008810613935192377
Equity Equal-Weight,2022-03-11,-0.008321164119682882
Equity Equal-Weight,2022-03-14,-0.009521426509802984
Equity Equal-Weight,2022-03-15,0.009821014009503297
Equity Equal-Weight,2022-03-16,0.01583014592972459
Equity Equal-Weight,2022-03-17,0.014569366617528792
Equity Equal-Weight,2022-03-18,0.004900691902451892
Equity Equal-Weight,2022-03-21,0.0036164035562298484
Equity Equal-Weight,2022-03-22,0.0055469342443239394
Equity Equal-Weight,2022-03-23,-0.009675333619606638
Equity Equal-Weight,2022-03-24,0.010775713212324893
Equity Equal-Weight,2022-03-25,0.009012400337871585
Equity Equal-Weight,2022-03-28,0.0008465485017869991
Equity Equal-Weight,2022-03-29,0.012421936723784473
Equity Equal-Weight,2022-03-30,-0.004279865159334702
Equity Equal-Weight,2022-03-31,-0.014612859704207257
Equity Equal-Weight,2022-04-01,0.006186125023239844
Equity Equal-Weight,2022-04-04,0.0023851263573864538
Equity Equal-Weight,2022-04-05,-0.010698340505611342
Equity Equal-Weight,2022-04-06,-0.0012633246356550413
Equity Equal-Weight,2022-04-07,0.0016102370143205457
Equity Equal-Weight,2022-04-08,0.0031541323434364893
Equity Equal-Weight,2022-04-11,-0.011840453695113766
Equity Equal-Weight,2022-04-12,-0.0008602131354637921
Equity Equal-Weight,2022-04-13,0.009111691535789813
Equity Equal-Weight,2022-04-14,-0.0021576094399995676
Equity Equal-Weight,2022-04-18,0.0008561339045568396
Equity Equal-Weight,2022-04-19,0.012514123824200305
Equity Equal-Weight,2022-04-20,0.001500873359236508
Equity Equal-Weight,2022-04-21,-0.01236558266008561
Equity Equal-Weight,2022-04-22,-0.02310687701405425
Equity Equal-Weight,2022-04-25,-0.0025623220050974235
Equity Equal-Weight,2022-04-26,-0.02058994664206025
Equity Equal-Weight,2022-04-27,0.0004532832337849468
Equity Equal-Weight,2022-04-28,0.0175969767603209
Equity Equal-Weight,2022-04-29,-0.03513723368055066
Equity Equal-Weight,2022-05-02,0.004282752066340887
Equity Equal-Weight,2022-05-03,0.006419254004216235
Equity Equal-Weight,2022-05-04,0.03059747582803359
Equity Equal-Weight,2022-05-05,-0.02522333353713442
Equity Equal-Weight,2022-05-06,-0.0037348140552296693
Equity Equal-Weight,2022-05-09,-0.03505511084284932
Equity Equal-Weight,2022-05-10,-0.004350157266790659
Equity Equal-Weight,2022-05-11,-0.0034181327814378324
Equity Equal-Weight,2022-05-12,0.002203313593436475
Equity Equal-Weight,2022-05-13,0.022291124944625016
Equity Equal-Weight,2022-05-16,0.0013181692032246065
Equity Equal-Weight,2022-05-17,0.01945053993405474
Equity Equal-Weight,2022-05-18,-0.02801387185213911
Equity Equal-Weight,2022-05-19,-0.0018228315479148116
Equity Equal-Weight,2022-05-20,0.0006859801810684975
Equity Equal-Weight,2022-05-23,0.019290594368582818
Equity Equal-Weight,2022-05-24,0.0004160499764193633
Equity Equal-Weight,2022-05-25,0.008934932428617258
Equity Equal-Weight,2022-05-26,0.01523442887493036
Equity Equal-Weight,2022-05-27,0.01958241057376831
Equity Equal-Weight,2022-05-31,-0.007686832348451913
Equity Equal-Weight,2022-06-01,-0.005248085487194567
Equity Equal-Weight,2022-06-02,0.014666480722361935
Equity Equal-Weight,2022-06-03,-0.00828168804204499
Equity Equal-Weight,2022-06-06,-0.0004726634839063063
Equity Equal-Weight,2022-06-07,0.010212564518665373
Equity Equal-Weight,2022-06-08,-0.01288874606797629
Equity Equal-Weight,2022-06-09,-0.023559022078012807
Equity Equal-Weight,2022-06-10,-0.02572519852341478
Equity Equal-Weight,2022-06-13,-0.040385291475059475
Equity Equal-Weight,2022-06-14,-0.0064914420956830995
Equity Equal-Weight,2022-06-15,0.010895650187921787
Equity Equal-Weight,2022-06-16,-0.02883302653138866
Equity Equal-Weight,2022-06-17,-0.0040129501461385695
Equity Equal-Weight,2022-06-21,0.021283145794544635
Equity Equal-Weight,2022-06-22,-0.0034361485113255366
Equity Equal-Weight,2022-06-23,0.0025338360448495245
Equity Equal-Weight,2022-06-24,0.028722864719396547
Equity Equal-Weight,2022-06-27,-0.003099116276753979
Equity Equal-Weight,2022-06-28,-0.009510549810128442
Equity Equal-Weight,2022-06-29,-0.005108620032928052
Equity Equal-Weight,2022-06-30,-0.007570037860964429
Equity Equal-Weight,2022-07-01,0.010735052336339567
Equity Equal-Weight,2022-07-05,-0.006293927342713394
Equity Equal-Weight,2022-07-06,-0.00013597333307193248
Equity Equal-Weight,2022-07-07,0.014110195282665638
Equity Equal-Weight,2022-07-08,-0.0033276940985262084
Equity Equal-Weight,2022-07-11,-0.007581620815643344
Equity Equal-Weight,2022-07-12,-0.0038619318641055773
Equity Equal-Weight,2022-07-13,-0.003726968837860017
Equity Equal-Weight,2022-07-14,-0.0041632110087867465
Equity Equal-Weight,2022-07-15,0.018608815343360566
Equity Equal-Weight,2022-07-18,-0.0032098002043968576
Equity Equal-Weight,2022-07-19,0.027385120685752967
Equity Equal-Weight,2022-07-20,0.002652137007976472
Equity Equal-Weight,2022-07-21,0.005351057035176228
Equity Equal-Weight,2022-07-22,-0.004943947923047727
Equity Equal-Weight,2022-07-25,0.0035859017301082827
Equity Equal-Weight,2022-07-26,-0.004859655657097753
Equity Equal-Weight,2022-07-27,0.011691570468449711
Equity Equal-Weight,2022-07-28,0.010345161395059147
Equity Equal-Weight,2022-07-29,0.00970617921513149
Equity Equal-Weight,2022-08-01,-0.0016167632894356567
Equity Equal-Weight,2022-08-02,-0.009763777204931854
Equity Equal-Weight,2022-08-03,0.006348969490789133
Equity Equal-Weight,2022-08-04,-0.0016205048618749829
Equity Equal-Weight,2022-08-05,0.001588598643800305
Equity Equal-Weight,2022-08-08,-0.00012185518376140334
Equity Equal-Weight,2022-08-09,-0.0008059676403024056
Equity Equal-Weight,2022-08-10,0.01673915248481959
Equity Equal-Weight,2022-08-11,0.005926270642628073
Equity Equal-Weight,2022-08-12,0.014869254887947709
Equity Equal-Weight,2022-08-15,0.004334572828434533
Equity Equal-Weight,2022-08-16,0.002959074994956916
Equity Equal-Weight,2022-08-17,-0.008142599544448665
Equity Equal-Weight,2022-08-18,0.00399189397737818
Equity Equal-Weight,2022-08-19,-0.008808503379776999
Equity Equal-Weight,2022-08-22,-0.019339684380979445
Equity Equal-Weight,2022-08-23,0.001979343342586875
Equity Equal-Weight,2022-08-24,0.0023558955475155587
Equity Equal-Weight,2022-08-25,0.01385520701878383
Equity Equal-Weight,2022-08-26,-0.02769034731246524
Equity Equal-Weight,2022-08-29,-0.0038147275975503716
Equity Equal-Weight,2022-08-30,-0.01336454234573552
Equity Equal-Weight,2022-08-31,-0.007346647125874835
Equity Equal-Weight,2022-09-01,-0.0006877551969647987
Equity Equal-Weight,2022-09-02,-0.009523452905370697
Equity Equal-Weight,2022-09-06,-0.003960837321840623
Equity Equal-Weight,2022-09-07,0.015912572907354684
Equity Equal-Weight,2022-09-08,0.00606654264207127
Equity Equal-Weight,2022-09-09,0.01464305635253413
Equity Equal-Weight,2022-09-12,0.008484821861791864
Equity Equal-Weight,2022-09-13,-0.040049309985713
Equity Equal-Weight,2022-09-14,0.0031318623014507806
Equity Equal-Weight,2022-09-15,-0.0161715370948445
Equity Equal-Weight,2022-09-16,-0.007247144972022488
Equity Equal-Weight,2022-09-19,0.006236594572679688
Equity Equal-Weight,2022-09-20,-0.015572445225681552
Equity Equal-Weight,2022-09-21,-0.016955160199631784
Equity Equal-Weight,2022-09-22,-0.009265739650809663
Equity Equal-Weight,2022-09-23,-0.02221841628898861
Equity Equal-Weight,2022-09-26,-0.016062688619373502
Equity Equal-Weight,2022-09-27,-0.003665789050752121
Equity Equal-Weight,2022-09-28,0.021300718433708198
Equity Equal-Weight,2022-09-29,-0.019865724827656667
Equity Equal-Weight,2022-09-30,-0.014866290633047612
Equity Equal-Weight,2022-10-03,0.0321847780436476
Equity Equal-Weight,2022-10-04,0.029652109428984042
Equity Equal-Weight,2022-10-05,-0.0032365855896064845
Equity Equal-Weight,2022-10-06,-0.011450484466690943
Equity Equal-Weight,2022-10-07,-0.023496317394339133
Equity Equal-Weight,2022-10-10,-0.0056979257390414656
Equity Equal-Weight,2022-10-11,-0.003330502897853404
Equity Equal-Weight,2022-10-12,-0.005622661763774912
Equity Equal-Weight,2022-10-13,0.029678419866633287
Equity Equal-Weight,2022-10-14,-0.01841214369489535
Equity Equal-Weight,2022-10-17,0.0200606025838804
Equity Equal-Weight,2022-10-18,0.011945856181977304
Equity Equal-Weight,2022-10-19,-0.00776157460082436
Equity Equal-Weight,2022-10-20,-0.004160841489002483
Equity Equal-Weight,2022-10-21,0.023757129279621488
Equity Equal-Weight,2022-10-24,0.008125459137320446
Equity Equal-Weight,2022-10-25,0.01680246788305665
Equity Equal-Weight,2022-10-26,0.004962875049564562
Equity Equal-Weight,2022-10-27,-0.0001484410730095843
Equity Equal-Weight,2022-10-28,0.02428404944569426
Equity Equal-Weight,2022-10-31,-0.007574400264519284
Equity Equal-Weight,2022-11-01,0.0023824155053552665
Equity Equal-Weight,2022-11-02,-0.017184054928434216
Equity Equal-Weight,2022-11-03,-0.0024372190071154636
Equity Equal-Weight,2022-11-04,0.01858260290394176
Equity Equal-Weight,2022-11-07,0.007644605369874352
Equity Equal-Weight,2022-11-08,0.006914344387095318
Equity Equal-Weight,2022-11-09,-0.02140736571925811
Equity Equal-Weight,2022-11-10,0.0495644501631361
Equity Equal-Weight,2022-11-11,0.011668351522039636
Equity Equal-Weight,2022-11-14,-0.00878482610937268
Equity Equal-Weight,2022-11-15,0.009768660956136386
Equity Equal-Weight,2022-11-16,-0.010351341361087304
Equity Equal-Weight,2022-11-17,-0.0023031547499413733
Equity Equal-Weight,2022-11-18,0.005043184604821626
Equity Equal-Weight,2022-11-21,0.0008225379434163571
Equity Equal-Weight,2022-11-22,0.014802864627182208
Equity Equal-Weight,2022-11-23,0.003386155798051085
Equity Equal-Weight,2022-11-25,0.0007421905149644114
Equity Equal-Weight,2022-11-28,-0.018420829031751167
Equity Equal-Weight,2022-11-29,0.004199710872548122
Equity Equal-Weight,2022-11-30,0.023794226081712402
Equity Equal-Weight,2022-12-01,-0.0002670937734517387
Equity Equal-Weight,2022-12-02,0.0015015822510261343
Equity Equal-Weight,2022-12-05,-0.017223212605578294
Equity Equal-Weight,2022-12-06,-0.01234790929014816
Equity Equal-Weight,2022-12-07,-0.001182573828345057
Equity Equal-Weight,2022-12-08,0.007090693516795498
Equity Equal-Weight,2022-12-09,-0.010230167262818928
Equity Equal-Weight,2022-12-12,0.01662403157485824
Equity Equal-Weight,2022-12-13,0.008769632273229215
Equity Equal-Weight,2022-12-14,-0.008793645194072683
Equity Equal-Weight,2022-12-15,-0.02158506981452662
Equity Equal-Weight,2022-12-16,-0.009499489174056307
Equity Equal-Weight,2022-12-19,-0.006694591923182898
Equity Equal-Weight,2022-12-20,0.003179262990366381
Equity Equal-Weight,2022-12-21,0.017830127277777864
Equity Equal-Weight,2022-12-22,-0.011582264695177421
Equity Equal-Weight,2022-12-23,0.007750029854520149
Equity Equal-Weight,2022-12-27,0.00026554827864285965
Equity Equal-Weight,2022-12-28,-0.012808033008290868
Equity Equal-Weight,2022-12-29,0.013599359712046974
Equity Equal-Weight,2022-12-30,-0.0018817762241893554
Equity Equal-Weight,2023-01-03,0.002250905749167054
Equity Equal-Weight,2023-01-04,0.018428178719494943
Equity Equal-Weight,2023-01-05,-0.006797638011936679
Equity Equal-Weight,2023-01-06,0.023249459158050576
Equity Equal-Weight,2023-01-09,0.0001720890313203487
Equity Equal-Weight,2023-01-10,0.007616604974202161
Equity Equal-Weight,2023-01-11,0.00985384963869968
Equity Equal-Weight,2023-01-12,0.007037757028810942
Equity Equal-Weight,2023-01-13,0.003431146425461702
Equity Equal-Weight,2023-01-17,-0.0040522248057212685
Equity Equal-Weight,2023-01-18,-0.01596550501830723
Equity Equal-Weight,2023-01-19,-0.007476202030265404
Equity Equal-Weight,2023-01-20,0.015312907836691321
Equity Equal-Weight,2023-01-23,0.011435710954858265
Equity Equal-Weight,2023-01-24,-0.0028834216294746054
Equity Equal-Weight,2023-01-25,0.0018486905394841722
Equity Equal-Weight,2023-01-26,0.008422064284225664
Equity Equal-Weight,2023-01-27,-0.0012064818542402759
Equity Equal-Weight,2023-01-30,-0.01014423915496513
Equity Equal-Weight,2023-01-31,0.011922802217140906
Equity Equal-Weight,2023-02-01,0.006518284067217185
Equity Equal-Weight,2023-02-02,0.00015704536703527497
Equity Equal-Weight,2023-02-03,-0.012768350780830776
Equity Equal-Weight,2023-02-06,-0.004594982931553284
Equity Equal-Weight,2023-02-07,0.010953461048114671
Equity Equal-Weight,2023-02-08,-0.009564990182089908
Equity Equal-Weight,2023-02-09,-0.00969477310696571
Equity Equal-Weight,2023-02-10,0.0076019262954780615
Equity Equal-Weight,2023-02-13,0.00875099441629904
Equity Equal-Weight,2023-02-14,-0.000643929332159083
Equity Equal-Weight,2023-02-15,0.0002892134172157813
Equity Equal-Weight,2023-02-16,-0.01393944574150931
Equity Equal-Weight,2023-02-17,-0.002772139964812705
Equity Equal-Weight,2023-02-21,-0.017502776074307804
Equity Equal-Weight,2023-02-22,-0.005551258644505817
Equity Equal-Weight,2023-02-23,0.005478965095513965
Equity Equal-Weight,2023-02-24,-0.00947722361510689
Equity Equal-Weight,2023-02-27,0.0017761100564900143
Equity Equal-Weight,2023-02-28,-0.004292925502667182
Equity Equal-Weight,2023-03-01,-0.0010580319937396518
Equity Equal-Weight,2023-03-02,0.01196363459680069
Equity Equal-Weight,2023-03-03,0.013041698662887865
Equity Equal-Weight,2023-03-06,-0.001808663736776781
Equity Equal-Weight,2023-03-07,-0.01716608729068231
Equity Equal-Weight,2023-03-08,0.0031917270516937154
Equity Equal-Weight,2023-03-09,-0.01731871782501915
Equity Equal-Weight,2023-03-10,-0.013042274760361034
Equity Equal-Weight,2023-03-13,-0.003516018063804469
Equity Equal-Weight,2023-03-14,0.014545495217757273
Equity Equal-Weight,2023-03-15,-0.00968814247115212
Equity Equal-Weight,2023-03-16,0.01420064899894593
Equity Equal-Weight,2023-03-17,-0.012241012240181462
Equity Equal-Weight,2023-03-20,0.011381656021337802
Equity Equal-Weight,2023-03-21,0.008352348230895295
Equity Equal-Weight,2023-03-22,-0.019948754862968057
Equity Equal-Weight,2023-03-23,0.0017877909140547074
Equity Equal-Weight,2023-03-24,0.007631212702629167
Equity Equal-Weight,2023-03-27,0.004297343942389522
Equity Equal-Weight,2023-03-28,0.0015994860897350029
Equity Equal-Weight,2023-03-29,0.015570466202065451
Equity Equal-Weight,2023-03-30,0.004909293457587829
Equity Equal-Weight,2023-03-31,0.012455541654871609
Equity Equal-Weight,2023-04-03,0.006940014431519134
Equity Equal-Weight,2023-04-04,-0.0050640905631622185
Equity Equal-Weight,2023-04-05,0.0037000673038339784
Equity Equal-Weight,2023-04-06,-0.00016101982917674727
Equity Equal-Weight,2023-04-10,0.003514247817485643
Equity Equal-Weight,2023-04-11,0.002569206481788522
Equity Equal-Weight,2023-04-12,-0.002221933994919998
Equity Equal-Weight,2023-04-13,0.006972895720065671
Equity Equal-Weight,2023-04-14,-0.0057969018343985565
Equity Equal-Weight,2023-04-17,0.00501314190495388
Equity Equal-Weight,2023-04-18,0.00031857017390728875
Equity Equal-Weight,2023-04-19,0.0021501861398795603
Equity Equal-Weight,2023-04-20,-0.0069632717696528346
Equity Equal-Weight,2023-04-21,-0.0010172047667623984
Equity Equal-Weight,2023-04-24,0.0017570893495593106
Equity Equal-Weight,2023-04-25,-0.014954209205319131
Equity Equal-Weight,2023-04-26,-0.012476823412631973
Equity Equal-Weight,2023-04-27,0.014661913021796062
Equity Equal-Weight,2023-04-28,0.009482238561268225
Equity Equal-Weight,2023-05-01,-0.003422566579296094
Equity Equal-Weight,2023-05-02,-0.01668205447422317
Equity Equal-Weight,2023-05-03,-0.01221749617771301
Equity Equal-Weight,2023-05-04,-0.00535128995258921
Equity Equal-Weight,2023-05-05,0.017515249613176284
Equity Equal-Weight,2023-05-08,-0.0006943661313251726
Equity Equal-Weight,2023-05-09,-0.004258718762879402
Equity Equal-Weight,2023-05-10,-0.0017783329876314969
Equity Equal-Weight,2023-05-11,-0.008972948417903201
Equity Equal-Weight,2023-05-12,-0.0008388740546909414
Equity Equal-Weight,2023-05-15,0.004566875681341904
Equity Equal-Weight,2023-05-16,-0.015969316778035862
Equity Equal-Weight,2023-05-17,0.012319075380388223
Equity Equal-Weight,2023-05-18,0.005885373981134901
Equity Equal-Weight,2023-05-19,-0.002475010238817859
Equity Equal-Weight,2023-05-22,0.0006733174629292172
Equity Equal-Weight,2023-05-23,-0.007158860298573353
Equity Equal-Weight,2023-05-24,-0.009243029757406198
Equity Equal-Weight,2023-05-25,9.278741905413877e-05
Equity Equal-Weight,2023-05-26,0.008663674683658413
Equity Equal-Weight,2023-05-30,-0.0018190711166541516
Equity Equal-Weight,2023-05-31,-0.004663092855496196
Equity Equal-Weight,2023-06-01,0.005148317863618266
Equity Equal-Weight,2023-06-02,0.0195001976644241
Equity Equal-Weight,2023-06-05,-0.005896949385171216
Equity Equal-Weight,2023-06-06,0.004403184679716094
Equity Equal-Weight,2023-06-07,0.008253330916676531
Equity Equal-Weight,2023-06-08,0.004105881849056213
Equity Equal-Weight,2023-06-09,-0.002802731516898365
Equity Equal-Weight,2023-06-12,0.0052286646422442075
Equity Equal-Weight,2023-06-13,0.007318719029048488
Equity Equal-Weight,2023-06-14,0.00012724349296770342
Equity Equal-Weight,2023-06-15,0.010003512200136696
Equity Equal-Weight,2023-06-16,0.0005502064556709696
Equity Equal-Weight,2023-06-20,-0.012622406708579167
Equity Equal-Weight,2023-06-21,-0.003164890673324905
Equity Equal-Weight,2023-06-22,-0.005592422870120342
Equity Equal-Weight,2023-06-23,-0.007259581439822718
Equity Equal-Weight,2023-06-26,0.006682503230795585
Equity Equal-Weight,2023-06-27,0.007222896182025429
Equity Equal-Weight,2023-06-28,-0.0017040372863230946
Equity Equal-Weight,2023-06-29,0.006333876012833467
Equity Equal-Weight,2023-06-30,0.008314033679412115
Equity Equal-Weight,2023-07-03,0.005677130992006776
Equity Equal-Weight,2023-07-05,-0.004240653464778885
Equity Equal-Weight,2023-07-06,-0.012084138933912192
Equity Equal-Weight,2023-07-07,0.0006819149565187503
Equity Equal-Weight,2023-07-10,0.004779669698334352
Equity Equal-Weight,2023-07-11,0.014211688018259465
Equity Equal-Weight,2023-07-12,0.00823735096035434
Equity Equal-Weight,2023-07-13,0.005613289998631371
Equity Equal-Weight,2023-07-14,-0.00660968743374577
Equity Equal-Weight,2023-07-17,-0.0035596088175880555
Equity Equal-Weight,2023-07-18,0.005936202752823029
Equity Equal-Weight,2023-07-19,0.006037952272526241
Equity Equal-Weight,2023-07-20,0.0017480758015509066
Equity Equal-Weight,2023-07-21,0.004489892359851595
Equity Equal-Weight,2023-07-24,0.005464941830862187
Equity Equal-Weight,2023-07-25,0.003416013195354048
Equity Equal-Weight,2023-07-26,0.0021904630775948686
Equity Equal-Weight,2023-07-27,-0.004634011643839128
Equity Equal-Weight,2023-07-28,0.004241321399844555
Equity Equal-Weight,2023-07-31,0.004314741590100032
Equity Equal-Weight,2023-08-01,-0.0036317010240047836
Equity Equal-Weight,2023-08-02,-0.013699281238668086
Equity Equal-Weight,2023-08-03,-0.004931584621457254
Equity Equal-Weight,2023-08-04,-0.0021970232173001113
Equity Equal-Weight,2023-08-07,0.00802041392341124
Equity Equal-Weight,2023-08-08,-0.0034409407439325813
Equity Equal-Weight,2023-08-09,-0.0019255958226743837
Equity Equal-Weight,2023-08-10,0.0009644399956669524
Equity Equal-Weight,2023-08-11,0.0016758150228857094
Equity Equal-Weight,2023-08-14,0.0017062775996715216
Equity Equal-Weight,2023-08-15,-0.013225456282507148
Equity Equal-Weight,2023-08-16,-0.008186117279367163
Equity Equal-Weight,2023-08-17,-0.004655788275770239
Equity Equal-Weight,2023-08-18,0.0017330293707238818
Equity Equal-Weight,2023-08-21,-0.0005131283529655392
Equity Equal-Weight,2023-08-22,-0.0049044034665741655
Equity Equal-Weight,2023-08-23,0.007321780440630266
Equity Equal-Weight,2023-08-24,-0.012228581664713427
Equity Equal-Weight,2023-08-25,0.004912513294952161
Equity Equal-Weight,2023-08-28,0.008364884527056865
Equity Equal-Weight,2023-08-29,0.011982477817999243
Equity Equal-Weight,2023-08-30,0.0015849659208836808
Equity Equal-Weight,2023-08-31,-0.0030555686910886826
Equity Equal-Weight,2023-09-01,0.004049068438607959
Equity Equal-Weight,2023-09-05,-0.008724813019335222
Equity Equal-Weight,2023-09-06,-0.00417614715166231
Equity Equal-Weight,2023-09-07,-0.0001734081651079623
Equity Equal-Weight,2023-09-08,0.0026379235360468466
Equity Equal-Weight,2023-09-11,0.002865687446399157
Equity Equal-Weight,2023-09-12,0.002308243851204291
Equity Equal-Weight,2023-09-13,-0.0009672270966173914
Equity Equal-Weight,2023-09-14,0.012360870706178877
Equity Equal-Weight,2023-09-15,-0.010489077213557506
Equity Equal-Weight,2023-09-18,-0.00024995003851792553
Equity Equal-Weight,2023-09-19,-0.004213502014856907
Equity Equal-Weight,2023-09-20,-0.005264643861468341
Equity Equal-Weight,2023-09-21,-0.018588068789013295
Equity Equal-Weight,2023-09-22,-0.003334126405642403
Equity Equal-Weight,2023-09-25,0.002086940375641444
Equity Equal-Weight,2023-09-26,-0.01203867858893119
Equity Equal-Weight,2023-09-27,-0.0014106684457594158
Equity Equal-Weight,2023-09-28,0.00405120639083082
Equity Equal-Weight,2023-09-29,-0.0010645976616187158
Equity Equal-Weight,2023-10-02,-0.014277794548844161
Equity Equal-Weight,2023-10-03,-0.008623840049693498
Equity Equal-Weight,2023-10-04,0.0014587619619191327
Equity Equal-Weight,2023-10-05,-0.0018481504494788203
Equity Equal-Weight,2023-10-06,0.010572819190709794
Equity Equal-Weight,2023-10-09,0.00876392630362377
Equity Equal-Weight,2023-10-10,0.008282561086268072
Equity Equal-Weight,2023-10-11,0.003365157629009226
Equity Equal-Weight,2023-10-12,-0.008311144835865696
Equity Equal-Weight,2023-10-13,0.0011147766253742544
Equity Equal-Weight,2023-10-16,0.010057492329704919
Equity Equal-Weight,2023-10-17,0.0027932697004872196
Equity Equal-Weight,2023-10-18,-0.014298523672335568
Equity Equal-Weight,2023-10-19,-0.00931339622377608
Equity Equal-Weight,2023-10-20,-0.008972743882415863
Equity Equal-Weight,2023-10-23,-0.00659698441956091
Equity Equal-Weight,2023-10-24,0.010865236461424664
Equity Equal-Weight,2023-10-25,-0.012071946699170876
Equity Equal-Weight,2023-10-26,-0.0020912306436232254
Equity Equal-Weight,2023-10-27,-0.010091752733279386
Equity Equal-Weight,2023-10-30,0.010000411649502996
Equity Equal-Weight,2023-10-31,0.005876567388702727
Equity Equal-Weight,2023-11-01,0.00488311166039065
Equity Equal-Weight,2023-11-02,0.025794960167503007
Equity Equal-Weight,2023-11-03,0.012794021607402124
Equity Equal-Weight,2023-11-06,-0.004456576056500965
Equity Equal-Weight,2023-11-07,-0.0037390629774691317
Equity Equal-Weight,2023-11-08,-0.0011798844009914002
Equity Equal-Weight,2023-11-09,-0.008903880726641446
Equity Equal-Weight,2023-11-10,0.010646732594233557
Equity Equal-Weight,2023-11-13,-0.0011335907036108964
Equity Equal-Weight,2023-11-14,0.02459404341561296
Equity Equal-Weight,2023-11-15,0.005349194798091734
Equity Equal-Weight,2023-11-16,0.0007631679789122895
Equity Equal-Weight,2023-11-17,0.0031683198127045098
Equity Equal-Weight,2023-11-20,0.004432305553655234
Equity Equal-Weight,2023-11-21,-0.0023448833096139056
Equity Equal-Weight,2023-11-22,0.0017220553186484743
Equity Equal-Weight,2023-11-24,0.002442867504645432
Equity Equal-Weight,2023-11-27,0.0005314905739881358
Equity Equal-Weight,2023-11-28,0.0020426557000202085
Equity Equal-Weight,2023-11-29,0.004678034968830294
Equity Equal-Weight,2023-11-30,0.006384512229031318
Equity Equal-Weight,2023-12-01,0.009225927380084266
Equity Equal-Weight,2023-12-04,-0.001813409218366713
Equity Equal-Weight,2023-12-05,-0.005261485729965481
Equity Equal-Weight,2023-12-06,-0.0007160063436409093
Equity Equal-Weight,2023-12-07,0.004900293951280299
Equity Equal-Weight,2023-12-08,0.00322869369613636
Equity Equal-Weight,2023-12-11,0.006783475745804726
Equity Equal-Weight,2023-12-12,0.0007978025859253556
Equity Equal-Weight,2023-12-13,0.020902411458579087
Equity Equal-Weight,2023-12-14,0.014493407254842453
Equity Equal-Weight,2023-12-15,-0.003011783157942524
Equity Equal-Weight,2023-12-18,-0.0013770380177555873
Equity Equal-Weight,2023-12-19,0.008156436334441006
Equity Equal-Weight,2023-12-20,-0.01475297813585756
Equity Equal-Weight,2023-12-21,0.008160532810200165
Equity Equal-Weight,2023-12-22,0.0019599641329174915
Equity Equal-Weight,2023-12-26,0.006506457589898613
Equity Equal-Weight,2023-12-27,0.0014553578874705298
Equity Equal-Weight,2023-12-28,0.0012242203691481567
Equity Equal-Weight,2023-12-29,-0.0030351187391592354
Equity Max-Sharpe,2021-01-04,-0.005348380607132639
Equity Max-Sharpe,2021-01-05,0.005811483658263269
Equity Max-Sharpe,2021-01-06,-0.011814893366441346
Equity Max-Sharpe,2021-01-07,0.02124441984396829
Equity Max-Sharpe,2021-01-08,-0.00037318859930360657
Equity Max-Sharpe,2021-01-11,-0.0037094279322928097
Equity Max-Sharpe,2021-01-12,-0.017085427772710007
Equity Max-Sharpe,2021-01-13,-0.0009006360582287258
Equity Max-Sharpe,2021-01-14,-0.014742311425516462
Equity Max-Sharpe,2021-01-15,-0.004875740826072005
Equity Max-Sharpe,2021-01-19,0.009692536324924643
Equity Max-Sharpe,2021-01-20,0.027530123210444638
Equity Max-Sharpe,2021-01-21,-0.001403518186670692
Equity Max-Sharpe,2021-01-22,-0.005576244600427188
Equity Max-Sharpe,2021-01-25,0.0016173908129754047
Equity Max-Sharpe,2021-01-26,-0.008065197334162657
Equity Max-Sharpe,2021-01-27,-0.04037565092540178
Equity Max-Sharpe,2021-01-28,0.020776836685223996
Equity Max-Sharpe,2021-01-29,-0.006497251552492581
Equity Max-Sharpe,2021-02-01,0.014173781752550326
Equity Max-Sharpe,2021-02-02,0.01914537330806539
Equity Max-Sharpe,2021-02-03,-0.012933574614617721
Equity Max-Sharpe,2021-02-04,-0.012061368813415067
Equity Max-Sharpe,2021-02-05,0.001633082705267238
Equity Max-Sharpe,2021-02-08,0.029113885072332157
Equity Max-Sharpe,2021-02-09,-0.020513707991652554
Equity Max-Sharpe,2021-02-10,0.007617911733002628
Equity Max-Sharpe,2021-02-11,0.002017453823030925
Equity Max-Sharpe,2021-02-12,0.0008167983833201647
Equity Max-Sharpe,2021-02-16,-0.004423772822742187
Equity Max-Sharpe,2021-02-17,-0.013408636414543361
Equity Max-Sharpe,2021-02-18,0.001781591643296346
Equity Max-Sharpe,2021-02-19,-0.005717521280115329
Equity Max-Sharpe,2021-02-22,-0.021051465153814827
Equity Max-Sharpe,2021-02-23,-0.010877610841081686
Equity Max-Sharpe,2021-02-24,0.013052202514651244
Equity Max-Sharpe,2021-02-25,-0.03116449133763917
Equity Max-Sharpe,2021-02-26,0.0010029941320233663
Equity Max-Sharpe,2021-03-01,0.013116870266006933
Equity Max-Sharpe,2021-03-02,-0.016109281123806857
Equity Max-Sharpe,2021-03-03,-0.031829036078844505
Equity Max-Sharpe,2021-03-04,-0.023143531302371307
Equity Max-Sharpe,2021-03-05,0.014804934749402313
Equity Max-Sharpe,2021-03-08,-0.038814231377827677
Equity Max-Sharpe,2021-03-09,0.041068213895409864
Equity Max-Sharpe,2021-03-10,0.0016788889238284442
Equity Max-Sharpe,2021-03-11,0.023454530838209253
Equity Max-Sharpe,2021-03-12,0.00539169967150566
Equity Max-Sharpe,2021-03-15,0.01668603327074937
Equity Max-Sharpe,2021-03-16,0.0041476654247662404
Equity Max-Sharpe,2021-03-17,0.007438943963778218
Equity Max-Sharpe,2021-03-18,-0.029234725183990846
Equity Max-Sharpe,2021-03-19,0.0005264459691037802
Equity Max-Sharpe,2021-03-22,0.01489356470535526
Equity Max-Sharpe,2021-03-23,-0.012684511711803447
Equity Max-Sharpe,2021-03-24,-0.016365325340594563
Equity Max-Sharpe,2021-03-25,-0.0015824738613516597
Equity Max-Sharpe,2021-03-26,0.022667585368842745
Equity Max-Sharpe,2021-03-29,0.007539099011293922
Equity Max-Sharpe,2021-03-30,-0.0022356652311201577
Equity Max-Sharpe,2021-03-31,0.017765812237376673
Equity Max-Sharpe,2021-04-01,0.020515172752338565
Equity Max-Sharpe,2021-04-05,0.011992444319061529
Equity Max-Sharpe,2021-04-06,-0.003839193195317315
Equity Max-Sharpe,2021-04-07,0.0010925117972111127
Equity Max-Sharpe,2021-04-08,0.003962973371227244
Equity Max-Sharpe,2021-04-09,0.0017925171115828024
Equity Max-Sharpe,2021-04-12,0.01815510259160627
Equity Max-Sharpe,2021-04-13,0.014222703242283323
Equity Max-Sharpe,2021-04-14,-0.009301698164230592
Equity Max-Sharpe,2021-04-15,0.03118583613005851
Equity Max-Sharpe,2021-04-16,0.0003932951592886892
Equity Max-Sharpe,2021-04-19,-0.015581919353552
Equity Max-Sharpe,2021-04-20,-0.005629973965060312
Equity Max-Sharpe,2021-04-21,0.012592385991917966
Equity Max-Sharpe,2021-04-22,-0.01814133369792213
Equity Max-Sharpe,2021-04-23,0.013558455528356422
Equity Max-Sharpe,2021-04-26,0.0003001307168406645
Equity Max-Sharpe,2021-04-27,0.007250506736402978
Equity Max-Sharpe,2021-04-28,0.0013361156674532731
Equity Max-Sharpe,2021-04-29,-0.0042638669518012765
Equity Max-Sharpe,2021-04-30,-0.007406331792832568
Equity Max-Sharpe,2021-05-03,0.01606272635591148
Equity Max-Sharpe,2021-05-04,-0.007687580039636181
Equity Max-Sharpe,2021-05-05,0.01157955674414057
Equity Max-Sharpe,2021-05-06,0.011785582735611654
Equity Max-Sharpe,2021-05-07,0.012392092296616516
Equity Max-Sharpe,2021-05-10,-0.011305651999108194
Equity Max-Sharpe,2021-05-11,3.001834363310551e-05
Equity Max-Sharpe,2021-05-12,-0.020418200452505097
Equity Max-Sharpe,2021-05-13,0.011299164382611492
Equity Max-Sharpe,2021-05-14,0.021333748362037334
Equity Max-Sharpe,2021-05-17,0.007242624324857242
Equity Max-Sharpe,2021-05-18,-0.011556153356528008
Equity Max-Sharpe,2021-05-19,-0.001836763544276154
Equity Max-Sharpe,2021-05-20,0.011358516397416795
Equity Max-Sharpe,2021-05-21,0.005144754151353644
Equity Max-Sharpe,2021-05-24,0.01714136086568431
Equity Max-Sharpe,2021-05-25,-0.00616913529369428
Equity Max-Sharpe,2021-05-26,0.0071932814321585695
Equity Max-Sharpe,2021-05-27,-0.002781511351959245
Equity Max-Sharpe,2021-05-28,0.017052356624711905
Equity Max-Sharpe,2021-06-01,0.011123951115284561
Equity Max-Sharpe,2021-06-02,-0.005163041153027539
Equity Max-Sharpe,2021-06-03,0.00010865225827947103
Equity Max-Sharpe,2021-06-04,0.010956398098878797
Equity Max-Sharpe,2021-06-07,0.0013430855501910634
Equity Max-Sharpe,2021-06-08,-0.007385133393244014
Equity Max-Sharpe,2021-06-09,-0.014302811799920502
Equity Max-Sharpe,2021-06-10,0.005776716851484521
Equity Max-Sharpe,2021-06-11,0.001558856123505989
Equity Max-Sharpe,2021-06-14,-0.007425708610744493
Equity Max-Sharpe,2021-06-15,-0.004502944639846374
Equity Max-Sharpe,2021-06-16,-0.008024554659806869
Equity Max-Sharpe,2021-06-17,-0.017066497945948052
Equity Max-Sharpe,2021-06-18,-0.009383718329336089
Equity Max-Sharpe,2021-06-21,0.013821943519058846
Equity Max-Sharpe,2021-06-22,0.005894974271870929
Equity Max-Sharpe,2021-06-23,-0.001270454601392703
Equity Max-Sharpe,2021-06-24,0.006095697041951265
Equity Max-Sharpe,2021-06-25,-0.002788304524935212
Equity Max-Sharpe,2021-06-28,0.007502998323649441
Equity Max-Sharpe,2021-06-29,0.0033024926873029808
Equity Max-Sharpe,2021-06-30,0.005359167434421111
Equity Max-Sharpe,2021-07-01,0.006301082761692763
Equity Max-Sharpe,2021-07-02,0.008915457935918338
Equity Max-Sharpe,2021-07-06,0.002654678671249615
Equity Max-Sharpe,2021-07-07,-0.0001436488520092892
Equity Max-Sharpe,2021-07-08,-0.016337621098078254
Equity Max-Sharpe,2021-07-09,0.011623703864242793
Equity Max-Sharpe,2021-07-12,0.00856344041811562
Equity Max-Sharpe,2021-07-13,-0.009471147151252546
Equity Max-Sharpe,2021-07-14,-0.007085091525502481
Equity Max-Sharpe,2021-07-15,-0.016303226066404292
Equity Max-Sharpe,2021-07-16,-0.026300230944363526
Equity Max-Sharpe,2021-07-19,0.006696642945644011
Equity Max-Sharpe,2021-07-20,-0.0010111715805650688
Equity Max-Sharpe,2021-07-21,0.018076733133722326
Equity Max-Sharpe,2021-07-22,0.005558644203883265
Equity Max-Sharpe,2021-07-23,-0.0015503737571539622
Equity Max-Sharpe,2021-07-26,-0.0026993256388533372
Equity Max-Sharpe,2021-07-27,-0.013766019452593092
Equity Max-Sharpe,2021-07-28,0.005159393070255053
Equity Max-Sharpe,2021-07-29,0.00836493267210808
Equity Max-Sharpe,2021-07-30,-0.0033362453058262856
Equity Max-Sharpe,2021-08-02,0.00033214866353995973
Equity Max-Sharpe,2021-08-03,0.010376212678363856
Equity Max-Sharpe,2021-08-04,0.001010995330337396
Equity Max-Sharpe,2021-08-05,0.0013537058428621555
Equity Max-Sharpe,2021-08-06,-0.0045494473328581714
Equity Max-Sharpe,2021-08-09,0.004324216937459921
Equity Max-Sharpe,2021-08-10,0.007941097281994788
Equity Max-Sharpe,2021-08-11,0.006399989437797959
Equity Max-Sharpe,2021-08-12,0.0077627456409962185
Equity Max-Sharpe,2021-08-13,0.008178292649592972
Equity Max-Sharpe,2021-08-16,-0.006496627685075342
Equity Max-Sharpe,2021-08-17,-0.015595984183018816
Equity Max-Sharpe,2021-08-18,-0.0124932209896775
Equity Max-Sharpe,2021-08-19,0.011841312182665074
Equity Max-Sharpe,2021-08-20,0.020370029683412182
Equity Max-Sharpe,2021-08-23,0.029345120823042095
Equity Max-Sharpe,2021-08-24,-0.00031868748275841463
Equity Max-Sharpe,2021-08-25,-0.000167324460590077
Equity Max-Sharpe,2021-08-26,-0.007404137143528009
Equity Max-Sharpe,2021-08-27,0.017982491797644978
Equity Max-Sharpe,2021-08-30,0.0024874524354901247
Equity Max-Sharpe,2021-08-31,-0.0075782816750258435
Equity Max-Sharpe,2021-09-01,0.002042733117791619
Equity Max-Sharpe,2021-09-02,-0.0014320037764988807
Equity Max-Sharpe,2021-09-03,0.007432404052857968
Equity Max-Sharpe,2021-09-07,-0.0058026167901743106
Equity Max-Sharpe,2021-09-08,-0.010755708399813583
Equity Max-Sharpe,2021-09-09,-0.0076278718185707264
Equity Max-Sharpe,2021-09-10,0.0062590090162768855
Equity Max-Sharpe,2021-09-13,-0.014710835379498733
Equity Max-Sharpe,2021-09-14,-0.0064484145578570014
Equity Max-Sharpe,2021-09-15,0.012196490480600055
Equity Max-Sharpe,2021-09-16,-0.004402790446014444
Equity Max-Sharpe,2021-09-17,-0.023093801077082535
Equity Max-Sharpe,2021-09-20,-0.036798806742567594
Equity Max-Sharpe,2021-09-21,0.0016749755347821307
Equity Max-Sharpe,2021-09-22,0.016086415162135756
Equity Max-Sharpe,2021-09-23,0.015547250207068847
Equity Max-Sharpe,2021-09-24,-0.005775438664615851
Equity Max-Sharpe,2021-09-27,-0.006619597673430211
Equity Max-Sharpe,2021-09-28,-0.022138354378181225
Equity Max-Sharpe,2021-09-29,-0.010200829626999794
Equity Max-Sharpe,2021-09-30,-0.0018251744262297452
Equity Max-Sharpe,2021-10-01,-0.001317264611129165
Equity Max-Sharpe,2021-10-04,-0.02939565533853794
Equity Max-Sharpe,2021-10-05,0.02299945674813327
Equity Max-Sharpe,2021-10-06,0.005807407889753791
Equity Max-Sharpe,2021-10-07,0.016520000448338866
Equity Max-Sharpe,2021-10-08,-0.009064329230927532
Equity Max-Sharpe,2021-10-11,-0.0016811366504926838
Equity Max-Sharpe,2021-10-12,0.006607362468743949
Equity Max-Sharpe,2021-10-13,0.013248150166389156
Equity Max-Sharpe,2021-10-14,0.03076758591342597
Equity Max-Sharpe,2021-10-15,0.0011112296379514122
Equity Max-Sharpe,2021-10-18,0.011899190749737809
Equity Max-Sharpe,2021-10-19,0.00288271578155546
Equity Max-Sharpe,2021-10-20,-0.0001697294321352251
Equity Max-Sharpe,2021-10-21,0.010781561185385789
Equity Max-Sharpe,2021-10-22,0.004606148357242378
Equity Max-Sharpe,2021-10-25,0.0254097928112057
Equity Max-Sharpe,2021-10-26,0.044338405273177055
Equity Max-Sharpe,2021-10-27,-0.01533444206020924
Equity Max-Sharpe,2021-10-28,0.01765618321346141
Equity Max-Sharpe,2021-10-29,0.01803314466593702
Equity Max-Sharpe,2021-11-01,0.00010802733959776975
Equity Max-Sharpe,2021-11-02,0.01152403081918046
Equity Max-Sharpe,2021-11-03,0.00723289697028733
Equity Max-Sharpe,2021-11-04,0.06377277545395042
Equity Max-Sharpe,2021-11-05,-0.007648352242891262
Equity Max-Sharpe,2021-11-08,0.025195500029592345
Equity Max-Sharpe,2021-11-09,-0.0051359991272669665
Equity Max-Sharpe,2021-11-10,-0.022453363414613677
Equity Max-Sharpe,2021-11-11,0.022918326705771867
Equity Max-Sharpe,2021-11-12,-0.0015762055432788004
Equity Max-Sharpe,2021-11-15,-0.008767341393764632
Equity Max-Sharpe,2021-11-16,0.003592840303880283
Equity Max-Sharpe,2021-11-17,-0.01858704047048744
Equity Max-Sharpe,2021-11-18,0.0480306475838415
Equity Max-Sharpe,2021-11-19,0.02165064121654235
Equity Max-Sharpe,2021-11-22,-0.006730753948405392
Equity Max-Sharpe,2021-11-23,-0.002582778935414201
Equity Max-Sharpe,2021-11-24,0.01157898306331293
Equity Max-Sharpe,2021-11-26,-0.02784485198762735
Equity Max-Sharpe,2021-11-29,0.030961791582372833
Equity Max-Sharpe,2021-11-30,-0.02549234834638215
Equity Max-Sharpe,2021-12-01,-0.027941235701780774
Equity Max-Sharpe,2021-12-02,0.02417940916489477
Equity Max-Sharpe,2021-12-03,-0.025040733468872124
Equity Max-Sharpe,2021-12-06,-0.011611188214039555
Equity Max-Sharpe,2021-12-07,0.05698546681738431
Equity Max-Sharpe,2021-12-08,-0.011625491976856132
Equity Max-Sharpe,2021-12-09,-0.02774147234134285
Equity Max-Sharpe,2021-12-10,-0.002311790844833931
Equity Max-Sharpe,2021-12-13,-0.03700185287759783
Equity Max-Sharpe,2021-12-14,0.006740000537106218
Equity Max-Sharpe,2021-12-15,0.04247252933526951
Equity Max-Sharpe,2021-12-16,-0.03615944986846077
Equity Max-Sharpe,2021-12-17,-0.009340724459673991
Equity Max-Sharpe,2021-12-20,-0.0076402896504248995
Equity Max-Sharpe,2021-12-21,0.03143737649947138
Equity Max-Sharpe,2021-12-22,0.01073011334705365
Equity Max-Sharpe,2021-12-23,0.004645580500882262
Equity Max-Sharpe,2021-12-27,0.03511605535578899
Equity Max-Sharpe,2021-12-28,-0.014653389654951849
Equity Max-Sharpe,2021-12-29,-0.005269856243846078
Equity Max-Sharpe,2021-12-30,-0.009754291379335246
Equity Max-Sharpe,2021-12-31,-0.0023189074478446414
Equity Max-Sharpe,2022-01-03,-0.00036712546894549056
Equity Max-Sharpe,2022-01-04,-0.0070632601679713365
Equity Max-Sharpe,2022-01-05,-0.020727032966887812
Equity Max-Sharpe,2022-01-06,0.0032241513469018325
Equity Max-Sharpe,2022-01-07,-0.02186836330380565
Equity Max-Sharpe,2022-01-10,0.0032457048513741004
Equity Max-Sharpe,2022-01-11,0.008318046287001208
Equity Max-Sharpe,2022-01-12,0.011560288380526253
Equity Max-Sharpe,2022-01-13,-0.02633918202548295
Equity Max-Sharpe,2022-01-14,0.001093919266052694
Equity Max-Sharpe,2022-01-18,-0.021714456322186652
Equity Max-Sharpe,2022-01-19,-0.013679454451378695
Equity Max-Sharpe,2022-01-20,-0.025687947637343465
Equity Max-Sharpe,2022-01-21,-0.022435182057454837
Equity Max-Sharpe,2022-01-24,0.002458064278175599
Equity Max-Sharpe,2022-01-25,-0.019249172968070535
Equity Max-Sharpe,2022-01-26,0.00043913265431659923
Equity Max-Sharpe,2022-01-27,-0.01357586895549314
Equity Max-Sharpe,2022-01-28,0.03287436667902275
Equity Max-Sharpe,2022-01-31,0.03211339031677351
Equity Max-Sharpe,2022-02-01,0.01269673161220375
Equity Max-Sharpe,2022-02-02,0.026298572753975923
Equity Max-Sharpe,2022-02-03,-0.018316989034992043
Equity Max-Sharpe,2022-02-04,-0.0014034173786886541
Equity Max-Sharpe,2022-02-07,0.01205018215164422
Equity Max-Sharpe,2022-02-08,0.009306809876597027
Equity Max-Sharpe,2022-02-09,0.028147960403686303
Equity Max-Sharpe,2022-02-10,-0.023792352265597356
Equity Max-Sharpe,2022-02-11,-0.023417958486789316
Equity Max-Sharpe,2022-02-14,0.003930722215425705
Equity Max-Sharpe,2022-02-15,0.03125426025758839
Equity Max-Sharpe,2022-02-16,0.0033739581759103924
Equity Max-Sharpe,2022-02-17,-0.026818592143994027
Equity Max-Sharpe,2022-02-18,-0.013615283312817776
Equity Max-Sharpe,2022-02-22,-0.006381221175613917
Equity Max-Sharpe,2022-02-23,-0.00431028080978169
Equity Max-Sharpe,2022-02-24,0.017542243225854612
Equity Max-Sharpe,2022-02-25,0.0270738780329142
Equity Max-Sharpe,2022-02-28,-0.006112305952413609
Equity Max-Sharpe,2022-03-01,-0.003703924521814647
Equity Max-Sharpe,2022-03-02,0.025499426349233335
Equity Max-Sharpe,2022-03-03,0.0008808542271201082
Equity Max-Sharpe,2022-03-04,0.0018630536583445385
Equity Max-Sharpe,2022-03-07,-0.02317425076373046
Equity Max-Sharpe,2022-03-08,-0.012026850613270914
Equity Max-Sharpe,2022-03-09,0.025893910579976236
Equity Max-Sharpe,2022-03-10,0.003062600647126863
Equity Max-Sharpe,2022-03-11,-0.008231836930227564
Equity Max-Sharpe,2022-03-14,-0.017818608118872883
Equity Max-Sharpe,2022-03-15,0.029020097614599692
Equity Max-Sharpe,2022-03-16,0.019191254765084185
Equity Max-Sharpe,2022-03-17,0.012549845452510587
Equity Max-Sharpe,2022-03-18,0.021239920868357423
Equity Max-Sharpe,2022-03-21,0.01656927621852715
Equity Max-Sharpe,2022-03-22,-1.7340795198965615e-05
Equity Max-Sharpe,2022-03-23,-0.004148460425777608
Equity Max-Sharpe,2022-03-24,0.036614639137752356
Equity Max-Sharpe,2022-03-25,0.003869261778074325
Equity Max-Sharpe,2022-03-28,0.005319658986940855
Equity Max-Sharpe,2022-03-29,0.008787333528449966
Equity Max-Sharpe,2022-03-30,-0.005686557678001515
Equity Max-Sharpe,2022-03-31,-0.011706023653820459
Equity Max-Sharpe,2022-04-01,0.007903105276150624
Equity Max-Sharpe,2022-04-04,-0.00037764554301308385
Equity Max-Sharpe,2022-04-05,-0.013402533383066776
Equity Max-Sharpe,2022-04-06,-0.0024547983503576372
Equity Max-Sharpe,2022-04-07,0.012177944504926186
Equity Max-Sharpe,2022-04-08,-0.005616614659943108
Equity Max-Sharpe,2022-04-11,-0.021918129666956224
Equity Max-Sharpe,2022-04-12,0.0015675256559855965
Equity Max-Sharpe,2022-04-13,0.007107551623011204
Equity Max-Sharpe,2022-04-14,-0.0006383424655167901
Equity Max-Sharpe,2022-04-18,0.007722398507051235
Equity Max-Sharpe,2022-04-19,-0.0029367473796730035
Equity Max-Sharpe,2022-04-20,-0.0063496489057792895
Equity Max-Sharpe,2022-04-21,-0.023054435158533892
Equity Max-Sharpe,2022-04-22,-0.035601327576538735
Equity Max-Sharpe,2022-04-25,-0.002454038770659312
Equity Max-Sharpe,2022-04-26,-0.018237385236349407
Equity Max-Sharpe,2022-04-27,-0.0019285484588165058
Equity Max-Sharpe,2022-04-28,0.0236412918242216
Equity Max-Sharpe,2022-04-29,-0.04805981466919121
Equity Max-Sharpe,2022-05-02,-0.004780902379276828
Equity Max-Sharpe,2022-05-03,0.004122383328566044
Equity Max-Sharpe,2022-05-04,0.014228657927061563
Equity Max-Sharpe,2022-05-05,-0.03685828819338527
Equity Max-Sharpe,2022-05-06,-0.013449780848752733
Equity Max-Sharpe,2022-05-09,-0.05353035425800504
Equity Max-Sharpe,2022-05-10,0.004181733856160112
Equity Max-Sharpe,2022-05-11,-0.014397490651844182
Equity Max-Sharpe,2022-05-12,-0.011403967322295634
Equity Max-Sharpe,2022-05-13,0.01566711268337602
Equity Max-Sharpe,2022-05-16,-0.007485651258012869
Equity Max-Sharpe,2022-05-17,0.01569008546405568
Equity Max-Sharpe,2022-05-18,-0.03590641991663282
Equity Max-Sharpe,2022-05-19,0.012458304315460874
Equity Max-Sharpe,2022-05-20,-0.0010203650892160103
Equity Max-Sharpe,2022-05-23,0.015088222344838882
Equity Max-Sharpe,2022-05-24,-0.0006915850883539133
Equity Max-Sharpe,2022-05-25,0.02075818512798956
Equity Max-Sharpe,2022-05-26,0.012356131259056855
Equity Max-Sharpe,2022-05-27,0.02221458312787892
Equity Max-Sharpe,2022-05-31,-0.01892937091931683
Equity Max-Sharpe,2022-06-01,-0.008566824077598756
Equity Max-Sharpe,2022-06-02,0.02097826778315274
Equity Max-Sharpe,2022-06-03,-0.014649921448414432
Equity Max-Sharpe,2022-06-06,-0.0027541633049746827
Equity Max-Sharpe,2022-06-07,0.01733214579956647
Equity Max-Sharpe,2022-06-08,-0.01636005227777703
Equity Max-Sharpe,2022-06-09,-0.032917116372560264
Equity Max-Sharpe,2022-06-10,-0.015209504902134435
Equity Max-Sharpe,2022-06-13,-0.04528518001107347
Equity Max-Sharpe,2022-06-14,-0.002814247082872723
Equity Max-Sharpe,2022-06-15,0.014395540368768802
Equity Max-Sharpe,2022-06-16,-0.009642653736556534
Equity Max-Sharpe,2022-06-17,-0.0004519583585960561
Equity Max-Sharpe,2022-06-21,0.023654303157122258
Equity Max-Sharpe,2022-06-22,-0.0005519503490652201
Equity Max-Sharpe,2022-06-23,-0.004666076706705158
Equity Max-Sharpe,2022-06-24,0.03133534980840141
Equity Max-Sharpe,2022-06-27,-0.0036653012310596074
Equity Max-Sharpe,2022-06-28,-0.01744250874194307
Equity Max-Sharpe,2022-06-29,-0.007407963011623469
Equity Max-Sharpe,2022-06-30,-0.016242448212564715
Equity Max-Sharpe,2022-07-01,0.003879000751644098
Equity Max-Sharpe,2022-07-05,-0.0013368652199100704
Equity Max-Sharpe,2022-07-06,-0.0011948588090657
Equity Max-Sharpe,2022-07-07,0.009885754776854501
Equity Max-Sharpe,2022-07-08,-0.0003066082442633809
Equity Max-Sharpe,2022-07-11,-0.008535331672238978
Equity Max-Sharpe,2022-07-12,-0.00884483281410847
Equity Max-Sharpe,2022-07-13,0.00012976009211037158
Equity Max-Sharpe,2022-07-14,-0.008603548534160932
Equity Max-Sharpe,2022-07-15,0.01777238213775848
Equity Max-Sharpe,2022-07-18,-0.007421558940459834
Equity Max-Sharpe,2022-07-19,0.014985279895441319
Equity Max-Sharpe,2022-07-20,-0.005308334402027058
Equity Max-Sharpe,2022-07-21,0.00911690592788035
Equity Max-Sharpe,2022-07-22,-0.010695708472918912
Equity Max-Sharpe,2022-07-25,-0.014357284527984866
Equity Max-Sharpe,2022-07-26,0.0020372661207341794
Equity Max-Sharpe,2022-07-27,0.013075498261640433
Equity Max-Sharpe,2022-07-28,0.005077419010280153
Equity Max-Sharpe,2022-07-29,-0.011317647224980763
Equity Max-Sharpe,2022-08-01,-0.007044080414387058
Equity Max-Sharpe,2022-08-02,-0.005588352761960953
Equity Max-Sharpe,2022-08-03,0.0084901480409848
Equity Max-Sharpe,2022-08-04,0.0033324074867580634
Equity Max-Sharpe,2022-08-05,0.0006865098297043701
Equity Max-Sharpe,2022-08-08,-0.00422616981272407
Equity Max-Sharpe,2022-08-09,0.0003190444559270044
Equity Max-Sharpe,2022-08-10,0.020920312883751173
Equity Max-Sharpe,2022-08-11,0.0029773999560814388
Equity Max-Sharpe,2022-08-12,0.014755638702443397
Equity Max-Sharpe,2022-08-15,0.0033244369250974215
Equity Max-Sharpe,2022-08-16,-0.0012300138872654994
Equity Max-Sharpe,2022-08-17,-0.010561300836130187
Equity Max-Sharpe,2022-08-18,0.007185962437147111
Equity Max-Sharpe,2022-08-19,-0.013979491831663067
Equity Max-Sharpe,2022-08-22,-0.020439709950117672
Equity Max-Sharpe,2022-08-23,-0.0005874654019818906
Equity Max-Sharpe,2022-08-24,-0.00017623359285681576
Equity Max-Sharpe,2022-08-25,0.02504766420195196
Equity Max-Sharpe,2022-08-26,-0.03545705483492424
Equity Max-Sharpe,2022-08-29,-0.010806992550060339
Equity Max-Sharpe,2022-08-30,-0.017189838920750006
Equity Max-Sharpe,2022-08-31,-0.012206260929999251
Equity Max-Sharpe,2022-09-01,-0.0020580673792879624
Equity Max-Sharpe,2022-09-02,-0.010349618024579139
Equity Max-Sharpe,2022-09-06,0.009630828754371443
Equity Max-Sharpe,2022-09-07,0.00902428477175665
Equity Max-Sharpe,2022-09-08,0.008389372297504165
Equity Max-Sharpe,2022-09-09,0.01276446681358362
Equity Max-Sharpe,2022-09-12,0.0013963880577308081
Equity Max-Sharpe,2022-09-13,-0.040746158149678
Equity Max-Sharpe,2022-09-14,-0.020310768729901955
Equity Max-Sharpe,2022-09-15,-0.01539112346812179
Equity Max-Sharpe,2022-09-16,-7.225563632234896e-06
Equity Max-Sharpe,2022-09-19,0.00394461363813336
Equity Max-Sharpe,2022-09-20,-0.019909227322253607
Equity Max-Sharpe,2022-09-21,-0.013570611044670569
Equity Max-Sharpe,2022-09-22,-0.011852671251403185
Equity Max-Sharpe,2022-09-23,-0.013919436966966939
Equity Max-Sharpe,2022-09-26,-0.016212908494908
Equity Max-Sharpe,2022-09-27,0.005659063828058681
Equity Max-Sharpe,2022-09-28,0.020183401838226405
Equity Max-Sharpe,2022-09-29,-0.015773446950598527
Equity Max-Sharpe,2022-09-30,-0.009732939082658437
Equity Max-Sharpe,2022-10-03,0.03216736109772178
Equity Max-Sharpe,2022-10-04,0.029285976946502933
Equity Max-Sharpe,2022-10-05,0.00016363945904179777
Equity Max-Sharpe,2022-10-06,-0.011925931139564739
Equity Max-Sharpe,2022-10-07,-0.022223257236210513
Equity Max-Sharpe,2022-10-10,-0.0012290037415449463
Equity Max-Sharpe,2022-10-11,0.008711057248092107
Equity Max-Sharpe,2022-10-12,-0.008569711053892195
Equity Max-Sharpe,2022-10-13,0.0265893705934114
Equity Max-Sharpe,2022-10-14,-0.021369306035262957
Equity Max-Sharpe,2022-10-17,0.02478324105972975
Equity Max-Sharpe,2022-10-18,0.010159921745341458
Equity Max-Sharpe,2022-10-19,-0.010254054910148856
Equity Max-Sharpe,2022-10-20,0.006816974284546724
Equity Max-Sharpe,2022-10-21,0.02848319447265558
Equity Max-Sharpe,2022-10-24,0.010804063069353212
Equity Max-Sharpe,2022-10-25,0.012981450137221956
Equity Max-Sharpe,2022-10-26,0.003720956304092284
Equity Max-Sharpe,2022-10-27,0.0025065224720123977
Equity Max-Sharpe,2022-10-28,0.006703866863896834
Equity Max-Sharpe,2022-10-31,-0.009270584160469697
Equity Max-Sharpe,2022-11-01,0.006301587074670276
Equity Max-Sharpe,2022-11-02,-0.03305096806979599
Equity Max-Sharpe,2022-11-03,-0.003448195432302598
Equity Max-Sharpe,2022-11-04,0.016153006418043073
Equity Max-Sharpe,2022-11-07,0.009793993464068234
Equity Max-Sharpe,2022-11-08,0.01013528432283682
Equity Max-Sharpe,2022-11-09,-0.018619108717944786
Equity Max-Sharpe,2022-11-10,0.043656782746093935
Equity Max-Sharpe,2022-11-11,-0.001500088057815236
Equity Max-Sharpe,2022-11-14,0.004591866901773435
Equity Max-Sharpe,2022-11-15,0.007067657406108916
Equity Max-Sharpe,2022-11-16,-0.01069630102102978
Equity Max-Sharpe,2022-11-17,0.0015227069923659598
Equity Max-Sharpe,2022-11-18,0.008449284007708892
Equity Max-Sharpe,2022-11-21,0.015930890571582784
Equity Max-Sharpe,2022-11-22,0.01923904634841902
Equity Max-Sharpe,2022-11-23,-0.004641855186731589
Equity Max-Sharpe,2022-11-25,-0.0003564755936705449
Equity Max-Sharpe,2022-11-28,-0.015253026544731575
Equity Max-Sharpe,2022-11-29,-0.0017692155130291812
Equity Max-Sharpe,2022-11-30,0.02552619777277412
Equity Max-Sharpe,2022-12-01,0.0017311792085103173
Equity Max-Sharpe,2022-12-02,0.011912788608464685
Equity Max-Sharpe,2022-12-05,-0.0092728856570868
Equity Max-Sharpe,2022-12-06,-0.004277694976202844
Equity Max-Sharpe,2022-12-07,0.00136843635365651
Equity Max-Sharpe,2022-12-08,0.012098222771371969
Equity Max-Sharpe,2022-12-09,-0.01786250094986143
Equity Max-Sharpe,2022-12-12,0.013729033761546394
Equity Max-Sharpe,2022-12-13,0.004535110725739158
Equity Max-Sharpe,2022-12-14,-0.004079786551308096
Equity Max-Sharpe,2022-12-15,-0.033891619196817865
Equity Max-Sharpe,2022-12-16,-0.0112072629913193
Equity Max-Sharpe,2022-12-19,-0.0038043027526703803
Equity Max-Sharpe,2022-12-20,-0.0029550059944917976
Equity Max-Sharpe,2022-12-21,0.015316862847676162
Equity Max-Sharpe,2022-12-22,-0.009397108120211887
Equity Max-Sharpe,2022-12-23,-0.002275838728404725
Equity Max-Sharpe,2022-12-27,-0.008389444510321802
Equity Max-Sharpe,2022-12-28,-0.009317632126986376
Equity Max-Sharpe,2022-12-29,0.007749977932211903
Equity Max-Sharpe,2022-12-30,-0.004616250016005161
Equity Max-Sharpe,2023-01-03,-0.0019220615242512547
Equity Max-Sharpe,2023-01-04,0.01758087514647921
Equity Max-Sharpe,2023-01-05,-0.002230804660089604
Equity Max-Sharpe,2023-01-06,0.028662374939263387
Equity Max-Sharpe,2023-01-09,-0.015688361372225283
Equity Max-Sharpe,2023-01-10,0.012428299545139111
Equity Max-Sharpe,2023-01-11,-0.00291467379179414
Equity Max-Sharpe,2023-01-12,-0.006126543527224599
Equity Max-Sharpe,2023-01-13,0.010275835905914864
Equity Max-Sharpe,2023-01-17,-0.0023559373510193583
Equity Max-Sharpe,2023-01-18,-0.020465889559601824
Equity Max-Sharpe,2023-01-19,-0.007413034257358561
Equity Max-Sharpe,2023-01-20,0.014134641091008635
Equity Max-Sharpe,2023-01-23,0.0059685752597979595
Equity Max-Sharpe,2023-01-24,-0.0011169408075568034
Equity Max-Sharpe,2023-01-25,0.005265711796388233
Equity Max-Sharpe,2023-01-26,0.01806789302474176
Equity Max-Sharpe,2023-01-27,-0.004896917565568015
Equity Max-Sharpe,2023-01-30,-0.010971305494949965
Equity Max-Sharpe,2023-01-31,0.014606036255706282
Equity Max-Sharpe,2023-02-01,0.021490429250894835
Equity Max-Sharpe,2023-02-02,0.001004335704128028
Equity Max-Sharpe,2023-02-03,-0.005538224963732603
Equity Max-Sharpe,2023-02-06,-0.013200395694765549
Equity Max-Sharpe,2023-02-07,0.0057861282866724685
Equity Max-Sharpe,2023-02-08,-0.0028162269627122756
Equity Max-Sharpe,2023-02-09,0.004816945529353841
Equity Max-Sharpe,2023-02-10,0.0021941471498730055
Equity Max-Sharpe,2023-02-13,0.016152089761470263
Equity Max-Sharpe,2023-02-14,0.010593543393108142
Equity Max-Sharpe,2023-02-15,-0.008068005664818826
Equity Max-Sharpe,2023-02-16,-0.011838495629747973
Equity Max-Sharpe,2023-02-17,-0.002715280025638805
Equity Max-Sharpe,2023-02-21,-0.01292738301894716
Equity Max-Sharpe,2023-02-22,-0.005014580666928953
Equity Max-Sharpe,2023-02-23,0.026710315145102782
Equity Max-Sharpe,2023-02-24,-0.004833671509152504
Equity Max-Sharpe,2023-02-27,0.008270464597697971
Equity Max-Sharpe,2023-02-28,0.0021404785336633036
Equity Max-Sharpe,2023-03-01,0.0035299756085672867
Equity Max-Sharpe,2023-03-02,0.012819798641798873
Equity Max-Sharpe,2023-03-03,0.015413421572180844
Equity Max-Sharpe,2023-03-06,-0.009866424240502552
Equity Max-Sharpe,2023-03-07,-0.016637053864056454
Equity Max-Sharpe,2023-03-08,0.0029246086267243673
Equity Max-Sharpe,2023-03-09,-0.023451641679144628
Equity Max-Sharpe,2023-03-10,-0.014140614595224204
Equity Max-Sharpe,2023-03-13,0.0013113295025467928
Equity Max-Sharpe,2023-03-14,0.018609680920940147
Equity Max-Sharpe,2023-03-15,-0.01817329324148108
Equity Max-Sharpe,2023-03-16,0.018305615884546985
Equity Max-Sharpe,2023-03-17,-0.004261004412361947
Equity Max-Sharpe,2023-03-20,0.015004775845762222
Equity Max-Sharpe,2023-03-21,0.011942236574473113
Equity Max-Sharpe,2023-03-22,-0.015620715855332026
Equity Max-Sharpe,2023-03-23,0.011890347505618563
Equity Max-Sharpe,2023-03-24,0.0059583589698502405
Equity Max-Sharpe,2023-03-27,-0.00241990598263519
Equity Max-Sharpe,2023-03-28,-0.0012825178632155318
Equity Max-Sharpe,2023-03-29,0.008625329500568532
Equity Max-Sharpe,2023-03-30,0.007453791624096515
Equity Max-Sharpe,2023-03-31,0.014260628382971733
Equity Max-Sharpe,2023-04-03,0.005414872153177476
Equity Max-Sharpe,2023-04-04,-0.02126921456744095
Equity Max-Sharpe,2023-04-05,-0.002662841428471775
Equity Max-Sharpe,2023-04-06,0.006853065369211556
Equity Max-Sharpe,2023-04-10,0.006146226860112307
Equity Max-Sharpe,2023-04-11,-0.0012169241563189533
Equity Max-Sharpe,2023-04-12,-0.005901077592841555
Equity Max-Sharpe,2023-04-13,0.0036164620616908594
Equity Max-Sharpe,2023-04-14,-0.0024788253837399253
Equity Max-Sharpe,2023-04-17,0.003833674445102441
Equity Max-Sharpe,2023-04-18,0.00713257691594285
Equity Max-Sharpe,2023-04-19,0.0020827323418344305
Equity Max-Sharpe,2023-04-20,0.00502279309581031
Equity Max-Sharpe,2023-04-21,-0.0003653691779923371
Equity Max-Sharpe,2023-04-24,0.006103255324395546
Equity Max-Sharpe,2023-04-25,-0.015831331793019644
Equity Max-Sharpe,2023-04-26,-0.006949447420936811
Equity Max-Sharpe,2023-04-27,-0.026498787983988397
Equity Max-Sharpe,2023-04-28,0.01119476053400939
Equity Max-Sharpe,2023-05-01,0.01626227584277967
Equity Max-Sharpe,2023-05-02,-0.017650109030922217
Equity Max-Sharpe,2023-05-03,-0.012920654592725744
Equity Max-Sharpe,2023-05-04,-0.0166565527253221
Equity Max-Sharpe,2023-05-05,0.019559464265945917
Equity Max-Sharpe,2023-05-08,0.002055134745498002
Equity Max-Sharpe,2023-05-09,-0.009153497066156301
Equity Max-Sharpe,2023-05-10,-0.0024462964412777736
Equity Max-Sharpe,2023-05-11,-0.0039720964571136365
Equity Max-Sharpe,2023-05-12,0.0009893494836311556
Equity Max-Sharpe,2023-05-15,0.006865008481806558
Equity Max-Sharpe,2023-05-16,-0.013098844266385416
Equity Max-Sharpe,2023-05-17,0.015327134711517545
Equity Max-Sharpe,2023-05-18,0.01573322768069483
Equity Max-Sharpe,2023-05-19,-0.0007781003030081935
Equity Max-Sharpe,2023-05-22,-0.0005471679615253966
Equity Max-Sharpe,2023-05-23,-0.014113855858444008
Equity Max-Sharpe,2023-05-24,-0.009446303542015177
Equity Max-Sharpe,2023-05-25,0.06431525806289999
Equity Max-Sharpe,2023-05-26,0.006022328569441021
Equity Max-Sharpe,2023-05-30,0.0003966900275856732
Equity Max-Sharpe,2023-05-31,-0.01475435528538245
Equity Max-Sharpe,2023-06-01,0.011030633656414324
Equity Max-Sharpe,2023-06-02,0.016423975536334498
Equity Max-Sharpe,2023-06-05,-0.0022857232441077656
Equity Max-Sharpe,2023-06-06,-0.006424412272256871
Equity Max-Sharpe,2023-06-07,-0.0041502859418292735
Equity Max-Sharpe,2023-06-08,0.013921661393792384
Equity Max-Sharpe,2023-06-09,0.0024675977689645147
Equity Max-Sharpe,2023-06-12,0.009788431335060578
Equity Max-Sharpe,2023-06-13,0.024895397080616378
Equity Max-Sharpe,2023-06-14,0.01044552361485475
Equity Max-Sharpe,2023-06-15,-0.00322613137636941
Equity Max-Sharpe,2023-06-16,0.0077317657049391616
Equity Max-Sharpe,2023-06-20,0.005853695503371767
Equity Max-Sharpe,2023-06-21,-0.006863508459105002
Equity Max-Sharpe,2023-06-22,0.002804996373057597
Equity Max-Sharpe,2023-06-23,-0.011736224744811757
Equity Max-Sharpe,2023-06-26,-0.01625870337898497
Equity Max-Sharpe,2023-06-27,0.012492926367517249
Equity Max-Sharpe,2023-06-28,-0.007247813624645433
Equity Max-Sharpe,2023-06-29,0.0021786170277275497
Equity Max-Sharpe,2023-06-30,0.0204012743798955
Equity Max-Sharpe,2023-07-03,0.004069571616403853
Equity Max-Sharpe,2023-07-05,-0.0037538015199529364
Equity Max-Sharpe,2023-07-06,-0.00414562726796529
Equity Max-Sharpe,2023-07-07,0.0025520291688171945
Equity Max-Sharpe,2023-07-10,-0.0010776712130978004
Equity Max-Sharpe,2023-07-11,0.01111034038620529
Equity Max-Sharpe,2023-07-12,0.015565918645428767
Equity Max-Sharpe,2023-07-13,0.019148929824169308
Equity Max-Sharpe,2023-07-14,-0.0033341847695994515
Equity Max-Sharpe,2023-07-17,0.00753491890369299
Equity Max-Sharpe,2023-07-18,0.018858285184985557
Equity Max-Sharpe,2023-07-19,-0.007601272784151667
Equity Max-Sharpe,2023-07-20,-0.005899750442954136
Equity Max-Sharpe,2023-07-21,-0.011000520576183934
Equity Max-Sharpe,2023-07-24,0.005649693097103619
Equity Max-Sharpe,2023-07-25,0.016395852553194694
Equity Max-Sharpe,2023-07-26,-0.007568998992500701
Equity Max-Sharpe,2023-07-27,0.016290854292086057
Equity Max-Sharpe,2023-07-28,0.01220952328618909
Equity Max-Sharpe,2023-07-31,0.0024351057920263927
Equity Max-Sharpe,2023-08-01,-0.0032301483062688345
Equity Max-Sharpe,2023-08-02,-0.021354708326415263
Equity Max-Sharpe,2023-08-03,0.00436822142096531
Equity Max-Sharpe,2023-08-04,-0.007328340281700344
Equity Max-Sharpe,2023-08-07,0.015144186891286727
Equity Max-Sharpe,2023-08-08,-0.007371515448120962
Equity Max-Sharpe,2023-08-09,-0.01637382041566876
Equity Max-Sharpe,2023-08-10,-0.0041684790907607384
Equity Max-Sharpe,2023-08-11,-0.011985416980275651
Equity Max-Sharpe,2023-08-14,0.035776037355697364
Equity Max-Sharpe,2023-08-15,-0.0024810381980643025
Equity Max-Sharpe,2023-08-16,-0.006516430142961724
Equity Max-Sharpe,2023-08-17,-0.005822120351473668
Equity Max-Sharpe,2023-08-18,0.0004626748037912762
Equity Max-Sharpe,2023-08-21,0.03232064866516505
Equity Max-Sharpe,2023-08-22,-0.014571622374248427
Equity Max-Sharpe,2023-08-23,0.007546901562409237
Equity Max-Sharpe,2023-08-24,-0.003537448090144187
Equity Max-Sharpe,2023-08-25,-0.008827648967453111
Equity Max-Sharpe,2023-08-28,0.011024183798945823
Equity Max-Sharpe,2023-08-29,0.023410486698848154
Equity Max-Sharpe,2023-08-30,0.0037233379751682076
Equity Max-Sharpe,2023-08-31,-0.0001837929610863582
Equity Max-Sharpe,2023-09-01,-0.0030073521371645705
Equity Max-Sharpe,2023-09-05,-0.007814051730183657
Equity Max-Sharpe,2023-09-06,-0.015601610167982304
Equity Max-Sharpe,2023-09-07,0.0013767473386115422
Equity Max-Sharpe,2023-09-08,-0.010751118435979347
Equity Max-Sharpe,2023-09-11,-0.006051893761992553
Equity Max-Sharpe,2023-09-12,-0.00204111045292901
Equity Max-Sharpe,2023-09-13,0.007258263085334515
Equity Max-Sharpe,2023-09-14,0.013157433130697012
Equity Max-Sharpe,2023-09-15,-0.03255453254172553
Equity Max-Sharpe,2023-09-18,0.003855511301059264
Equity Max-Sharpe,2023-09-19,4.773661509235236e-05
Equity Max-Sharpe,2023-09-20,-0.015738034503933605
Equity Max-Sharpe,2023-09-21,-0.017926623867719566
Equity Max-Sharpe,2023-09-22,0.006650476773436174
Equity Max-Sharpe,2023-09-25,0.01368329065488249
Equity Max-Sharpe,2023-09-26,-0.009824580274776038
Equity Max-Sharpe,2023-09-27,0.00995545393711395
Equity Max-Sharpe,2023-09-28,0.007550172601929843
Equity Max-Sharpe,2023-09-29,-0.0058568562886412694
Equity Max-Sharpe,2023-10-02,0.0062131299389273885
Equity Max-Sharpe,2023-10-03,-0.011293810417802846
Equity Max-Sharpe,2023-10-04,0.0037687519368698186
Equity Max-Sharpe,2023-10-05,0.002853371065424915
Equity Max-Sharpe,2023-10-06,0.010883450903940502
Equity Max-Sharpe,2023-10-09,-0.0012260384469893054
Equity Max-Sharpe,2023-10-10,0.003819768064992679
Equity Max-Sharpe,2023-10-11,0.005846728898723216
Equity Max-Sharpe,2023-10-12,-0.006134745442596763
Equity Max-Sharpe,2023-10-13,-0.011244504616853328
Equity Max-Sharpe,2023-10-16,0.0058107288558045195
Equity Max-Sharpe,2023-10-17,-0.011174611894142199
Equity Max-Sharpe,2023-10-18,-0.01907632985724108
Equity Max-Sharpe,2023-10-19,-0.011945949571889498
Equity Max-Sharpe,2023-10-20,-0.008699232143626237
Equity Max-Sharpe,2023-10-23,0.008576857114836044
Equity Max-Sharpe,2023-10-24,0.017934638803186874
Equity Max-Sharpe,2023-10-25,-0.022002954365504195
Equity Max-Sharpe,2023-10-26,-0.00939413515596437
Equity Max-Sharpe,2023-10-27,-0.01614605253637815
Equity Max-Sharpe,2023-10-30,0.015410799999314198
Equity Max-Sharpe,2023-10-31,-0.006785686181730089
Equity Max-Sharpe,2023-11-01,0.01865553285791285
Equity Max-Sharpe,2023-11-02,0.0182969251909754
Equity Max-Sharpe,2023-11-03,0.009656281895264079
Equity Max-Sharpe,2023-11-06,0.0060267152716616664
Equity Max-Sharpe,2023-11-07,0.0013220428816427586
Equity Max-Sharpe,2023-11-08,0.005283613882453237
Equity Max-Sharpe,2023-11-09,-0.010255436128755402
Equity Max-Sharpe,2023-11-10,0.015328942227202371
Equity Max-Sharpe,2023-11-13,0.0028423146478428786
Equity Max-Sharpe,2023-11-14,0.009184403620835634
Equity Max-Sharpe,2023-11-15,-0.0050821910631256885
Equity Max-Sharpe,2023-11-16,0.002657775839453834
Equity Max-Sharpe,2023-11-17,0.0018935003564497553
Equity Max-Sharpe,2023-11-20,0.009116709987416979
Equity Max-Sharpe,2023-11-21,-0.002129237213229651
Equity Max-Sharpe,2023-11-22,-0.010384040269279774
Equity Max-Sharpe,2023-11-24,-0.007022005357392601
Equity Max-Sharpe,2023-11-27,0.00928894362776053
Equity Max-Sharpe,2023-11-28,-0.005977060996399801
Equity Max-Sharpe,2023-11-29,0.006335417189717844
Equity Max-Sharpe,2023-11-30,0.00654091280391926
Equity Max-Sharpe,2023-12-01,0.003214039082816389
Equity Max-Sharpe,2023-12-04,-0.013130461514411867
Equity Max-Sharpe,2023-12-05,0.008082558521146215
Equity Max-Sharpe,2023-12-06,-0.009744994960339513
Equity Max-Sharpe,2023-12-07,0.014910467232884224
Equity Max-Sharpe,2023-12-08,0.009245946264067523
Equity Max-Sharpe,2023-12-11,0.0010348935962695258
Equity Max-Sharpe,2023-12-12,0.01237308198922896
Equity Max-Sharpe,2023-12-13,0.01029555776251301
Equity Max-Sharpe,2023-12-14,0.009228553286351375
Equity Max-Sharpe,2023-12-15,0.005287802973773564
Equity Max-Sharpe,2023-12-18,0.010262446444041026
Equity Max-Sharpe,2023-12-19,0.0016048575025909794
Equity Max-Sharpe,2023-12-20,-0.019402004878284217
Equity Max-Sharpe,2023-12-21,0.01067730454164061
Equity Max-Sharpe,2023-12-22,0.006072902198298363
Equity Max-Sharpe,2023-12-26,0.0032996693166155084
Equity Max-Sharpe,2023-12-27,0.0012789362365571626
Equity Max-Sharpe,2023-12-28,-0.002258452340536949
Equity Max-Sharpe,2023-12-29,-0.0009755558810664902
Equity Mean-CVaR,2021-01-04,0.011914762204875702
Equity Mean-CVaR,2021-01-05,-0.00024057014025575954
Equity Mean-CVaR,2021-01-06,0.012389856339435618
Equity Mean-CVaR,2021-01-07,0.008043616909682109
Equity Mean-CVaR,2021-01-08,-0.009909400742183152
Equity Mean-CVaR,2021-01-11,0.006784874243272357
Equity Mean-CVaR,2021-01-12,-0.002906828229272981
Equity Mean-CVaR,2021-01-13,-0.008607623482728633
Equity Mean-CVaR,2021-01-14,0.0005060370883545487
Equity Mean-CVaR,2021-01-15,-0.00575771431935042
Equity Mean-CVaR,2021-01-19,-0.00394910926164
Equity Mean-CVaR,2021-01-20,0.010216247140959303
Equity Mean-CVaR,2021-01-21,-0.010984183663589196
Equity Mean-CVaR,2021-01-22,0.0017838537376597828
Equity Mean-CVaR,2021-01-25,-0.0001421108900486663
Equity Mean-CVaR,2021-01-26,-0.0013570532227055532
Equity Mean-CVaR,2021-01-27,-0.03282923632358356
Equity Mean-CVaR,2021-01-28,0.007234070058467248
Equity Mean-CVaR,2021-01-29,-0.013899671262111335
Equity Mean-CVaR,2021-02-01,-0.0016948671390483788
Equity Mean-CVaR,2021-02-02,0.00848964536118573
Equity Mean-CVaR,2021-02-03,-0.004370724255896277
Equity Mean-CVaR,2021-02-04,-0.003632130349407322
Equity Mean-CVaR,2021-02-05,0.011589078721493756
Equity Mean-CVaR,2021-02-08,0.005260100041336717
Equity Mean-CVaR,2021-02-09,-0.005740308254451607
Equity Mean-CVaR,2021-02-10,-0.005359048067228371
Equity Mean-CVaR,2021-02-11,-0.006708625804520632
Equity Mean-CVaR,2021-02-12,0.005894955750910886
Equity Mean-CVaR,2021-02-16,-0.006272869012346216
Equity Mean-CVaR,2021-02-17,0.007250819369693265
Equity Mean-CVaR,2021-02-18,-0.019680926421382396
Equity Mean-CVaR,2021-02-19,-0.006921898686949614
Equity Mean-CVaR,2021-02-22,-0.0006170463630074956
Equity Mean-CVaR,2021-02-23,-0.010686652020380709
Equity Mean-CVaR,2021-02-24,-0.0033677362181985366
Equity Mean-CVaR,2021-02-25,-0.005598649858582378
Equity Mean-CVaR,2021-02-26,-0.019717994341313078
Equity Mean-CVaR,2021-03-01,0.006155054345446692
Equity Mean-CVaR,2021-03-02,0.004151983391259389
Equity Mean-CVaR,2021-03-03,-0.010995484418776812
Equity Mean-CVaR,2021-03-04,-0.008649004187247898
Equity Mean-CVaR,2021-03-05,0.011206718481382756
Equity Mean-CVaR,2021-03-08,-0.0037098408781020263
Equity Mean-CVaR,2021-03-09,0.0074908932288857664
Equity Mean-CVaR,2021-03-10,0.012853074383510504
Equity Mean-CVaR,2021-03-11,0.003868778049012331
Equity Mean-CVaR,2021-03-12,0.008857122227955707
Equity Mean-CVaR,2021-03-15,0.011812766058478528
Equity Mean-CVaR,2021-03-16,0.003816351292249249
Equity Mean-CVaR,2021-03-17,-0.0006997876795272317
Equity Mean-CVaR,2021-03-18,-0.005197338746448894
Equity Mean-CVaR,2021-03-19,0.004745513580176113
Equity Mean-CVaR,2021-03-22,0.0017852788168796038
Equity Mean-CVaR,2021-03-23,-0.0013004344465621783
Equity Mean-CVaR,2021-03-24,-0.0025974614738936814
Equity Mean-CVaR,2021-03-25,0.0020186506779689916
Equity Mean-CVaR,2021-03-26,0.015357121014337512
Equity Mean-CVaR,2021-03-29,0.01057972570860952
Equity Mean-CVaR,2021-03-30,-0.011789758397185343
Equity Mean-CVaR,2021-03-31,-5.873337274509997e-05
Equity Mean-CVaR,2021-04-01,0.005155360641262183
Equity Mean-CVaR,2021-04-05,0.014188515260188852
Equity Mean-CVaR,2021-04-06,-0.0019368837214309093
Equity Mean-CVaR,2021-04-07,-0.0011616086228635586
Equity Mean-CVaR,2021-04-08,-0.0025330414353708797
Equity Mean-CVaR,2021-04-09,0.0045257518765730986
Equity Mean-CVaR,2021-04-12,-0.0029257380661628462
Equity Mean-CVaR,2021-04-13,0.001952551551903066
Equity Mean-CVaR,2021-04-14,-0.0015897587899219615
Equity Mean-CVaR,2021-04-15,0.009669880696159594
Equity Mean-CVaR,2021-04-16,0.003499188763412985
Equity Mean-CVaR,2021-04-19,-0.0031338093555738494
Equity Mean-CVaR,2021-04-20,0.007548981712460191
Equity Mean-CVaR,2021-04-21,0.005755458588773302
Equity Mean-CVaR,2021-04-22,-0.008825091650730952
Equity Mean-CVaR,2021-04-23,-0.0004196807145619571
Equity Mean-CVaR,2021-04-26,-0.008276407694895974
Equity Mean-CVaR,2021-04-27,-0.0063441473856811455
Equity Mean-CVaR,2021-04-28,-0.0012045249261847723
Equity Mean-CVaR,2021-04-29,-0.008012612756146148
Equity Mean-CVaR,2021-04-30,0.001959341470326485
Equity Mean-CVaR,2021-05-03,0.012282858686189327
Equity Mean-CVaR,2021-05-04,-0.005585823134414235
Equity Mean-CVaR,2021-05-05,0.008807051145160078
Equity Mean-CVaR,2021-05-06,0.007769495442711905
Equity Mean-CVaR,2021-05-07,0.002501539686200849
Equity Mean-CVaR,2021-05-10,0.0044176198381534835
Equity Mean-CVaR,2021-05-11,-0.007974340996143225
Equity Mean-CVaR,2021-05-12,-0.014157207621174426
Equity Mean-CVaR,2021-05-13,0.012044854973209215
Equity Mean-CVaR,2021-05-14,0.008493318100331024
Equity Mean-CVaR,2021-05-17,0.01084791838943235
Equity Mean-CVaR,2021-05-18,0.004434944338953485
Equity Mean-CVaR,2021-05-19,0.0072328295667516505
Equity Mean-CVaR,2021-05-20,0.0070537045871887335
Equity Mean-CVaR,2021-05-21,-0.0042594667881092705
Equity Mean-CVaR,2021-05-24,0.0010862393535207274
Equity Mean-CVaR,2021-05-25,-0.006420297698392232
Equity Mean-CVaR,2021-05-26,-0.0007330500940557975
Equity Mean-CVaR,2021-05-27,-0.004515543555919379
Equity Mean-CVaR,2021-05-28,0.0006421100573770778
Equity Mean-CVaR,2021-06-01,-0.004634390736766904
Equity Mean-CVaR,2021-06-02,-0.003013685765958749
Equity Mean-CVaR,2021-06-03,0.004831291260653294
Equity Mean-CVaR,2021-06-04,0.008347807830189983
Equity Mean-CVaR,2021-06-07,-0.008652789007811905
Equity Mean-CVaR,2021-06-08,-0.006240796933004442
Equity Mean-CVaR,2021-06-09,0.0034611517340347566
Equity Mean-CVaR,2021-06-10,0.012937469776621
Equity Mean-CVaR,2021-06-11,0.0020856094883198147
Equity Mean-CVaR,2021-06-14,-0.002524849731563355
Equity Mean-CVaR,2021-06-15,-0.007587104927788176
Equity Mean-CVaR,2021-06-16,-0.011884650552026532
Equity Mean-CVaR,2021-06-17,-0.006152438480657766
Equity Mean-CVaR,2021-06-18,-0.01216287341417405
Equity Mean-CVaR,2021-06-21,0.009271005392940549
Equity Mean-CVaR,2021-06-22,-0.0009644091081863143
Equity Mean-CVaR,2021-06-23,-0.008900679653662221
Equity Mean-CVaR,2021-06-24,0.007565376513100835
Equity Mean-CVaR,2021-06-25,0.008034062619985804
Equity Mean-CVaR,2021-06-28,0.0018529473899858643
Equity Mean-CVaR,2021-06-29,-0.0010824742199269165
Equity Mean-CVaR,2021-06-30,0.013655055553464199
Equity Mean-CVaR,2021-07-01,-0.0018744171865728476
Equity Mean-CVaR,2021-07-02,0.0039909778328087765
Equity Mean-CVaR,2021-07-06,-0.0048274296998187865
Equity Mean-CVaR,2021-07-07,0.0025467534866105332
Equity Mean-CVaR,2021-07-08,-0.006092976079083574
Equity Mean-CVaR,2021-07-09,0.004881128527495864
Equity Mean-CVaR,2021-07-12,-0.0023277324935753055
Equity Mean-CVaR,2021-07-13,0.001987784609319159
Equity Mean-CVaR,2021-07-14,0.004414207668047549
Equity Mean-CVaR,2021-07-15,-0.00019462560450765896
Equity Mean-CVaR,2021-07-16,-0.0023251130273706767
Equity Mean-CVaR,2021-07-19,-0.009269646879145837
Equity Mean-CVaR,2021-07-20,0.0015753851847864603
Equity Mean-CVaR,2021-07-21,-0.001830532495908007
Equity Mean-CVaR,2021-07-22,-0.0001338237886591564
Equity Mean-CVaR,2021-07-23,0.009337654665831845
Equity Mean-CVaR,2021-07-26,0.0020480397561205128
Equity Mean-CVaR,2021-07-27,0.0005707543374812395
Equity Mean-CVaR,2021-07-28,0.0016057399551114586
Equity Mean-CVaR,2021-07-29,-0.0035423639872094142
Equity Mean-CVaR,2021-07-30,0.0017342904181329019
Equity Mean-CVaR,2021-08-02,-0.0045078962634921334
Equity Mean-CVaR,2021-08-03,0.001394780466342962
Equity Mean-CVaR,2021-08-04,-0.009379787147718106
Equity Mean-CVaR,2021-08-05,0.004828621366820998
Equity Mean-CVaR,2021-08-06,-0.0030088929625556094
Equity Mean-CVaR,2021-08-09,-0.00011875256454035887
Equity Mean-CVaR,2021-08-10,0.006573660064758795
Equity Mean-CVaR,2021-08-11,0.007028001118139627
Equity Mean-CVaR,2021-08-12,0.0008425954532239781
Equity Mean-CVaR,2021-08-13,0.003333298123968516
Equity Mean-CVaR,2021-08-16,0.007512933961310753
Equity Mean-CVaR,2021-08-17,0.0028190488006022973
Equity Mean-CVaR,2021-08-18,-0.013603781064453067
Equity Mean-CVaR,2021-08-19,0.0019176618389538666
Equity Mean-CVaR,2021-08-20,0.0038249057939475075
Equity Mean-CVaR,2021-08-23,0.001766858301267651
Equity Mean-CVaR,2021-08-24,-0.005353324631222055
Equity Mean-CVaR,2021-08-25,-0.005246509682127058
Equity Mean-CVaR,2021-08-26,-0.006435391130944863
Equity Mean-CVaR,2021-08-27,0.0017912480779525173
Equity Mean-CVaR,2021-08-30,0.002113973192058877
Equity Mean-CVaR,2021-08-31,0.0024458373436358665
Equity Mean-CVaR,2021-09-01,-0.0008507862743474055
Equity Mean-CVaR,2021-09-02,0.006917234425443326
Equity Mean-CVaR,2021-09-03,0.001327216573404031
Equity Mean-CVaR,2021-09-07,-0.01817745730414667
Equity Mean-CVaR,2021-09-08,0.002075125344285995
Equity Mean-CVaR,2021-09-09,-0.01101511953197843
Equity Mean-CVaR,2021-09-10,-0.005872983671854258
Equity Mean-CVaR,2021-09-13,-0.0031414800268882723
Equity Mean-CVaR,2021-09-14,-0.005629962895200576
Equity Mean-CVaR,2021-09-15,0.005970477039243936
Equity Mean-CVaR,2021-09-16,-0.007815216319447541
Equity Mean-CVaR,2021-09-17,-0.0047918396170435786
Equity Mean-CVaR,2021-09-20,-0.009384795421772247
Equity Mean-CVaR,2021-09-21,-0.0017581164024419909
Equity Mean-CVaR,2021-09-22,0.0001896982223563913
Equity Mean-CVaR,2021-09-23,0.003994101249821082
Equity Mean-CVaR,2021-09-24,-0.000423157913281106
Equity Mean-CVaR,2021-09-27,-0.0034014024524792836
Equity Mean-CVaR,2021-09-28,-0.004359534982721013
Equity Mean-CVaR,2021-09-29,0.006863115184932286
Equity Mean-CVaR,2021-09-30,-0.005951436300295673
Equity Mean-CVaR,2021-10-01,0.011170335420371042
Equity Mean-CVaR,2021-10-04,0.0002435804084353276
Equity Mean-CVaR,2021-10-05,0.0027375599239156732
Equity Mean-CVaR,2021-10-06,0.0040623078822049664
Equity Mean-CVaR,2021-10-07,0.011404878048325177
Equity Mean-CVaR,2021-10-08,-0.0003838410036371473
Equity Mean-CVaR,2021-10-11,-0.004432874201601007
Equity Mean-CVaR,2021-10-12,0.001123160343003124
Equity Mean-CVaR,2021-10-13,0.0015644010192672761
Equity Mean-CVaR,2021-10-14,0.0076698934754266465
Equity Mean-CVaR,2021-10-15,0.0005574056312672473
Equity Mean-CVaR,2021-10-18,-0.001286143718111827
Equity Mean-CVaR,2021-10-19,0.013632672318165341
Equity Mean-CVaR,2021-10-20,0.008590572724524724
Equity Mean-CVaR,2021-10-21,0.00819364924802326
Equity Mean-CVaR,2021-10-22,0.003557091718653018
Equity Mean-CVaR,2021-10-25,0.008015573604406048
Equity Mean-CVaR,2021-10-26,-0.0023679278624524833
Equity Mean-CVaR,2021-10-27,-0.008902896806065392
Equity Mean-CVaR,2021-10-28,0.012122368049280637
Equity Mean-CVaR,2021-10-29,0.0016426023957286622
Equity Mean-CVaR,2021-11-01,0.0035779018848328867
Equity Mean-CVaR,2021-11-02,0.00547518239042125
Equity Mean-CVaR,2021-11-03,0.002637218322257184
Equity Mean-CVaR,2021-11-04,0.009627194793716952
Equity Mean-CVaR,2021-11-05,-0.01930180509610493
Equity Mean-CVaR,2021-11-08,-0.003725054203451334
Equity Mean-CVaR,2021-11-09,0.003994694615221944
Equity Mean-CVaR,2021-11-10,0.0005608964824545689
Equity Mean-CVaR,2021-11-11,0.002074009687723789
Equity Mean-CVaR,2021-11-12,0.002168706522991021
Equity Mean-CVaR,2021-11-15,-0.008401045952138421
Equity Mean-CVaR,2021-11-16,-0.007663003890531316
Equity Mean-CVaR,2021-11-17,-0.0063374491868513575
Equity Mean-CVaR,2021-11-18,-0.001465213472837124
Equity Mean-CVaR,2021-11-19,-0.009007056540069482
Equity Mean-CVaR,2021-11-22,0.002527325961934569
Equity Mean-CVaR,2021-11-23,0.004976430687540594
Equity Mean-CVaR,2021-11-24,-0.0016753801614838675
Equity Mean-CVaR,2021-11-26,-0.010458212296212202
Equity Mean-CVaR,2021-11-29,-0.011493675915424661
Equity Mean-CVaR,2021-11-30,-0.015585034165534622
Equity Mean-CVaR,2021-12-01,-0.014940067748833356
Equity Mean-CVaR,2021-12-02,-0.0015202043812617095
Equity Mean-CVaR,2021-12-03,0.011204171949493998
Equity Mean-CVaR,2021-12-06,0.00839738826045798
Equity Mean-CVaR,2021-12-07,0.0006591941351375009
Equity Mean-CVaR,2021-12-08,0.001124371469005501
Equity Mean-CVaR,2021-12-09,0.000166223949040388
Equity Mean-CVaR,2021-12-10,0.006847817996674219
Equity Mean-CVaR,2021-12-13,0.008582522534701341
Equity Mean-CVaR,2021-12-14,0.004373747103738408
Equity Mean-CVaR,2021-12-15,0.006265167272357921
Equity Mean-CVaR,2021-12-16,0.008095746822497385
Equity Mean-CVaR,2021-12-17,-0.012025211928308958
Equity Mean-CVaR,2021-12-20,0.0005803263917944215
Equity Mean-CVaR,2021-12-21,0.0027138928990991405
Equity Mean-CVaR,2021-12-22,0.0013729238846250883
Equity Mean-CVaR,2021-12-23,0.0018942230298267205
Equity Mean-CVaR,2021-12-27,0.009577334901103839
Equity Mean-CVaR,2021-12-28,0.005702735845962958
Equity Mean-CVaR,2021-12-29,0.003708138871667665
Equity Mean-CVaR,2021-12-30,0.0017039400770865014
Equity Mean-CVaR,2021-12-31,0.00020424723085140511
Equity Mean-CVaR,2022-01-03,-0.0018335569529095846
Equity Mean-CVaR,2022-01-04,-0.001963192955290327
Equity Mean-CVaR,2022-01-05,-0.00032650873962967314
Equity Mean-CVaR,2022-01-06,-0.009983021333427575
Equity Mean-CVaR,2022-01-07,0.005575649504787247
Equity Mean-CVaR,2022-01-10,-0.011284737934349214
Equity Mean-CVaR,2022-01-11,0.0040333641445854706
Equity Mean-CVaR,2022-01-12,0.005252184712576588
Equity Mean-CVaR,2022-01-13,0.0026252997362503343
Equity Mean-CVaR,2022-01-14,-0.004617425247107634
Equity Mean-CVaR,2022-01-18,-0.00614173440421007
Equity Mean-CVaR,2022-01-19,0.011751645330639722
Equity Mean-CVaR,2022-01-20,-0.013541980993575365
Equity Mean-CVaR,2022-01-21,-0.004137771618473857
Equity Mean-CVaR,2022-01-24,-0.0016854879321334597
Equity Mean-CVaR,2022-01-25,-0.009358502234883097
Equity Mean-CVaR,2022-01-26,-0.012373290052910805
Equity Mean-CVaR,2022-01-27,0.0017840887714994124
Equity Mean-CVaR,2022-01-28,0.004102103943875659
Equity Mean-CVaR,2022-01-31,0.013584400129191723
Equity Mean-CVaR,2022-02-01,0.0005678762041607347
Equity Mean-CVaR,2022-02-02,0.005930905848388148
Equity Mean-CVaR,2022-02-03,-0.009366024718153511
Equity Mean-CVaR,2022-02-04,-0.004506761547676642
Equity Mean-CVaR,2022-02-07,-0.0008556136570034545
Equity Mean-CVaR,2022-02-08,-0.002395653375410357
Equity Mean-CVaR,2022-02-09,0.0009119598104055928
Equity Mean-CVaR,2022-02-10,-0.013917600679478044
Equity Mean-CVaR,2022-02-11,-0.0001817230198309012
Equity Mean-CVaR,2022-02-14,-0.007182093249736858
Equity Mean-CVaR,2022-02-15,0.00391132599678123
Equity Mean-CVaR,2022-02-16,-0.0034978640063225777
Equity Mean-CVaR,2022-02-17,0.006002566919653519
Equity Mean-CVaR,2022-02-18,-0.005436595089741241
Equity Mean-CVaR,2022-02-22,-0.008655365348386223
Equity Mean-CVaR,2022-02-23,-0.0033803969085800718
Equity Mean-CVaR,2022-02-24,-0.0052853364191055895
Equity Mean-CVaR,2022-02-25,0.022401802737570652
Equity Mean-CVaR,2022-02-28,-0.010066237950778026
Equity Mean-CVaR,2022-03-01,-0.0011695632820551824
Equity Mean-CVaR,2022-03-02,0.009175167068935517
Equity Mean-CVaR,2022-03-03,0.009566027211830294
Equity Mean-CVaR,2022-03-04,0.011421079242435905
Equity Mean-CVaR,2022-03-07,-0.00638300564978343
Equity Mean-CVaR,2022-03-08,-0.01376225041822612
Equity Mean-CVaR,2022-03-09,0.007989372456147203
Equity Mean-CVaR,2022-03-10,0.003802296296606167
Equity Mean-CVaR,2022-03-11,-0.008542409301351413
Equity Mean-CVaR,2022-03-14,-0.005797196968637017
Equity Mean-CVaR,2022-03-15,0.008304739954927757
Equity Mean-CVaR,2022-03-16,0.005596927824189252
Equity Mean-CVaR,2022-03-17,0.009706710378115548
Equity Mean-CVaR,2022-03-18,0.005671746505463821
Equity Mean-CVaR,2022-03-21,0.0005118256965080579
Equity Mean-CVaR,2022-03-22,0.004150268276483683
Equity Mean-CVaR,2022-03-23,-0.006474255116582379
Equity Mean-CVaR,2022-03-24,0.005570854820006466
Equity Mean-CVaR,2022-03-25,0.00881394685027752
Equity Mean-CVaR,2022-03-28,0.007198671761042953
Equity Mean-CVaR,2022-03-29,0.012641499718477296
Equity Mean-CVaR,2022-03-30,0.0051980848469238275
Equity Mean-CVaR,2022-03-31,-0.009672988038133889
Equity Mean-CVaR,2022-04-01,0.01110765595439073
Equity Mean-CVaR,2022-04-04,0.0010649879206597916
Equity Mean-CVaR,2022-04-05,-0.00414879012216388
Equity Mean-CVaR,2022-04-06,0.010079637171377786
Equity Mean-CVaR,2022-04-07,0.00600692525291642
Equity Mean-CVaR,2022-04-08,0.004037298212690502
Equity Mean-CVaR,2022-04-11,-0.01283952118571312
Equity Mean-CVaR,2022-04-12,-0.003267088905750017
Equity Mean-CVaR,2022-04-13,0.01146108798255151
Equity Mean-CVaR,2022-04-14,0.0029935560731699454
Equity Mean-CVaR,2022-04-18,-0.006434510251927729
Equity Mean-CVaR,2022-04-19,0.010611212349128415
Equity Mean-CVaR,2022-04-20,0.004738137685890324
Equity Mean-CVaR,2022-04-21,-0.008683586231440027
Equity Mean-CVaR,2022-04-22,-0.0158985396964319
Equity Mean-CVaR,2022-04-25,-0.0033836361512994875
Equity Mean-CVaR,2022-04-26,-0.019678939355688686
Equity Mean-CVaR,2022-04-27,-0.005283815605169105
Equity Mean-CVaR,2022-04-28,0.020558768766383528
Equity Mean-CVaR,2022-04-29,-0.023451119129551938
Equity Mean-CVaR,2022-05-02,-0.0007261940847365042
Equity Mean-CVaR,2022-05-03,0.0023658939461146545
Equity Mean-CVaR,2022-05-04,0.021474710281226373
Equity Mean-CVaR,2022-05-05,-0.01611075960221363
Equity Mean-CVaR,2022-05-06,-0.011507315399841199
Equity Mean-CVaR,2022-05-09,-0.005175543289961192
Equity Mean-CVaR,2022-05-10,-0.011264749532559983
Equity Mean-CVaR,2022-05-11,-0.0006428853966849038
Equity Mean-CVaR,2022-05-12,0.004290288543956655
Equity Mean-CVaR,2022-05-13,0.0052194247461759165
Equity Mean-CVaR,2022-05-16,0.005195981116735903
Equity Mean-CVaR,2022-05-17,-0.02541715324906479
Equity Mean-CVaR,2022-05-18,-0.03177281423932843
Equity Mean-CVaR,2022-05-19,-0.00847263874598582
Equity Mean-CVaR,2022-05-20,0.001243268966260791
Equity Mean-CVaR,2022-05-23,0.01624712542032047
Equity Mean-CVaR,2022-05-24,0.010988849239984704
Equity Mean-CVaR,2022-05-25,-0.0009277712914407825
Equity Mean-CVaR,2022-05-26,0.006752620052913135
Equity Mean-CVaR,2022-05-27,0.013170196803231598
Equity Mean-CVaR,2022-05-31,-0.004240580785430598
Equity Mean-CVaR,2022-06-01,-0.010388094393649535
Equity Mean-CVaR,2022-06-02,0.009827017691461359
Equity Mean-CVaR,2022-06-03,-0.010519065051070654
Equity Mean-CVaR,2022-06-06,-0.0031160527396835156
Equity Mean-CVaR,2022-06-07,0.004998330307942597
Equity Mean-CVaR,2022-06-08,-0.009226326870982085
Equity Mean-CVaR,2022-06-09,-0.018058599827141312
Equity Mean-CVaR,2022-06-10,-0.002396631313087948
Equity Mean-CVaR,2022-06-13,-0.027282308652859494
Equity Mean-CVaR,2022-06-14,-0.008194142971264966
Equity Mean-CVaR,2022-06-15,0.0044666950004632385
Equity Mean-CVaR,2022-06-16,-0.0001767899900390939
Equity Mean-CVaR,2022-06-17,-0.00812746466180674
Equity Mean-CVaR,2022-06-21,0.027525662450530817
Equity Mean-CVaR,2022-06-22,-0.0021129057973227608
Equity Mean-CVaR,2022-06-23,0.013919968347382428
Equity Mean-CVaR,2022-06-24,0.013942553398286126
Equity Mean-CVaR,2022-06-27,-0.0015057546533779418
Equity Mean-CVaR,2022-06-28,-0.016556329346617556
Equity Mean-CVaR,2022-06-29,-0.0026122302124324853
Equity Mean-CVaR,2022-06-30,-0.011932487141848113
Equity Mean-CVaR,2022-07-01,0.01058885705055447
Equity Mean-CVaR,2022-07-05,0.002467726176085546
Equity Mean-CVaR,2022-07-06,0.003384516128643508
Equity Mean-CVaR,2022-07-07,0.002604746311647944
Equity Mean-CVaR,2022-07-08,-0.00396974427969566
Equity Mean-CVaR,2022-07-11,-1.1504818357503687e-05
Equity Mean-CVaR,2022-07-12,-0.004140433045249788
Equity Mean-CVaR,2022-07-13,-0.001055762435103644
Equity Mean-CVaR,2022-07-14,0.00035883363759675585
Equity Mean-CVaR,2022-07-15,0.009562600031487995
Equity Mean-CVaR,2022-07-18,-0.010908121566638434
Equity Mean-CVaR,2022-07-19,0.011084425959219569
Equity Mean-CVaR,2022-07-20,-0.004725888606253738
Equity Mean-CVaR,2022-07-21,0.0066495036753921625
Equity Mean-CVaR,2022-07-22,-0.003377928155706047
Equity Mean-CVaR,2022-07-25,-0.012159190597921995
Equity Mean-CVaR,2022-07-26,-0.011044824762691812
Equity Mean-CVaR,2022-07-27,0.008603432874025598
Equity Mean-CVaR,2022-07-28,0.007105785924125305
Equity Mean-CVaR,2022-07-29,0.00739625733512574
Equity Mean-CVaR,2022-08-01,-0.005409404713240412
Equity Mean-CVaR,2022-08-02,-0.004695445525848121
Equity Mean-CVaR,2022-08-03,0.0044070854514296764
Equity Mean-CVaR,2022-08-04,-0.008882025167079326
Equity Mean-CVaR,2022-08-05,-0.0002537164377672601
Equity Mean-CVaR,2022-08-08,0.005509517234059892
Equity Mean-CVaR,2022-08-09,0.0026697241874607796
Equity Mean-CVaR,2022-08-10,0.007970806061515071
Equity Mean-CVaR,2022-08-11,-0.002143774130529001
Equity Mean-CVaR,2022-08-12,0.019439800652562567
Equity Mean-CVaR,2022-08-15,0.007903888764983071
Equity Mean-CVaR,2022-08-16,0.022296950197734897
Equity Mean-CVaR,2022-08-17,-0.007508069770038147
Equity Mean-CVaR,2022-08-18,-0.0050242508740207335
Equity Mean-CVaR,2022-08-19,-0.0076627975014600174
Equity Mean-CVaR,2022-08-22,-0.0145489661050437
Equity Mean-CVaR,2022-08-23,-0.00330868490712396
Equity Mean-CVaR,2022-08-24,0.0007534148867744374
Equity Mean-CVaR,2022-08-25,0.007344605296598875
Equity Mean-CVaR,2022-08-26,-0.030829008872130755
Equity Mean-CVaR,2022-08-29,-0.007198779423875308
Equity Mean-CVaR,2022-08-30,-0.00627136386515628
Equity Mean-CVaR,2022-08-31,-0.004839291045637232
Equity Mean-CVaR,2022-09-01,0.010703186291048562
Equity Mean-CVaR,2022-09-02,-0.011448724042387807
Equity Mean-CVaR,2022-09-06,-0.004227865666211803
Equity Mean-CVaR,2022-09-07,0.020776768330013774
Equity Mean-CVaR,2022-09-08,0.0020763682673729275
Equity Mean-CVaR,2022-09-09,0.01384793475327353
Equity Mean-CVaR,2022-09-12,0.012886018453985213
Equity Mean-CVaR,2022-09-13,-0.02509055510872914
Equity Mean-CVaR,2022-09-14,0.0028891159433915344
Equity Mean-CVaR,2022-09-15,-0.008291579872086395
Equity Mean-CVaR,2022-09-16,0.0006757037830680335
Equity Mean-CVaR,2022-09-19,0.0034543745252085794
Equity Mean-CVaR,2022-09-20,-0.012701879385480272
Equity Mean-CVaR,2022-09-21,-0.009591632853061397
Equity Mean-CVaR,2022-09-22,-0.0002922061865465568
Equity Mean-CVaR,2022-09-23,-0.019583175287397767
Equity Mean-CVaR,2022-09-26,-0.004319738292453668
Equity Mean-CVaR,2022-09-27,-0.004058335249895732
Equity Mean-CVaR,2022-09-28,0.021038226182933703
Equity Mean-CVaR,2022-09-29,-0.01722673330794806
Equity Mean-CVaR,2022-09-30,-0.014975102337472707
Equity Mean-CVaR,2022-10-03,0.024613960406495633
Equity Mean-CVaR,2022-10-04,0.01942256378253427
Equity Mean-CVaR,2022-10-05,-0.006433845052596913
Equity Mean-CVaR,2022-10-06,-0.0059379162128534715
Equity Mean-CVaR,2022-10-07,-0.017879583063936104
Equity Mean-CVaR,2022-10-10,0.007576298434274742
Equity Mean-CVaR,2022-10-11,0.0070883475386632165
Equity Mean-CVaR,2022-10-12,-0.007087698780224151
Equity Mean-CVaR,2022-10-13,0.018622356802408018
Equity Mean-CVaR,2022-10-14,-0.010256883965371989
Equity Mean-CVaR,2022-10-17,0.011269805322877965
Equity Mean-CVaR,2022-10-18,0.015703646994678043
Equity Mean-CVaR,2022-10-19,-0.008437931919213559
Equity Mean-CVaR,2022-10-20,0.002390473861249093
Equity Mean-CVaR,2022-10-21,0.023683609894667838
Equity Mean-CVaR,2022-10-24,0.010901691239862668
Equity Mean-CVaR,2022-10-25,0.008363857302113694
Equity Mean-CVaR,2022-10-26,0.009534663556740935
Equity Mean-CVaR,2022-10-27,-0.0009750488765595066
Equity Mean-CVaR,2022-10-28,0.02279764343875342
Equity Mean-CVaR,2022-10-31,-0.008639095525498105
Equity Mean-CVaR,2022-11-01,-0.0061680822702025895
Equity Mean-CVaR,2022-11-02,-0.012778927748935149
Equity Mean-CVaR,2022-11-03,-0.005467383228181147
Equity Mean-CVaR,2022-11-04,0.009442786872432512
Equity Mean-CVaR,2022-11-07,0.005907464944072463
Equity Mean-CVaR,2022-11-08,-0.004867802564326887
Equity Mean-CVaR,2022-11-09,-0.009107871204927596
Equity Mean-CVaR,2022-11-10,0.026632912364974965
Equity Mean-CVaR,2022-11-11,-0.002540878800092427
Equity Mean-CVaR,2022-11-14,-0.008280046862063711
Equity Mean-CVaR,2022-11-15,0.018884951737943478
Equity Mean-CVaR,2022-11-16,0.0007229341067443485
Equity Mean-CVaR,2022-11-17,0.0014328196372874464
Equity Mean-CVaR,2022-11-18,0.01018719944954375
Equity Mean-CVaR,2022-11-21,0.005373381100419688
Equity Mean-CVaR,2022-11-22,0.011407105870491664
Equity Mean-CVaR,2022-11-23,0.005759462612795656
Equity Mean-CVaR,2022-11-25,0.0030278440311665425
Equity Mean-CVaR,2022-11-28,-0.006593771236736301
Equity Mean-CVaR,2022-11-29,0.0036711291023175776
Equity Mean-CVaR,2022-11-30,0.013751355997208666
Equity Mean-CVaR,2022-12-01,0.0036161943145070607
Equity Mean-CVaR,2022-12-02,0.003511833027541818
Equity Mean-CVaR,2022-12-05,-0.010601890250539595
Equity Mean-CVaR,2022-12-06,-0.010380748454922034
Equity Mean-CVaR,2022-12-07,0.0010512675203802784
Equity Mean-CVaR,2022-12-08,0.005570267644787867
Equity Mean-CVaR,2022-12-09,-0.013558886924199503
Equity Mean-CVaR,2022-12-12,0.00980972902039876
Equity Mean-CVaR,2022-12-13,0.006683574306891586
Equity Mean-CVaR,2022-12-14,-0.0001363221183931679
Equity Mean-CVaR,2022-12-15,-0.01988916972563029
Equity Mean-CVaR,2022-12-16,-0.00746778706036534
Equity Mean-CVaR,2022-12-19,-0.003788670096615703
Equity Mean-CVaR,2022-12-20,0.0030646255863325984
Equity Mean-CVaR,2022-12-21,0.01121618854593905
Equity Mean-CVaR,2022-12-22,-0.005913282642755879
Equity Mean-CVaR,2022-12-23,0.0026824094728918387
Equity Mean-CVaR,2022-12-27,0.002159358896220115
Equity Mean-CVaR,2022-12-28,-0.01219685956053859
Equity Mean-CVaR,2022-12-29,0.00700161146324641
Equity Mean-CVaR,2022-12-30,0.0010771618560168335
Equity Mean-CVaR,2023-01-03,0.006246729664990779
Equity Mean-CVaR,2023-01-04,0.011555303988450448
Equity Mean-CVaR,2023-01-05,-0.001935481548352162
Equity Mean-CVaR,2023-01-06,0.017447453087953826
Equity Mean-CVaR,2023-01-09,-0.015458766306111003
Equity Mean-CVaR,2023-01-10,0.00496962862754033
Equity Mean-CVaR,2023-01-11,0.004623681744631963
Equity Mean-CVaR,2023-01-12,-0.003730246108788471
Equity Mean-CVaR,2023-01-13,0.0030150875382987485
Equity Mean-CVaR,2023-01-17,-0.010505425511601994
Equity Mean-CVaR,2023-01-18,-0.01930766078982368
Equity Mean-CVaR,2023-01-19,-0.0038797530651885803
Equity Mean-CVaR,2023-01-20,0.010536022409749417
Equity Mean-CVaR,2023-01-23,0.009564051386832372
Equity Mean-CVaR,2023-01-24,-0.0028618488207369504
Equity Mean-CVaR,2023-01-25,0.0005379551167100545
Equity Mean-CVaR,2023-01-26,-0.00359153753119005
Equity Mean-CVaR,2023-01-27,0.001037547966808482
Equity Mean-CVaR,2023-01-30,-0.004375956604386587
Equity Mean-CVaR,2023-01-31,0.010576861781460164
Equity Mean-CVaR,2023-02-01,-0.0027757948541521724
Equity Mean-CVaR,2023-02-02,-0.011104382897153164
Equity Mean-CVaR,2023-02-03,-0.011028710074562836
Equity Mean-CVaR,2023-02-06,-0.003258412367496773
Equity Mean-CVaR,2023-02-07,0.012054539917027627
Equity Mean-CVaR,2023-02-08,-0.006251198194747815
Equity Mean-CVaR,2023-02-09,-0.0008199922228479257
Equity Mean-CVaR,2023-02-10,0.012562258003649887
Equity Mean-CVaR,2023-02-13,0.010161928899207563
Equity Mean-CVaR,2023-02-14,-0.007597298401192818
Equity Mean-CVaR,2023-02-15,0.0025149205129468147
Equity Mean-CVaR,2023-02-16,-0.014264673430245197
Equity Mean-CVaR,2023-02-17,0.013545773778792382
Equity Mean-CVaR,2023-02-21,-0.0030379651793889855
Equity Mean-CVaR,2023-02-22,-0.010151265050985863
Equity Mean-CVaR,2023-02-23,-0.003968273908795367
Equity Mean-CVaR,2023-02-24,-0.006677012789034315
Equity Mean-CVaR,2023-02-27,-0.0017899532043565776
Equity Mean-CVaR,2023-02-28,-0.006864976525729285
Equity Mean-CVaR,2023-03-01,-0.005799513176094371
Equity Mean-CVaR,2023-03-02,0.009773019585328717
Equity Mean-CVaR,2023-03-03,0.0073310811088770885
Equity Mean-CVaR,2023-03-06,0.005637345860287775
Equity Mean-CVaR,2023-03-07,-0.00786080693797549
Equity Mean-CVaR,2023-03-08,-0.00842807679374153
Equity Mean-CVaR,2023-03-09,-0.011911203834454012
Equity Mean-CVaR,2023-03-10,-0.004446105641681233
Equity Mean-CVaR,2023-03-13,0.004241212043673668
Equity Mean-CVaR,2023-03-14,0.010590956770732565
Equity Mean-CVaR,2023-03-15,0.006109374880356974
Equity Mean-CVaR,2023-03-16,0.0024626323354556916
Equity Mean-CVaR,2023-03-17,-0.006659408618267406
Equity Mean-CVaR,2023-03-20,0.011992545956290204
Equity Mean-CVaR,2023-03-21,-0.002769378690999514
Equity Mean-CVaR,2023-03-22,-0.01587624536231399
Equity Mean-CVaR,2023-03-23,0.008051400550492326
Equity Mean-CVaR,2023-03-24,0.012072992875622718
Equity Mean-CVaR,2023-03-27,0.00663732048936377
Equity Mean-CVaR,2023-03-28,-0.002905936800462221
Equity Mean-CVaR,2023-03-29,0.0048293018941760885
Equity Mean-CVaR,2023-03-30,0.0061585360250325846
Equity Mean-CVaR,2023-03-31,0.012955008873828718
Equity Mean-CVaR,2023-04-03,0.008279397949442694
Equity Mean-CVaR,2023-04-04,0.0013306779915392532
Equity Mean-CVaR,2023-04-05,0.015652439799995414
Equity Mean-CVaR,2023-04-06,0.0010901204863420244
Equity Mean-CVaR,2023-04-10,-0.0002384512144644233
Equity Mean-CVaR,2023-04-11,-0.0017666245175012706
Equity Mean-CVaR,2023-04-12,-0.00034053124829009685
Equity Mean-CVaR,2023-04-13,0.00930070973695875
Equity Mean-CVaR,2023-04-14,-0.007228934220232542
Equity Mean-CVaR,2023-04-17,0.003613975289110564
Equity Mean-CVaR,2023-04-18,-0.0003128635010531543
Equity Mean-CVaR,2023-04-19,-0.0017311074370719365
Equity Mean-CVaR,2023-04-20,0.0011138352011248946
Equity Mean-CVaR,2023-04-21,0.006796030435441615
Equity Mean-CVaR,2023-04-24,0.005851028797683891
Equity Mean-CVaR,2023-04-25,-0.002719747407647456
Equity Mean-CVaR,2023-04-26,-0.019145476512348363
Equity Mean-CVaR,2023-04-27,0.00895953241060664
Equity Mean-CVaR,2023-04-28,-0.0018761080883829973
Equity Mean-CVaR,2023-05-01,0.00039939122686320316
Equity Mean-CVaR,2023-05-02,-0.0041467004161817814
Equity Mean-CVaR,2023-05-03,-0.003900636013223085
Equity Mean-CVaR,2023-05-04,-0.000405426279966574
Equity Mean-CVaR,2023-05-05,0.01033881924263009
Equity Mean-CVaR,2023-05-08,0.001202336837327673
Equity Mean-CVaR,2023-05-09,-0.0029557155440850186
Equity Mean-CVaR,2023-05-10,-0.0009003656373908756
Equity Mean-CVaR,2023-05-11,-0.0020830848274349147
Equity Mean-CVaR,2023-05-12,-0.0011999104288755089
Equity Mean-CVaR,2023-05-15,-0.0031706355014662264
Equity Mean-CVaR,2023-05-16,-0.01218346533502474
Equity Mean-CVaR,2023-05-17,-0.001580032400181763
Equity Mean-CVaR,2023-05-18,0.010406374903157597
Equity Mean-CVaR,2023-05-19,-0.0007161139664286571
Equity Mean-CVaR,2023-05-22,-0.004149024033692257
Equity Mean-CVaR,2023-05-23,-0.0061053001216005275
Equity Mean-CVaR,2023-05-24,-0.004301697038896681
Equity Mean-CVaR,2023-05-25,-0.011380096945809211
Equity Mean-CVaR,2023-05-26,0.00019758049331625405
Equity Mean-CVaR,2023-05-30,-0.006768687406507003
Equity Mean-CVaR,2023-05-31,0.004835145750143708
Equity Mean-CVaR,2023-06-01,0.00307256836879398
Equity Mean-CVaR,2023-06-02,0.013441714673801217
Equity Mean-CVaR,2023-06-05,-0.0007974030140504803
Equity Mean-CVaR,2023-06-06,-0.009186863346444755
Equity Mean-CVaR,2023-06-07,-0.0002551279701229794
Equity Mean-CVaR,2023-06-08,0.011856837214839572
Equity Mean-CVaR,2023-06-09,-0.0003186416679751558
Equity Mean-CVaR,2023-06-12,0.00278046376961713
Equity Mean-CVaR,2023-06-13,0.005035236044570617
Equity Mean-CVaR,2023-06-14,0.0013004672511751252
Equity Mean-CVaR,2023-06-15,0.00871559653355739
Equity Mean-CVaR,2023-06-16,-0.0007894719613005998
Equity Mean-CVaR,2023-06-20,-0.006321049001264822
Equity Mean-CVaR,2023-06-21,0.0019902585549259576
Equity Mean-CVaR,2023-06-22,0.006416900356866085
Equity Mean-CVaR,2023-06-23,-0.0016138655211233193
Equity Mean-CVaR,2023-06-26,-0.00012575078450713113
Equity Mean-CVaR,2023-06-27,0.00044285422728640683
Equity Mean-CVaR,2023-06-28,-0.003502053783575839
Equity Mean-CVaR,2023-06-29,0.0021476703054466757
Equity Mean-CVaR,2023-06-30,0.013882265426505428
Equity Mean-CVaR,2023-07-03,0.0025397746630642457
Equity Mean-CVaR,2023-07-05,-0.004463299860670434
Equity Mean-CVaR,2023-07-06,-0.01083279181981654
Equity Mean-CVaR,2023-07-07,-0.014177455149551842
Equity Mean-CVaR,2023-07-10,0.007475733803820664
Equity Mean-CVaR,2023-07-11,0.010249107637059737
Equity Mean-CVaR,2023-07-12,0.001171845699793412
Equity Mean-CVaR,2023-07-13,-0.0017088662981110583
Equity Mean-CVaR,2023-07-14,0.0032272263320120946
Equity Mean-CVaR,2023-07-17,-0.004274198215652446
Equity Mean-CVaR,2023-07-18,0.0020735051729995017
Equity Mean-CVaR,2023-07-19,0.00260540375432338
Equity Mean-CVaR,2023-07-20,0.009056892445329302
Equity Mean-CVaR,2023-07-21,0.007762108116243631
Equity Mean-CVaR,2023-07-24,-0.004470555446707712
Equity Mean-CVaR,2023-07-25,0.0003128798963361832
Equity Mean-CVaR,2023-07-26,0.0011402475185774764
Equity Mean-CVaR,2023-07-27,-0.010517249932662289
Equity Mean-CVaR,2023-07-28,0.00518762852588629
Equity Mean-CVaR,2023-07-31,-0.0001797408981377217
Equity Mean-CVaR,2023-08-01,-0.008731197300030556
Equity Mean-CVaR,2023-08-02,-0.007239382492417748
Equity Mean-CVaR,2023-08-03,-0.003981346131015093
Equity Mean-CVaR,2023-08-04,-0.004085739741122251
Equity Mean-CVaR,2023-08-07,0.00934442937397672
Equity Mean-CVaR,2023-08-08,-0.0031331209113639076
Equity Mean-CVaR,2023-08-09,0.0005476464739716935
Equity Mean-CVaR,2023-08-10,-0.0019847136792724503
Equity Mean-CVaR,2023-08-11,0.008001564766614748
Equity Mean-CVaR,2023-08-14,-0.000764955630998806
Equity Mean-CVaR,2023-08-15,-0.008880435647172067
Equity Mean-CVaR,2023-08-16,-0.002561442295268029
Equity Mean-CVaR,2023-08-17,-0.010372904146325869
Equity Mean-CVaR,2023-08-18,0.0025177049676984305
Equity Mean-CVaR,2023-08-21,0.0008223515084079658
Equity Mean-CVaR,2023-08-22,-0.003990607690634779
Equity Mean-CVaR,2023-08-23,0.016908136761143333
Equity Mean-CVaR,2023-08-24,-0.012239156212222749
Equity Mean-CVaR,2023-08-25,0.004996686538862657
Equity Mean-CVaR,2023-08-28,0.0038712330529374153
Equity Mean-CVaR,2023-08-29,0.009058823494335243
Equity Mean-CVaR,2023-08-30,0.001673552973368926
Equity Mean-CVaR,2023-08-31,-0.0026227013479145373
Equity Mean-CVaR,2023-09-01,-0.00040875715982238947
Equity Mean-CVaR,2023-09-05,-0.012115179212607371
Equity Mean-CVaR,2023-09-06,-0.00213315947942407
Equity Mean-CVaR,2023-09-07,0.008130304999129584
Equity Mean-CVaR,2023-09-08,0.007398744244826173
Equity Mean-CVaR,2023-09-11,0.005493546518062369
Equity Mean-CVaR,2023-09-12,-0.0018936754923727967
Equity Mean-CVaR,2023-09-13,-0.0024440568689634624
Equity Mean-CVaR,2023-09-14,0.008627407802198025
Equity Mean-CVaR,2023-09-15,-0.007530089027734221
Equity Mean-CVaR,2023-09-18,-0.0027233259827202866
Equity Mean-CVaR,2023-09-19,0.00036826900850308057
Equity Mean-CVaR,2023-09-20,-0.0008199607114977351
Equity Mean-CVaR,2023-09-21,-0.012854632183629868
Equity Mean-CVaR,2023-09-22,0.0005747947282694853
Equity Mean-CVaR,2023-09-25,-0.0015812078934876073
Equity Mean-CVaR,2023-09-26,-0.006287412224634752
Equity Mean-CVaR,2023-09-27,-0.00777447091825592
Equity Mean-CVaR,2023-09-28,0.002533456526984459
Equity Mean-CVaR,2023-09-29,-0.0070745428021809715
Equity Mean-CVaR,2023-10-02,-0.011007655894129432
Equity Mean-CVaR,2023-10-03,-0.007352628168901942
Equity Mean-CVaR,2023-10-04,0.008953874305581429
Equity Mean-CVaR,2023-10-05,-6.759438869162471e-05
Equity Mean-CVaR,2023-10-06,0.0016898288788099371
Equity Mean-CVaR,2023-10-09,0.005719340425551138
Equity Mean-CVaR,2023-10-10,0.008172766460796725
Equity Mean-CVaR,2023-10-11,0.00482021837911561
Equity Mean-CVaR,2023-10-12,-0.0038363464718889897
Equity Mean-CVaR,2023-10-13,0.0056456206098663315
Equity Mean-CVaR,2023-10-16,0.008784110376608895
Equity Mean-CVaR,2023-10-17,0.003929764248072324
Equity Mean-CVaR,2023-10-18,-0.011114346534134354
Equity Mean-CVaR,2023-10-19,-0.012064939752977111
Equity Mean-CVaR,2023-10-20,-0.002697565170354245
Equity Mean-CVaR,2023-10-23,0.0031245176683091253
Equity Mean-CVaR,2023-10-24,0.00917293449324371
Equity Mean-CVaR,2023-10-25,-0.007408840890825916
Equity Mean-CVaR,2023-10-26,3.5865717761440936e-06
Equity Mean-CVaR,2023-10-27,-0.009504819091609626
Equity Mean-CVaR,2023-10-30,0.005292097229555004
Equity Mean-CVaR,2023-10-31,0.0023912772501486117
Equity Mean-CVaR,2023-11-01,0.006385833752029399
Equity Mean-CVaR,2023-11-02,0.012524085401451676
Equity Mean-CVaR,2023-11-03,0.005011714453008604
Equity Mean-CVaR,2023-11-06,-0.004830051335728005
Equity Mean-CVaR,2023-11-07,-0.0007401096469529199
Equity Mean-CVaR,2023-11-08,-0.00375178429031665
Equity Mean-CVaR,2023-11-09,-0.010527177759972653
Equity Mean-CVaR,2023-11-10,0.006111869313405016
Equity Mean-CVaR,2023-11-13,0.002411608418988148
Equity Mean-CVaR,2023-11-14,0.010601810873837374
Equity Mean-CVaR,2023-11-15,0.003564984917538109
Equity Mean-CVaR,2023-11-16,-0.01923470876371949
Equity Mean-CVaR,2023-11-17,-0.0012697068465901957
Equity Mean-CVaR,2023-11-20,0.004214389778694124
Equity Mean-CVaR,2023-11-21,-0.00022220684381250974
Equity Mean-CVaR,2023-11-22,-0.00035777231878162297
Equity Mean-CVaR,2023-11-24,0.00336021685483873
Equity Mean-CVaR,2023-11-27,0.0017961435973218888
Equity Mean-CVaR,2023-11-28,0.005497250208346061
Equity Mean-CVaR,2023-11-29,-0.000629964855983072
Equity Mean-CVaR,2023-11-30,0.0070191774809461715
Equity Mean-CVaR,2023-12-01,0.005239118451765079
Equity Mean-CVaR,2023-12-04,0.0059867282060404306
Equity Mean-CVaR,2023-12-05,0.0036105348214500255
Equity Mean-CVaR,2023-12-06,-0.0016237176887133886
Equity Mean-CVaR,2023-12-07,-0.00710375395685501
Equity Mean-CVaR,2023-12-08,-0.0016610213655586295
Equity Mean-CVaR,2023-12-11,0.002835612111419583
Equity Mean-CVaR,2023-12-12,0.0024793374564636016
Equity Mean-CVaR,2023-12-13,0.025392637843756744
Equity Mean-CVaR,2023-12-14,0.0004071155500800436
Equity Mean-CVaR,2023-12-15,-0.0063855999241241084
Equity Mean-CVaR,2023-12-18,0.0021402091299421943
Equity Mean-CVaR,2023-12-19,0.004811164425189976
Equity Mean-CVaR,2023-12-20,-0.01278926932278893
Equity Mean-CVaR,2023-12-21,0.00868745944923271
Equity Mean-CVaR,2023-12-22,0.00990407712097549
Equity Mean-CVaR,2023-12-26,0.0013844849970172507
Equity Mean-CVaR,2023-12-27,0.004612946913767799
Equity Mean-CVaR,2023-12-28,0.0030703792508880103
Equity Mean-CVaR,2023-12-29,-0.0007513958106874582
Equity Min-Variance,2021-01-04,0.0036586662935563204
Equity Min-Variance,2021-01-05,0.0011482971218726291
Equity Min-Variance,2021-01-06,0.0060112963243351015
Equity Min-Variance,2021-01-07,0.00636575250044252
Equity Min-Variance,2021-01-08,-0.002333237917162516
Equity Min-Variance,2021-01-11,0.00034411916140756737
Equity Min-Variance,2021-01-12,0.0014032397953754115
Equity Min-Variance,2021-01-13,-0.001674274115846296
Equity Min-Variance,2021-01-14,0.0038539425057123305
Equity Min-Variance,2021-01-15,-0.005257285617636444
Equity Min-Variance,2021-01-19,0.009679458603902647
Equity Min-Variance,2021-01-20,0.01518317783106871
Equity Min-Variance,2021-01-21,-0.009337797456276754
Equity Min-Variance,2021-01-22,-0.0004639560220672566
Equity Min-Variance,2021-01-25,0.0033285073308070997
Equity Min-Variance,2021-01-26,-0.0018420500384417511
Equity Min-Variance,2021-01-27,-0.02170494269321379
Equity Min-Variance,2021-01-28,0.0010658970103254778
Equity Min-Variance,2021-01-29,-0.010431240837887414
Equity Min-Variance,2021-02-01,0.0009384047112857984
Equity Min-Variance,2021-02-02,0.006281371994791866
Equity Min-Variance,2021-02-03,-0.002507756998808592
Equity Min-Variance,2021-02-04,0.0023228219595242123
Equity Min-Variance,2021-02-05,0.014733064593062858
Equity Min-Variance,2021-02-08,0.0032639337067468417
Equity Min-Variance,2021-02-09,-0.0005923927986682433
Equity Min-Variance,2021-02-10,-0.007122737717867705
Equity Min-Variance,2021-02-11,-0.00482050081714833
Equity Min-Variance,2021-02-12,0.004177965199905973
Equity Min-Variance,2021-02-16,-0.009180188599120153
Equity Min-Variance,2021-02-17,0.006702001768672257
Equity Min-Variance,2021-02-18,-0.01098628550265401
Equity Min-Variance,2021-02-19,-0.007202568409870139
Equity Min-Variance,2021-02-22,0.0015835771810468553
Equity Min-Variance,2021-02-23,-0.006940965562795097
Equity Min-Variance,2021-02-24,-0.0010125784222894782
Equity Min-Variance,2021-02-25,-0.009056046540508065
Equity Min-Variance,2021-02-26,-0.017617687113297652
Equity Min-Variance,2021-03-01,0.008808465706934243
Equity Min-Variance,2021-03-02,0.004858750215803958
Equity Min-Variance,2021-03-03,-0.012632666351253782
Equity Min-Variance,2021-03-04,-0.003720372021338066
Equity Min-Variance,2021-03-05,0.014701834750566
Equity Min-Variance,2021-03-08,-0.004979239577259757
Equity Min-Variance,2021-03-09,0.006990004380486411
Equity Min-Variance,2021-03-10,0.00985181661418315
Equity Min-Variance,2021-03-11,0.00022311418201156414
Equity Min-Variance,2021-03-12,0.005208478078426477
Equity Min-Variance,2021-03-15,0.01405411375175667
Equity Min-Variance,2021-03-16,0.004662848743377651
Equity Min-Variance,2021-03-17,-0.008296143878918683
Equity Min-Variance,2021-03-18,-0.007315541196909726
Equity Min-Variance,2021-03-19,-0.0012152158296207015
Equity Min-Variance,2021-03-22,0.008778465006426662
Equity Min-Variance,2021-03-23,-0.0001622518562633111
Equity Min-Variance,2021-03-24,-0.005899797359021549
Equity Min-Variance,2021-03-25,0.0024958792037903343
Equity Min-Variance,2021-03-26,0.016906092845047092
Equity Min-Variance,2021-03-29,0.01090215857675781
Equity Min-Variance,2021-03-30,-0.009522204940484977
Equity Min-Variance,2021-03-31,0.001090352088965989
Equity Min-Variance,2021-04-01,0.010683622848399073
Equity Min-Variance,2021-04-05,0.00962902550068076
Equity Min-Variance,2021-04-06,-0.0007763001211621345
Equity Min-Variance,2021-04-07,-0.002454009391871814
Equity Min-Variance,2021-04-08,-0.000498909788191285
Equity Min-Variance,2021-04-09,0.003597091872326079
Equity Min-Variance,2021-04-12,-0.00022572172993668202
Equity Min-Variance,2021-04-13,0.005055499772113582
Equity Min-Variance,2021-04-14,-0.0030841371295692306
Equity Min-Variance,2021-04-15,0.012407868871056332
Equity Min-Variance,2021-04-16,0.004626515007732311
Equity Min-Variance,2021-04-19,-0.0028762997173365163
Equity Min-Variance,2021-04-20,0.0074776279865661896
Equity Min-Variance,2021-04-21,0.007373560395781343
Equity Min-Variance,2021-04-22,-0.007212457736260744
Equity Min-Variance,2021-04-23,0.003391623664587353
Equity Min-Variance,2021-04-26,-0.0054594210656098
Equity Min-Variance,2021-04-27,-0.0057623587941775046
Equity Min-Variance,2021-04-28,-0.00010706884764935564
Equity Min-Variance,2021-04-29,-0.0006929470554425427
Equity Min-Variance,2021-04-30,-0.0016879112990860396
Equity Min-Variance,2021-05-03,0.015959162889162767
Equity Min-Variance,2021-05-04,-0.0062542524694136235
Equity Min-Variance,2021-05-05,0.006938199180946954
Equity Min-Variance,2021-05-06,0.008945176549514372
Equity Min-Variance,2021-05-07,0.0017755400302272985
Equity Min-Variance,2021-05-10,0.0056322524400692344
Equity Min-Variance,2021-05-11,-0.0066820943658722765
Equity Min-Variance,2021-05-12,-0.012309152611854803
Equity Min-Variance,2021-05-13,0.014304003650555184
Equity Min-Variance,2021-05-14,0.004859471921809043
Equity Min-Variance,2021-05-17,0.00836547419281501
Equity Min-Variance,2021-05-18,0.0035916987695797688
Equity Min-Variance,2021-05-19,-0.0005613612720946824
Equity Min-Variance,2021-05-20,0.008299957819811547
Equity Min-Variance,2021-05-21,-0.006062038886990196
Equity Min-Variance,2021-05-24,0.0006564790556483128
Equity Min-Variance,2021-05-25,-0.005487803575280709
Equity Min-Variance,2021-05-26,0.0007980301680426579
Equity Min-Variance,2021-05-27,-0.005395100693573217
Equity Min-Variance,2021-05-28,0.003250329376171351
Equity Min-Variance,2021-06-01,-0.002042012480218617
Equity Min-Variance,2021-06-02,-0.002237109350947733
Equity Min-Variance,2021-06-03,0.002305321736093004
Equity Min-Variance,2021-06-04,0.007619049416395097
Equity Min-Variance,2021-06-07,-0.002054554915103721
Equity Min-Variance,2021-06-08,-0.004803731229157355
Equity Min-Variance,2021-06-09,0.003834709085561829
Equity Min-Variance,2021-06-10,0.009964642832032916
Equity Min-Variance,2021-06-11,-0.0007550935344046276
Equity Min-Variance,2021-06-14,-0.0003632389815456564
Equity Min-Variance,2021-06-15,-0.006043353550628831
Equity Min-Variance,2021-06-16,-0.01133781287369218
Equity Min-Variance,2021-06-17,-0.007731686573556648
Equity Min-Variance,2021-06-18,-0.011242973636928031
Equity Min-Variance,2021-06-21,0.011092211669906024
Equity Min-Variance,2021-06-22,-0.0011644005651196816
Equity Min-Variance,2021-06-23,-0.007429837073649249
Equity Min-Variance,2021-06-24,0.004179461666927083
Equity Min-Variance,2021-06-25,0.004661475292239068
Equity Min-Variance,2021-06-28,0.003191480786063578
Equity Min-Variance,2021-06-29,-0.0013146424247390133
Equity Min-Variance,2021-06-30,0.010058756964871005
Equity Min-Variance,2021-07-01,-0.0014794355179418277
Equity Min-Variance,2021-07-02,0.005963743890710033
Equity Min-Variance,2021-07-06,-0.0012372072988282147
Equity Min-Variance,2021-07-07,0.0024979966298461186
Equity Min-Variance,2021-07-08,-0.007141695717740282
Equity Min-Variance,2021-07-09,0.007587115625291484
Equity Min-Variance,2021-07-12,-0.0005358673656098977
Equity Min-Variance,2021-07-13,0.0014996749198880588
Equity Min-Variance,2021-07-14,0.004564863660764104
Equity Min-Variance,2021-07-15,0.00032006949218278
Equity Min-Variance,2021-07-16,-0.0029998901540717725
Equity Min-Variance,2021-07-19,-0.010642340100667435
Equity Min-Variance,2021-07-20,0.004859984549375553
Equity Min-Variance,2021-07-21,-0.002429730742474654
Equity Min-Variance,2021-07-22,0.001665771678450913
Equity Min-Variance,2021-07-23,0.008432394055635952
Equity Min-Variance,2021-07-26,0.0001559670988425864
Equity Min-Variance,2021-07-27,-0.001496562481980013
Equity Min-Variance,2021-07-28,0.0032274837121256425
Equity Min-Variance,2021-07-29,-0.0005566692540720862
Equity Min-Variance,2021-07-30,-0.003659240018697195
Equity Min-Variance,2021-08-02,-0.004214824122006685
Equity Min-Variance,2021-08-03,0.0034218641888665406
Equity Min-Variance,2021-08-04,-0.009402677399279512
Equity Min-Variance,2021-08-05,0.0018821036763191873
Equity Min-Variance,2021-08-06,-0.005785992923085398
Equity Min-Variance,2021-08-09,-0.000723553954841454
Equity Min-Variance,2021-08-10,0.006862498416457738
Equity Min-Variance,2021-08-11,0.006377841907029086
Equity Min-Variance,2021-08-12,0.004148955069482124
Equity Min-Variance,2021-08-13,0.0031284437129796678
Equity Min-Variance,2021-08-16,0.009309105986029081
Equity Min-Variance,2021-08-17,0.004737524200364835
Equity Min-Variance,2021-08-18,-0.013856119315296294
Equity Min-Variance,2021-08-19,0.0024466616659981604
Equity Min-Variance,2021-08-20,0.0041913912910575574
Equity Min-Variance,2021-08-23,0.0031393056294157042
Equity Min-Variance,2021-08-24,-0.004839408353772517
Equity Min-Variance,2021-08-25,-0.003982148772265711
Equity Min-Variance,2021-08-26,-0.00369277627235635
Equity Min-Variance,2021-08-27,0.0019008332233105818
Equity Min-Variance,2021-08-30,0.004420578938880634
Equity Min-Variance,2021-08-31,0.005008795286249931
Equity Min-Variance,2021-09-01,-0.00887002646502672
Equity Min-Variance,2021-09-02,0.0048258656757864515
Equity Min-Variance,2021-09-03,0.0018915789883483308
Equity Min-Variance,2021-09-07,-0.018197838218462905
Equity Min-Variance,2021-09-08,0.0038412436686471275
Equity Min-Variance,2021-09-09,-0.01454330776293733
Equity Min-Variance,2021-09-10,-0.0015457528926236055
Equity Min-Variance,2021-09-13,-0.0008699758788763851
Equity Min-Variance,2021-09-14,-0.004526553036932175
Equity Min-Variance,2021-09-15,0.0024892522335067963
Equity Min-Variance,2021-09-16,-0.007310506449178585
Equity Min-Variance,2021-09-17,-0.00574629798372025
Equity Min-Variance,2021-09-20,-0.0110625425309345
Equity Min-Variance,2021-09-21,-0.0007145570846548795
Equity Min-Variance,2021-09-22,-0.002312876686729351
Equity Min-Variance,2021-09-23,0.0029331106598270594
Equity Min-Variance,2021-09-24,0.0006386471906147318
Equity Min-Variance,2021-09-27,-0.002474848707229811
Equity Min-Variance,2021-09-28,-0.001367030957007562
Equity Min-Variance,2021-09-29,0.008448785243790644
Equity Min-Variance,2021-09-30,-0.004938694593257412
Equity Min-Variance,2021-10-01,0.004642104729827448
Equity Min-Variance,2021-10-04,-0.0007871604061610972
Equity Min-Variance,2021-10-05,0.0004936855791277494
Equity Min-Variance,2021-10-06,-0.0013112532232069114
Equity Min-Variance,2021-10-07,0.010430906349333071
Equity Min-Variance,2021-10-08,8.55002497614309e-05
Equity Min-Variance,2021-10-11,-0.00271338022332282
Equity Min-Variance,2021-10-12,-0.0015339994167326118
Equity Min-Variance,2021-10-13,0.0037931329225613392
Equity Min-Variance,2021-10-14,0.011262084227883877
Equity Min-Variance,2021-10-15,-0.0022509148557248145
Equity Min-Variance,2021-10-18,-0.00488067348576279
Equity Min-Variance,2021-10-19,0.011772111496804717
Equity Min-Variance,2021-10-20,0.007912744739898553
Equity Min-Variance,2021-10-21,0.0045937381647824915
Equity Min-Variance,2021-10-22,0.004755821979968263
Equity Min-Variance,2021-10-25,0.0063123056048501065
Equity Min-Variance,2021-10-26,-0.0002295049733196127
Equity Min-Variance,2021-10-27,-0.010640589711882528
Equity Min-Variance,2021-10-28,0.008699389670209737
Equity Min-Variance,2021-10-29,0.002188911629180614
Equity Min-Variance,2021-11-01,0.003962271634871506
Equity Min-Variance,2021-11-02,0.005974031082428999
Equity Min-Variance,2021-11-03,0.003371458569225334
Equity Min-Variance,2021-11-04,0.003496180315764339
Equity Min-Variance,2021-11-05,-0.01161982009744138
Equity Min-Variance,2021-11-08,-0.0040235265256783
Equity Min-Variance,2021-11-09,0.0036464562424665292
Equity Min-Variance,2021-11-10,0.005310509344741864
Equity Min-Variance,2021-11-11,0.00493604498025708
Equity Min-Variance,2021-11-12,0.0018290352387259538
Equity Min-Variance,2021-11-15,-0.0056303653847826545
Equity Min-Variance,2021-11-16,-0.00963393850313907
Equity Min-Variance,2021-11-17,-0.001834372202414961
Equity Min-Variance,2021-11-18,-0.0010816502836540865
Equity Min-Variance,2021-11-19,-0.008927838615058078
Equity Min-Variance,2021-11-22,-0.0009479438604417474
Equity Min-Variance,2021-11-23,0.00856848026450955
Equity Min-Variance,2021-11-24,-0.0017979101330304725
Equity Min-Variance,2021-11-26,-0.010477940174174362
Equity Min-Variance,2021-11-29,-0.00605700229156538
Equity Min-Variance,2021-11-30,-0.01546173009327794
Equity Min-Variance,2021-12-01,-0.011897179384434669
Equity Min-Variance,2021-12-02,0.0036035615702298277
Equity Min-Variance,2021-12-03,0.012285652727246878
Equity Min-Variance,2021-12-06,0.012209375923022393
Equity Min-Variance,2021-12-07,0.000937803584898987
Equity Min-Variance,2021-12-08,0.0013234433080187178
Equity Min-Variance,2021-12-09,0.0035659415156539054
Equity Min-Variance,2021-12-10,0.008488837673775663
Equity Min-Variance,2021-12-13,0.010719461034068135
Equity Min-Variance,2021-12-14,0.002745489999895806
Equity Min-Variance,2021-12-15,0.008301210022508727
Equity Min-Variance,2021-12-16,0.012476233873842469
Equity Min-Variance,2021-12-17,-0.01256026557715559
Equity Min-Variance,2021-12-20,0.0036974798232422604
Equity Min-Variance,2021-12-21,-0.0011680573906382328
Equity Min-Variance,2021-12-22,0.004664600729928286
Equity Min-Variance,2021-12-23,0.003534591336530183
Equity Min-Variance,2021-12-27,0.009581727555153
Equity Min-Variance,2021-12-28,0.0049622465067853
Equity Min-Variance,2021-12-29,0.0036945778245535753
Equity Min-Variance,2021-12-30,0.0030295682999978103
Equity Min-Variance,2021-12-31,-0.00042935673013367177
Equity Min-Variance,2022-01-03,-0.002288246260413078
Equity Min-Variance,2022-01-04,-0.0025624258572453985
Equity Min-Variance,2022-01-05,-0.00014117218583756578
Equity Min-Variance,2022-01-06,-0.009172160564229061
Equity Min-Variance,2022-01-07,0.0029771532044146256
Equity Min-Variance,2022-01-10,-0.0022470053206987742
Equity Min-Variance,2022-01-11,0.005002251166524425
Equity Min-Variance,2022-01-12,0.0044721064209651135
Equity Min-Variance,2022-01-13,-0.0015626618382386208
Equity Min-Variance,2022-01-14,-0.0017276502304898345
Equity Min-Variance,2022-01-18,-0.0037547782761532186
Equity Min-Variance,2022-01-19,0.007836528576844758
Equity Min-Variance,2022-01-20,-0.013388211812932205
Equity Min-Variance,2022-01-21,-0.0034111147025957097
Equity Min-Variance,2022-01-24,-0.002814997971290267
Equity Min-Variance,2022-01-25,-0.00631425261801403
Equity Min-Variance,2022-01-26,-0.011631077628167478
Equity Min-Variance,2022-01-27,0.0012479968178556596
Equity Min-Variance,2022-01-28,0.00854743939795849
Equity Min-Variance,2022-01-31,0.008401889867341738
Equity Min-Variance,2022-02-01,0.0010509587164537842
Equity Min-Variance,2022-02-02,0.008166721408548067
Equity Min-Variance,2022-02-03,-0.004467472717203101
Equity Min-Variance,2022-02-04,-0.008369332878514126
Equity Min-Variance,2022-02-07,0.0022626844397730613
Equity Min-Variance,2022-02-08,-0.0007522762968593225
Equity Min-Variance,2022-02-09,0.0010894822869506817
Equity Min-Variance,2022-02-10,-0.01586630005289784
Equity Min-Variance,2022-02-11,0.0018512148357724407
Equity Min-Variance,2022-02-14,-0.00502911547230143
Equity Min-Variance,2022-02-15,0.0024156465654772007
Equity Min-Variance,2022-02-16,-0.00035145311718023074
Equity Min-Variance,2022-02-17,0.003920821819478362
Equity Min-Variance,2022-02-18,-0.005318892341026549
Equity Min-Variance,2022-02-22,-0.005560332091084016
Equity Min-Variance,2022-02-23,0.0019438748649537028
Equity Min-Variance,2022-02-24,-0.007531855901823969
Equity Min-Variance,2022-02-25,0.02204447095332253
Equity Min-Variance,2022-02-28,-0.010691687662143174
Equity Min-Variance,2022-03-01,0.0010648327706823464
Equity Min-Variance,2022-03-02,0.010546665053953425
Equity Min-Variance,2022-03-03,0.009112862090036523
Equity Min-Variance,2022-03-04,0.010244861442226603
Equity Min-Variance,2022-03-07,-0.0062037801261506
Equity Min-Variance,2022-03-08,-0.014397146969667422
Equity Min-Variance,2022-03-09,0.00592013597996649
Equity Min-Variance,2022-03-10,0.0013687495162155552
Equity Min-Variance,2022-03-11,-0.006389686043602737
Equity Min-Variance,2022-03-14,-0.0019757509244278494
Equity Min-Variance,2022-03-15,0.009035970053377454
Equity Min-Variance,2022-03-16,0.0038319982527927495
Equity Min-Variance,2022-03-17,0.012168398720974522
Equity Min-Variance,2022-03-18,0.004621304044226418
Equity Min-Variance,2022-03-21,0.0025088682902454544
Equity Min-Variance,2022-03-22,0.0037971784412396776
Equity Min-Variance,2022-03-23,-0.007516147861916918
Equity Min-Variance,2022-03-24,0.006253880182399389
Equity Min-Variance,2022-03-25,0.007168563974872821
Equity Min-Variance,2022-03-28,0.006694288853478007
Equity Min-Variance,2022-03-29,0.01245085442031965
Equity Min-Variance,2022-03-30,0.003716808711712656
Equity Min-Variance,2022-03-31,-0.009279757091312905
Equity Min-Variance,2022-04-01,0.009981609371310233
Equity Min-Variance,2022-04-04,0.0013709377130490883
Equity Min-Variance,2022-04-05,-0.004611605367022806
Equity Min-Variance,2022-04-06,0.013556799941311449
Equity Min-Variance,2022-04-07,0.007351069788681859
Equity Min-Variance,2022-04-08,0.006566791456021821
Equity Min-Variance,2022-04-11,-0.013212938476703831
Equity Min-Variance,2022-04-12,-0.002652556954965469
Equity Min-Variance,2022-04-13,0.004411863584061829
Equity Min-Variance,2022-04-14,0.0026812796861115777
Equity Min-Variance,2022-04-18,-0.006288422105724297
Equity Min-Variance,2022-04-19,0.0060524814792141625
Equity Min-Variance,2022-04-20,0.005165071462318489
Equity Min-Variance,2022-04-21,-0.007446845160764049
Equity Min-Variance,2022-04-22,-0.015226970599047679
Equity Min-Variance,2022-04-25,-0.0014160678044849208
Equity Min-Variance,2022-04-26,-0.015510765300164002
Equity Min-Variance,2022-04-27,-0.0041769863926030566
Equity Min-Variance,2022-04-28,0.013482545398325734
Equity Min-Variance,2022-04-29,-0.03156658339735802
Equity Min-Variance,2022-05-02,-2.4122070782911335e-05
Equity Min-Variance,2022-05-03,0.003476047210113978
Equity Min-Variance,2022-05-04,0.018496824179499036
Equity Min-Variance,2022-05-05,-0.014389547593224397
Equity Min-Variance,2022-05-06,-0.011080919032777685
Equity Min-Variance,2022-05-09,-0.013143241551454906
Equity Min-Variance,2022-05-10,-0.006693999025715743
Equity Min-Variance,2022-05-11,0.0025555972939499995
Equity Min-Variance,2022-05-12,0.0053740114841883315
Equity Min-Variance,2022-05-13,0.006078769787182206
Equity Min-Variance,2022-05-16,0.006283831018556925
Equity Min-Variance,2022-05-17,-0.016138431292704716
Equity Min-Variance,2022-05-18,-0.028118092278282145
Equity Min-Variance,2022-05-19,-0.004143896314595047
Equity Min-Variance,2022-05-20,0.003067192280891412
Equity Min-Variance,2022-05-23,0.012580047295413597
Equity Min-Variance,2022-05-24,0.012296975567189136
Equity Min-Variance,2022-05-25,0.0024076930131550532
Equity Min-Variance,2022-05-26,0.0032466498775999986
Equity Min-Variance,2022-05-27,0.010481329520505525
Equity Min-Variance,2022-05-31,-0.006124695746955129
Equity Min-Variance,2022-06-01,-0.0085227602811974
Equity Min-Variance,2022-06-02,0.0073044121820391794
Equity Min-Variance,2022-06-03,-0.0076917522464690245
Equity Min-Variance,2022-06-06,-0.006024695840410092
Equity Min-Variance,2022-06-07,0.0067435261018671646
Equity Min-Variance,2022-06-08,-0.010633511885673593
Equity Min-Variance,2022-06-09,-0.019888029431426542
Equity Min-Variance,2022-06-10,-0.006645960252713061
Equity Min-Variance,2022-06-13,-0.025526661516211982
Equity Min-Variance,2022-06-14,-0.008351519857434335
Equity Min-Variance,2022-06-15,0.005298199605184632
Equity Min-Variance,2022-06-16,-0.0003794581662062066
Equity Min-Variance,2022-06-17,-0.005204851168766255
Equity Min-Variance,2022-06-21,0.025438072067961757
Equity Min-Variance,2022-06-22,0.004345807023983739
Equity Min-Variance,2022-06-23,0.010234800016967298
Equity Min-Variance,2022-06-24,0.014771118110436651
Equity Min-Variance,2022-06-27,-0.0041992310853151025
Equity Min-Variance,2022-06-28,-0.013836206808718146
Equity Min-Variance,2022-06-29,-0.00025461116993758426
Equity Min-Variance,2022-06-30,-0.009653312045242744
Equity Min-Variance,2022-07-01,0.010284527515568975
Equity Min-Variance,2022-07-05,0.0012557855517604862
Equity Min-Variance,2022-07-06,0.001563194134764621
Equity Min-Variance,2022-07-07,0.001379442878237689
Equity Min-Variance,2022-07-08,-0.0015093489042421807
Equity Min-Variance,2022-07-11,-0.0019362409656292034
Equity Min-Variance,2022-07-12,-0.006682338061437117
Equity Min-Variance,2022-07-13,-0.001505735096306439
Equity Min-Variance,2022-07-14,-0.0027006395729570107
Equity Min-Variance,2022-07-15,0.011483950038288834
Equity Min-Variance,2022-07-18,-0.012002746882780236
Equity Min-Variance,2022-07-19,0.012313553683854972
Equity Min-Variance,2022-07-20,-0.0065137472559669935
Equity Min-Variance,2022-07-21,0.0055848145863004114
Equity Min-Variance,2022-07-22,-0.0018131699798419139
Equity Min-Variance,2022-07-25,-0.011002640709692932
Equity Min-Variance,2022-07-26,-0.0037545810789665103
Equity Min-Variance,2022-07-27,0.006544629882430254
Equity Min-Variance,2022-07-28,0.006751626765466183
Equity Min-Variance,2022-07-29,-0.0022275322355145137
Equity Min-Variance,2022-08-01,-0.005757954014850521
Equity Min-Variance,2022-08-02,-0.005151776241504584
Equity Min-Variance,2022-08-03,0.010042701155879092
Equity Min-Variance,2022-08-04,-0.0056018663329816315
Equity Min-Variance,2022-08-05,-0.002654871984209445
Equity Min-Variance,2022-08-08,0.005835441186718099
Equity Min-Variance,2022-08-09,0.0032238866216887886
Equity Min-Variance,2022-08-10,0.009038989342022217
Equity Min-Variance,2022-08-11,-0.0015127272918162048
Equity Min-Variance,2022-08-12,0.01563662196864945
Equity Min-Variance,2022-08-15,0.007635733213883144
Equity Min-Variance,2022-08-16,0.014726496858591068
Equity Min-Variance,2022-08-17,-0.007744195424491219
Equity Min-Variance,2022-08-18,-0.0044742028138809835
Equity Min-Variance,2022-08-19,-0.006263781358094465
Equity Min-Variance,2022-08-22,-0.013832786294324741
Equity Min-Variance,2022-08-23,-0.004906564084557363
Equity Min-Variance,2022-08-24,-0.000772175778486406
Equity Min-Variance,2022-08-25,0.008668905772621206
Equity Min-Variance,2022-08-26,-0.025328628020550914
Equity Min-Variance,2022-08-29,-0.007346311808205179
Equity Min-Variance,2022-08-30,-0.008347309677809679
Equity Min-Variance,2022-08-31,-0.0034701971384523437
Equity Min-Variance,2022-09-01,0.013394832271710648
Equity Min-Variance,2022-09-02,-0.012530219063928216
Equity Min-Variance,2022-09-06,-0.0033617063081866753
Equity Min-Variance,2022-09-07,0.018066840074663432
Equity Min-Variance,2022-09-08,0.003290823689706477
Equity Min-Variance,2022-09-09,0.01042713792375338
Equity Min-Variance,2022-09-12,0.013876204576599147
Equity Min-Variance,2022-09-13,-0.02707030395005671
Equity Min-Variance,2022-09-14,0.0005649867963921395
Equity Min-Variance,2022-09-15,-0.0075902045404834355
Equity Min-Variance,2022-09-16,0.0024130580120904086
Equity Min-Variance,2022-09-19,0.0028483493138845998
Equity Min-Variance,2022-09-20,-0.013241228233022347
Equity Min-Variance,2022-09-21,-0.010948575351533575
Equity Min-Variance,2022-09-22,0.0018625209301169146
Equity Min-Variance,2022-09-23,-0.01573288986042176
Equity Min-Variance,2022-09-26,-0.006310910457466333
Equity Min-Variance,2022-09-27,-0.0026329819609516515
Equity Min-Variance,2022-09-28,0.021560982211033343
Equity Min-Variance,2022-09-29,-0.012386315589525887
Equity Min-Variance,2022-09-30,-0.017031566342542503
Equity Min-Variance,2022-10-03,0.023214900317959482
Equity Min-Variance,2022-10-04,0.02154581906522379
Equity Min-Variance,2022-10-05,-0.004084362541196955
Equity Min-Variance,2022-10-06,-0.00843261373492181
Equity Min-Variance,2022-10-07,-0.01853067047293842
Equity Min-Variance,2022-10-10,0.0033459183807943035
Equity Min-Variance,2022-10-11,0.008449002442091687
Equity Min-Variance,2022-10-12,-0.004765965418212664
Equity Min-Variance,2022-10-13,0.01810490567811681
Equity Min-Variance,2022-10-14,-0.00991513130284543
Equity Min-Variance,2022-10-17,0.01088763996166012
Equity Min-Variance,2022-10-18,0.013377643264610276
Equity Min-Variance,2022-10-19,-0.010275392673918441
Equity Min-Variance,2022-10-20,0.001099047593942983
Equity Min-Variance,2022-10-21,0.02229159159374678
Equity Min-Variance,2022-10-24,0.012857795813861827
Equity Min-Variance,2022-10-25,0.008491353195157534
Equity Min-Variance,2022-10-26,0.011753841176138393
Equity Min-Variance,2022-10-27,-0.0011553349380419254
Equity Min-Variance,2022-10-28,0.022178969840140398
Equity Min-Variance,2022-10-31,-0.0082832396356153
Equity Min-Variance,2022-11-01,-0.003539495605805614
Equity Min-Variance,2022-11-02,-0.01772057446153055
Equity Min-Variance,2022-11-03,-0.00694751875232476
Equity Min-Variance,2022-11-04,0.015157913308814448
Equity Min-Variance,2022-11-07,0.009475977196919595
Equity Min-Variance,2022-11-08,0.005813130994229668
Equity Min-Variance,2022-11-09,-0.01083556968173529
Equity Min-Variance,2022-11-10,0.029303534919785223
Equity Min-Variance,2022-11-11,-0.0007173274004615109
Equity Min-Variance,2022-11-14,-0.0056197613242948115
Equity Min-Variance,2022-11-15,0.011477187861187402
Equity Min-Variance,2022-11-16,-0.0009567613405905696
Equity Min-Variance,2022-11-17,0.00013915874286741118
Equity Min-Variance,2022-11-18,0.010604622831680425
Equity Min-Variance,2022-11-21,0.005398277411629127
Equity Min-Variance,2022-11-22,0.011584885426735893
Equity Min-Variance,2022-11-23,0.0025818227959429276
Equity Min-Variance,2022-11-25,0.0016027246738386214
Equity Min-Variance,2022-11-28,-0.010510714963681916
Equity Min-Variance,2022-11-29,0.0047280529775876766
Equity Min-Variance,2022-11-30,0.017014067052869765
Equity Min-Variance,2022-12-01,0.004012269307013573
Equity Min-Variance,2022-12-02,0.005688123665298144
Equity Min-Variance,2022-12-05,-0.01139494280960103
Equity Min-Variance,2022-12-06,-0.00878353688109621
Equity Min-Variance,2022-12-07,0.003353156807947533
Equity Min-Variance,2022-12-08,0.005415952559677943
Equity Min-Variance,2022-12-09,-0.014850034029630699
Equity Min-Variance,2022-12-12,0.009845505186763439
Equity Min-Variance,2022-12-13,0.0042023911641726934
Equity Min-Variance,2022-12-14,-0.0009392330682814519
Equity Min-Variance,2022-12-15,-0.01773592346848291
Equity Min-Variance,2022-12-16,-0.007978374460680605
Equity Min-Variance,2022-12-19,-0.0023218153040018615
Equity Min-Variance,2022-12-20,0.001261046858781905
Equity Min-Variance,2022-12-21,0.010132910937595543
Equity Min-Variance,2022-12-22,-0.004397564500916136
Equity Min-Variance,2022-12-23,0.0015140439276975339
Equity Min-Variance,2022-12-27,0.0020838929691237114
Equity Min-Variance,2022-12-28,-0.01236498663986767
Equity Min-Variance,2022-12-29,0.007881806493832624
Equity Min-Variance,2022-12-30,-0.0009432555055191651
Equity Min-Variance,2023-01-03,0.007393225911484765
Equity Min-Variance,2023-01-04,0.011597513828043029
Equity Min-Variance,2023-01-05,-0.0029812890756957377
Equity Min-Variance,2023-01-06,0.0179205153730169
Equity Min-Variance,2023-01-09,-0.015451802806631939
Equity Min-Variance,2023-01-10,0.0036281968596792082
Equity Min-Variance,2023-01-11,0.003196717719338521
Equity Min-Variance,2023-01-12,-0.004604475877452021
Equity Min-Variance,2023-01-13,0.0037111144133309022
Equity Min-Variance,2023-01-17,-0.011060087714599643
Equity Min-Variance,2023-01-18,-0.019647196831254425
Equity Min-Variance,2023-01-19,-0.0032768376723555054
Equity Min-Variance,2023-01-20,0.009587520653754079
Equity Min-Variance,2023-01-23,0.006912936702947736
Equity Min-Variance,2023-01-24,-0.0043760668868081335
Equity Min-Variance,2023-01-25,0.0019140353304571893
Equity Min-Variance,2023-01-26,-0.0021804799893931793
Equity Min-Variance,2023-01-27,-0.000754761905663306
Equity Min-Variance,2023-01-30,-0.004687785960400741
Equity Min-Variance,2023-01-31,0.01048416518689575
Equity Min-Variance,2023-02-01,-0.007989680177772077
Equity Min-Variance,2023-02-02,-0.010939618155239838
Equity Min-Variance,2023-02-03,-0.009249972585871055
Equity Min-Variance,2023-02-06,-0.004872171103063427
Equity Min-Variance,2023-02-07,0.007511961167234978
Equity Min-Variance,2023-02-08,-0.005454385336467371
Equity Min-Variance,2023-02-09,0.0008445282871950095
Equity Min-Variance,2023-02-10,0.011197042852949769
Equity Min-Variance,2023-02-13,0.011230798288169492
Equity Min-Variance,2023-02-14,-0.009995223089538267
Equity Min-Variance,2023-02-15,-0.0004599554247618147
Equity Min-Variance,2023-02-16,-0.012724428906966415
Equity Min-Variance,2023-02-17,0.01105868910142037
Equity Min-Variance,2023-02-21,-0.0024208028009476343
Equity Min-Variance,2023-02-22,-0.009854775764925081
Equity Min-Variance,2023-02-23,-0.0020755114148011972
Equity Min-Variance,2023-02-24,-0.006250615377840356
Equity Min-Variance,2023-02-27,0.00120680345951067
Equity Min-Variance,2023-02-28,-0.00319932038144778
Equity Min-Variance,2023-03-01,-0.0025487730490359834
Equity Min-Variance,2023-03-02,0.005869494189884632
Equity Min-Variance,2023-03-03,0.007483332945320511
Equity Min-Variance,2023-03-06,0.0036630301942684115
Equity Min-Variance,2023-03-07,-0.011549768381433843
Equity Min-Variance,2023-03-08,-0.00783055649939868
Equity Min-Variance,2023-03-09,-0.012284314103100897
Equity Min-Variance,2023-03-10,-0.0024249185510331604
Equity Min-Variance,2023-03-13,0.009117574700059309
Equity Min-Variance,2023-03-14,0.008283215448299722
Equity Min-Variance,2023-03-15,0.005466820460850285
Equity Min-Variance,2023-03-16,0.004773721358322793
Equity Min-Variance,2023-03-17,-0.0034659663011869972
Equity Min-Variance,2023-03-20,0.010691706475655125
Equity Min-Variance,2023-03-21,-0.002325037792624223
Equity Min-Variance,2023-03-22,-0.013695982096832319
Equity Min-Variance,2023-03-23,0.008951540073482932
Equity Min-Variance,2023-03-24,0.012837315130026537
Equity Min-Variance,2023-03-27,0.0045414990331903845
Equity Min-Variance,2023-03-28,-0.0007587341853823058
Equity Min-Variance,2023-03-29,0.004829244605531333
Equity Min-Variance,2023-03-30,0.004684955863099693
Equity Min-Variance,2023-03-31,0.01187792337360072
Equity Min-Variance,2023-04-03,0.008337049900662892
Equity Min-Variance,2023-04-04,0.001924755744382475
Equity Min-Variance,2023-04-05,0.012187496216179166
Equity Min-Variance,2023-04-06,0.0009520188792603044
Equity Min-Variance,2023-04-10,-0.0012429080477761728
Equity Min-Variance,2023-04-11,-0.0010990358348340044
Equity Min-Variance,2023-04-12,0.00031528917393140537
Equity Min-Variance,2023-04-13,0.010183502102134166
Equity Min-Variance,2023-04-14,-0.007948504622839052
Equity Min-Variance,2023-04-17,0.002061237660986013
Equity Min-Variance,2023-04-18,-7.476781880712106e-05
Equity Min-Variance,2023-04-19,-0.0010873274794284257
Equity Min-Variance,2023-04-20,-0.00024834175204832017
Equity Min-Variance,2023-04-21,0.005861857046724046
Equity Min-Variance,2023-04-24,0.004409873220541008
Equity Min-Variance,2023-04-25,-0.002957339226050911
Equity Min-Variance,2023-04-26,-0.017656717433848026
Equity Min-Variance,2023-04-27,-0.0004137680811140502
Equity Min-Variance,2023-04-28,0.0008144979958160063
Equity Min-Variance,2023-05-01,0.0015048670216152333
Equity Min-Variance,2023-05-02,-0.005523395179311899
Equity Min-Variance,2023-05-03,-0.00688526767435183
Equity Min-Variance,2023-05-04,-0.0005787004814013336
Equity Min-Variance,2023-05-05,0.008239216955529784
Equity Min-Variance,2023-05-08,-0.0008816223793738538
Equity Min-Variance,2023-05-09,-0.003174587946069846
Equity Min-Variance,2023-05-10,-0.0022055637788709545
Equity Min-Variance,2023-05-11,-0.0019239938357676243
Equity Min-Variance,2023-05-12,-0.00034292402602168474
Equity Min-Variance,2023-05-15,-0.001512793366160005
Equity Min-Variance,2023-05-16,-0.013396443242661395
Equity Min-Variance,2023-05-17,-8.706136570173711e-05
Equity Min-Variance,2023-05-18,0.002597535893469232
Equity Min-Variance,2023-05-19,0.0010158267922347262
Equity Min-Variance,2023-05-22,-0.004419253482710088
Equity Min-Variance,2023-05-23,-0.006171984481530663
Equity Min-Variance,2023-05-24,-0.006406734932611042
Equity Min-Variance,2023-05-25,-0.011029105481508544
Equity Min-Variance,2023-05-26,-4.6727180035724e-05
Equity Min-Variance,2023-05-30,-0.0062317634218548865
Equity Min-Variance,2023-05-31,0.003856654328324524
Equity Min-Variance,2023-06-01,0.001315871557376119
Equity Min-Variance,2023-06-02,0.016079294436024096
Equity Min-Variance,2023-06-05,-0.003703314589143589
Equity Min-Variance,2023-06-06,-0.007549921674094033
Equity Min-Variance,2023-06-07,0.002393601897637242
Equity Min-Variance,2023-06-08,0.010099084465527724
Equity Min-Variance,2023-06-09,-0.001421436629489234
Equity Min-Variance,2023-06-12,0.0017088431326135961
Equity Min-Variance,2023-06-13,0.006534210356845999
Equity Min-Variance,2023-06-14,-0.00010373520201493102
Equity Min-Variance,2023-06-15,0.008842342122058314
Equity Min-Variance,2023-06-16,0.002493548944592908
Equity Min-Variance,2023-06-20,-0.008865249326022924
Equity Min-Variance,2023-06-21,-0.001927420846741817
Equity Min-Variance,2023-06-22,0.004702450412541961
Equity Min-Variance,2023-06-23,-0.003687741936515713
Equity Min-Variance,2023-06-26,0.0008074461634715553
Equity Min-Variance,2023-06-27,-0.0003290971429716873
Equity Min-Variance,2023-06-28,-0.003512733644541751
Equity Min-Variance,2023-06-29,0.0013365565312686344
Equity Min-Variance,2023-06-30,0.011310923071300655
Equity Min-Variance,2023-07-03,0.0035992551072969456
Equity Min-Variance,2023-07-05,-0.0020603995415960476
Equity Min-Variance,2023-07-06,-0.00855777338130391
Equity Min-Variance,2023-07-07,-0.012734075867885527
Equity Min-Variance,2023-07-10,0.005367605898142727
Equity Min-Variance,2023-07-11,0.011887920053630525
Equity Min-Variance,2023-07-12,0.0015254770318336498
Equity Min-Variance,2023-07-13,0.0012087151767479144
Equity Min-Variance,2023-07-14,0.004359123983216012
Equity Min-Variance,2023-07-17,-0.0043299857086427545
Equity Min-Variance,2023-07-18,0.003131292035945277
Equity Min-Variance,2023-07-19,0.004401754954322566
Equity Min-Variance,2023-07-20,0.00797171179915213
Equity Min-Variance,2023-07-21,0.007368728105326951
Equity Min-Variance,2023-07-24,-0.0033109594868926725
Equity Min-Variance,2023-07-25,0.0005361809388736412
Equity Min-Variance,2023-07-26,0.0024069599365638163
Equity Min-Variance,2023-07-27,-0.005117794911431035
Equity Min-Variance,2023-07-28,0.004564364955113055
Equity Min-Variance,2023-07-31,-0.0024773884530961145
Equity Min-Variance,2023-08-01,-0.008334998618400494
Equity Min-Variance,2023-08-02,-0.009969632134023935
Equity Min-Variance,2023-08-03,-0.003471669111883241
Equity Min-Variance,2023-08-04,-0.0040802784472180696
Equity Min-Variance,2023-08-07,0.011137355657648604
Equity Min-Variance,2023-08-08,-0.004493058876671992
Equity Min-Variance,2023-08-09,0.0013609061161337583
Equity Min-Variance,2023-08-10,-0.0010034723867041102
Equity Min-Variance,2023-08-11,0.006281115060063116
Equity Min-Variance,2023-08-14,-0.0023918945268551223
Equity Min-Variance,2023-08-15,-0.008417977862769176
Equity Min-Variance,2023-08-16,-0.0039360932314282055
Equity Min-Variance,2023-08-17,-0.00960117661988551
Equity Min-Variance,2023-08-18,0.0015990956365564675
Equity Min-Variance,2023-08-21,-0.00047360433941223256
Equity Min-Variance,2023-08-22,-0.003062344157749257
Equity Min-Variance,2023-08-23,0.01095003788046376
Equity Min-Variance,2023-08-24,-0.008752364605684619
Equity Min-Variance,2023-08-25,0.002680784531246731
Equity Min-Variance,2023-08-28,0.006039089395321749
Equity Min-Variance,2023-08-29,0.008518443125072082
Equity Min-Variance,2023-08-30,0.0015081504997996585
Equity Min-Variance,2023-08-31,-0.004313678852813956
Equity Min-Variance,2023-09-01,-8.823094967817376e-05
Equity Min-Variance,2023-09-05,-0.0106208997827971
Equity Min-Variance,2023-09-06,-0.00242409753262292
Equity Min-Variance,2023-09-07,0.006348136759921287
Equity Min-Variance,2023-09-08,0.005992595197812617
Equity Min-Variance,2023-09-11,0.0057632509198949945
Equity Min-Variance,2023-09-12,-0.0030249716634854285
Equity Min-Variance,2023-09-13,0.00015951772816863766
Equity Min-Variance,2023-09-14,0.010189393646307767
Equity Min-Variance,2023-09-15,-0.0073812609719772285
Equity Min-Variance,2023-09-18,-0.0003837264815487129
Equity Min-Variance,2023-09-19,-0.000432267053564545
Equity Min-Variance,2023-09-20,0.001410081073463731
Equity Min-Variance,2023-09-21,-0.011654412417394988
Equity Min-Variance,2023-09-22,-9.342459733576822e-05
Equity Min-Variance,2023-09-25,-0.0004648633071166991
Equity Min-Variance,2023-09-26,-0.005920977697263555
Equity Min-Variance,2023-09-27,-0.009038574430899482
Equity Min-Variance,2023-09-28,0.0016455063139873152
Equity Min-Variance,2023-09-29,-0.006661352366276083
Equity Min-Variance,2023-10-02,-0.00966025089953493
Equity Min-Variance,2023-10-03,-0.008344961181990173
Equity Min-Variance,2023-10-04,0.007491399066787278
Equity Min-Variance,2023-10-05,-0.0032128909148898847
Equity Min-Variance,2023-10-06,0.0055457402115718845
Equity Min-Variance,2023-10-09,0.004345240724036118
Equity Min-Variance,2023-10-10,0.011217013320897529
Equity Min-Variance,2023-10-11,0.004712964260120739
Equity Min-Variance,2023-10-12,-0.0022621136462645025
Equity Min-Variance,2023-10-13,0.003561455376904511
Equity Min-Variance,2023-10-16,0.007347141273652276
Equity Min-Variance,2023-10-17,0.006031609952467946
Equity Min-Variance,2023-10-18,-0.008726634167166002
Equity Min-Variance,2023-10-19,-0.01056155030892318
Equity Min-Variance,2023-10-20,-0.003209687561132556
Equity Min-Variance,2023-10-23,-0.0024260037890907454
Equity Min-Variance,2023-10-24,0.011263832528736398
Equity Min-Variance,2023-10-25,-0.008221209350872016
Equity Min-Variance,2023-10-26,-0.0016812136049719805
Equity Min-Variance,2023-10-27,-0.011295006127451886
Equity Min-Variance,2023-10-30,0.008365257383736256
Equity Min-Variance,2023-10-31,0.0024043979117453094
Equity Min-Variance,2023-11-01,0.005637010610637302
Equity Min-Variance,2023-11-02,0.012566279783803074
Equity Min-Variance,2023-11-03,0.0036930148529357083
Equity Min-Variance,2023-11-06,-0.004121168269870587
Equity Min-Variance,2023-11-07,-0.0007946857273825985
Equity Min-Variance,2023-11-08,-0.006821127248835868
Equity Min-Variance,2023-11-09,-0.01300128912707006
Equity Min-Variance,2023-11-10,0.005760007500469372
Equity Min-Variance,2023-11-13,0.0027412998684282477
Equity Min-Variance,2023-11-14,0.010097242958306114
Equity Min-Variance,2023-11-15,0.004132948681811802
Equity Min-Variance,2023-11-16,-0.01593070657797242
Equity Min-Variance,2023-11-17,-0.0004223876217259779
Equity Min-Variance,2023-11-20,0.004606093859036962
Equity Min-Variance,2023-11-21,0.0017013340808564033
Equity Min-Variance,2023-11-22,0.0004940469133639443
Equity Min-Variance,2023-11-24,0.002785404628111528
Equity Min-Variance,2023-11-27,0.0022344668558429526
Equity Min-Variance,2023-11-28,0.00512577852306657
Equity Min-Variance,2023-11-29,0.00043315849452920643
Equity Min-Variance,2023-11-30,0.008769129816732462
Equity Min-Variance,2023-12-01,0.006133867093702878
Equity Min-Variance,2023-12-04,0.004080648988811684
Equity Min-Variance,2023-12-05,0.003057238332464086
Equity Min-Variance,2023-12-06,-0.001361147456768431
Equity Min-Variance,2023-12-07,-0.004158132560644875
Equity Min-Variance,2023-12-08,-0.00017834804217586303
Equity Min-Variance,2023-12-11,0.004794218645150851
Equity Min-Variance,2023-12-12,0.002585236752402236
Equity Min-Variance,2023-12-13,0.021478862447802706
Equity Min-Variance,2023-12-14,3.8739931736132336e-05
Equity Min-Variance,2023-12-15,-0.0065752022939204804
Equity Min-Variance,2023-12-18,0.0019291421154992606
Equity Min-Variance,2023-12-19,0.004316214920208027
Equity Min-Variance,2023-12-20,-0.013510758026921144
Equity Min-Variance,2023-12-21,0.008230867233992604
Equity Min-Variance,2023-12-22,0.00932639335501682
Equity Min-Variance,2023-12-26,0.0009118661575605015
Equity Min-Variance,2023-12-27,0.0043246175040837125
Equity Min-Variance,2023-12-28,0.0014908677461525082
Equity Min-Variance,2023-12-29,-0.0004595558275119722
Equity Risk-Parity,2021-01-04,-0.011905939089692112
Equity Risk-Parity,2021-01-05,0.008925434665857445
Equity Risk-Parity,2021-01-06,0.010374289769888917
Equity Risk-Parity,2021-01-07,0.00879169134285936
Equity Risk-Parity,2021-01-08,0.002894447469825591
Equity Risk-Parity,2021-01-11,-0.001063324966929392
Equity Risk-Parity,2021-01-12,-0.00041236907401708233
Equity Risk-Parity,2021-01-13,0.00025064318605746126
Equity Risk-Parity,2021-01-14,0.0018393607123656343
Equity Risk-Parity,2021-01-15,-0.007383761281465838
Equity Risk-Parity,2021-01-19,0.007032163656899493
Equity Risk-Parity,2021-01-20,0.010026981269983947
Equity Risk-Parity,2021-01-21,-0.006309967238977717
Equity Risk-Parity,2021-01-22,-0.002416300388929308
Equity Risk-Parity,2021-01-25,0.003132964973497718
Equity Risk-Parity,2021-01-26,-0.0036894076478275967
Equity Risk-Parity,2021-01-27,-0.02534053457834005
Equity Risk-Parity,2021-01-28,0.009460216277142282
Equity Risk-Parity,2021-01-29,-0.012522869606591254
Equity Risk-Parity,2021-02-01,0.00771425163961483
Equity Risk-Parity,2021-02-02,0.015475946924602151
Equity Risk-Parity,2021-02-03,-0.0016932919217443575
Equity Risk-Parity,2021-02-04,0.007260031258373321
Equity Risk-Parity,2021-02-05,0.007876112540205761
Equity Risk-Parity,2021-02-08,0.009952442918536879
Equity Risk-Parity,2021-02-09,-0.0027781993950109596
Equity Risk-Parity,2021-02-10,4.958826091587418e-06
Equity Risk-Parity,2021-02-11,-0.0013038228430512068
Equity Risk-Parity,2021-02-12,0.003933662951424623
Equity Risk-Parity,2021-02-16,-0.0029529121766313556
Equity Risk-Parity,2021-02-17,0.0026091499280553325
Equity Risk-Parity,2021-02-18,-0.004426170402560644
Equity Risk-Parity,2021-02-19,-0.0019457759655211785
Equity Risk-Parity,2021-02-22,0.00018473439565116698
Equity Risk-Parity,2021-02-23,-0.0008539493704867332
Equity Risk-Parity,2021-02-24,0.00959442550962873
Equity Risk-Parity,2021-02-25,-0.01609440143436472
Equity Risk-Parity,2021-02-26,-0.013263284312213632
Equity Risk-Parity,2021-03-01,0.018020249241134673
Equity Risk-Parity,2021-03-02,-0.00154577800155108
Equity Risk-Parity,2021-03-03,-0.009610981107769829
Equity Risk-Parity,2021-03-04,-0.008103593718211937
Equity Risk-Parity,2021-03-05,0.01704991548400355
Equity Risk-Parity,2021-03-08,0.00042295822249259696
Equity Risk-Parity,2021-03-09,0.008460495962933905
Equity Risk-Parity,2021-03-10,0.008274006549798122
Equity Risk-Parity,2021-03-11,0.0047341178746416425
Equity Risk-Parity,2021-03-12,0.00624290464943111
Equity Risk-Parity,2021-03-15,0.007844724141915138
Equity Risk-Parity,2021-03-16,0.002356910225519247
Equity Risk-Parity,2021-03-17,-2.1214545135033987e-05
Equity Risk-Parity,2021-03-18,-0.011587918671909735
Equity Risk-Parity,2021-03-19,-0.003958782968590882
Equity Risk-Parity,2021-03-22,0.007112006595703484
Equity Risk-Parity,2021-03-23,-0.005681450015480785
Equity Risk-Parity,2021-03-24,-0.004569720175124467
Equity Risk-Parity,2021-03-25,0.0059163277298270745
Equity Risk-Parity,2021-03-26,0.01940796583367181
Equity Risk-Parity,2021-03-29,0.003452231462153678
Equity Risk-Parity,2021-03-30,-0.005098438187306908
Equity Risk-Parity,2021-03-31,-0.0003403489487662467
Equity Risk-Parity,2021-04-01,0.011663791184707697
Equity Risk-Parity,2021-04-05,0.0072429209297468315
Equity Risk-Parity,2021-04-06,0.0005007340825728237
Equity Risk-Parity,2021-04-07,-0.0014239272486421468
Equity Risk-Parity,2021-04-08,-0.0012831313140807135
Equity Risk-Parity,2021-04-09,0.0026287986640685813
Equity Risk-Parity,2021-04-12,-0.000184459051746499
Equity Risk-Parity,2021-04-13,0.0027251268410245885
Equity Risk-Parity,2021-04-14,0.0009895478174793064
Equity Risk-Parity,2021-04-15,0.011057132021286751
Equity Risk-Parity,2021-04-16,0.00357897461890733
Equity Risk-Parity,2021-04-19,-0.003807273677380329
Equity Risk-Parity,2021-04-20,-0.004722958682671705
Equity Risk-Parity,2021-04-21,0.008944385567045443
Equity Risk-Parity,2021-04-22,-0.008361163008202423
Equity Risk-Parity,2021-04-23,0.007202704030707704
Equity Risk-Parity,2021-04-26,-0.0005277465760656031
Equity Risk-Parity,2021-04-27,0.00013117003144176613
Equity Risk-Parity,2021-04-28,-0.0007533255803846839
Equity Risk-Parity,2021-04-29,0.007598893822266547
Equity Risk-Parity,2021-04-30,-0.005000090377715974
Equity Risk-Parity,2021-05-03,0.007507776963584918
Equity Risk-Parity,2021-05-04,-0.003256364874837824
Equity Risk-Parity,2021-05-05,0.004896857395892786
Equity Risk-Parity,2021-05-06,0.00837182707713777
Equity Risk-Parity,2021-05-07,0.008262101838127778
Equity Risk-Parity,2021-05-10,-0.0026758135116632994
Equity Risk-Parity,2021-05-11,-0.007574183848351766
Equity Risk-Parity,2021-05-12,-0.01587669370049064
Equity Risk-Parity,2021-05-13,0.00976127949535724
Equity Risk-Parity,2021-05-14,0.011759298399035556
Equity Risk-Parity,2021-05-17,0.002399442210565305
Equity Risk-Parity,2021-05-18,-0.006917550300997846
Equity Risk-Parity,2021-05-19,-0.003432702148610833
Equity Risk-Parity,2021-05-20,0.009402359522345837
Equity Risk-Parity,2021-05-21,0.0007166767307011532
Equity Risk-Parity,2021-05-24,0.005003802340552362
Equity Risk-Parity,2021-05-25,-0.005180314623905456
Equity Risk-Parity,2021-05-26,0.003041562508026441
Equity Risk-Parity,2021-05-27,0.0008100155566221814
Equity Risk-Parity,2021-05-28,0.0030076678545147744
Equity Risk-Parity,2021-06-01,0.0022015932688543276
Equity Risk-Parity,2021-06-02,0.0024394144810436797
Equity Risk-Parity,2021-06-03,0.0014750302748388108
Equity Risk-Parity,2021-06-04,0.007154704314262755
Equity Risk-Parity,2021-06-07,-0.0016404143676319836
Equity Risk-Parity,2021-06-08,-0.003508288484696425
Equity Risk-Parity,2021-06-09,-0.0010476569647064051
Equity Risk-Parity,2021-06-10,0.005164210864974877
Equity Risk-Parity,2021-06-11,-0.00047406067812154194
Equity Risk-Parity,2021-06-14,-0.0007933058474341528
Equity Risk-Parity,2021-06-15,-0.0030718127078464483
Equity Risk-Parity,2021-06-16,-0.009002337875672041
Equity Risk-Parity,2021-06-17,-0.006825148795097303
Equity Risk-Parity,2021-06-18,-0.01378607741210628
Equity Risk-Parity,2021-06-21,0.014962147633064964
Equity Risk-Parity,2021-06-22,0.0008817632188988789
Equity Risk-Parity,2021-06-23,-0.004646158314540776
Equity Risk-Parity,2021-06-24,0.006993374983103858
Equity Risk-Parity,2021-06-25,0.007730459941564575
Equity Risk-Parity,2021-06-28,0.00047755215429769247
Equity Risk-Parity,2021-06-29,-0.00038221518765768246
Equity Risk-Parity,2021-06-30,0.0043089220717099095
Equity Risk-Parity,2021-07-01,0.005241378876445658
Equity Risk-Parity,2021-07-02,0.004411115494872184
Equity Risk-Parity,2021-07-06,-0.006371947615987369
Equity Risk-Parity,2021-07-07,0.0011599581675301026
Equity Risk-Parity,2021-07-08,-0.006993298284157237
Equity Risk-Parity,2021-07-09,0.010403335423679582
Equity Risk-Parity,2021-07-12,0.003554582426266094
Equity Risk-Parity,2021-07-13,-0.003292344224928702
Equity Risk-Parity,2021-07-14,0.0003339903341584694
Equity Risk-Parity,2021-07-15,-0.000433162495096084
Equity Risk-Parity,2021-07-16,-0.006861304154632516
Equity Risk-Parity,2021-07-19,-0.015175557946083685
Equity Risk-Parity,2021-07-20,0.009140587644809016
Equity Risk-Parity,2021-07-21,0.006626268923236999
Equity Risk-Parity,2021-07-22,-0.0005033608439106846
Equity Risk-Parity,2021-07-23,0.006338243488552178
Equity Risk-Parity,2021-07-26,0.003853251101225797
Equity Risk-Parity,2021-07-27,-0.0017793814390193383
Equity Risk-Parity,2021-07-28,0.0021289078068401994
Equity Risk-Parity,2021-07-29,0.0050035377574495134
Equity Risk-Parity,2021-07-30,-0.004364867082280833
Equity Risk-Parity,2021-08-02,-0.0022814804378105593
Equity Risk-Parity,2021-08-03,0.004767891999022161
Equity Risk-Parity,2021-08-04,-0.007818879928958009
Equity Risk-Parity,2021-08-05,0.003801855029245175
Equity Risk-Parity,2021-08-06,0.001371105716988117
Equity Risk-Parity,2021-08-09,-0.002025834563987691
Equity Risk-Parity,2021-08-10,0.004903955382071637
Equity Risk-Parity,2021-08-11,0.007821181285438513
Equity Risk-Parity,2021-08-12,0.002138632292290336
Equity Risk-Parity,2021-08-13,0.002433517177271704
Equity Risk-Parity,2021-08-16,0.001040482798849247
Equity Risk-Parity,2021-08-17,-0.002757977739283339
Equity Risk-Parity,2021-08-18,-0.01276887595078028
Equity Risk-Parity,2021-08-19,-0.0024237369858279914
Equity Risk-Parity,2021-08-20,0.005050252745037097
Equity Risk-Parity,2021-08-23,0.007917105785319923
Equity Risk-Parity,2021-08-24,8.302016724056482e-05
Equity Risk-Parity,2021-08-25,-0.0012490905706579929
Equity Risk-Parity,2021-08-26,-0.006318242042924135
Equity Risk-Parity,2021-08-27,0.008963575341718953
Equity Risk-Parity,2021-08-30,0.0005847434827446295
Equity Risk-Parity,2021-08-31,0.0010059533430387753
Equity Risk-Parity,2021-09-01,-0.001351714826000314
Equity Risk-Parity,2021-09-02,0.005852645314436246
Equity Risk-Parity,2021-09-03,-0.0023208112222387525
Equity Risk-Parity,2021-09-07,-0.01111410796270619
Equity Risk-Parity,2021-09-08,-0.00020055963910567244
Equity Risk-Parity,2021-09-09,-0.007923079148959086
Equity Risk-Parity,2021-09-10,-0.003590323057705101
Equity Risk-Parity,2021-09-13,0.0031716760065256477
Equity Risk-Parity,2021-09-14,-0.008431064793273896
Equity Risk-Parity,2021-09-15,0.006342824504967425
Equity Risk-Parity,2021-09-16,-0.005099785897281284
Equity Risk-Parity,2021-09-17,-0.010641556985075722
Equity Risk-Parity,2021-09-20,-0.015484526508685478
Equity Risk-Parity,2021-09-21,-0.002230324988682605
Equity Risk-Parity,2021-09-22,0.005764766519118817
Equity Risk-Parity,2021-09-23,0.008921136508286312
Equity Risk-Parity,2021-09-24,-0.002486361292519268
Equity Risk-Parity,2021-09-27,0.0004973849998584497
Equity Risk-Parity,2021-09-28,-0.009811748845403442
Equity Risk-Parity,2021-09-29,0.004985518779277226
Equity Risk-Parity,2021-09-30,-0.008515289538640006
Equity Risk-Parity,2021-10-01,0.010279118330218037
Equity Risk-Parity,2021-10-04,-0.0025754418727127982
Equity Risk-Parity,2021-10-05,0.00455942711873108
Equity Risk-Parity,2021-10-06,0.0015565427006362755
Equity Risk-Parity,2021-10-07,0.008072500780856605
Equity Risk-Parity,2021-10-08,-0.001721998617799239
Equity Risk-Parity,2021-10-11,-0.008905241199670552
Equity Risk-Parity,2021-10-12,-0.0006509525974889649
Equity Risk-Parity,2021-10-13,0.003997098444710085
Equity Risk-Parity,2021-10-14,0.012836565006105137
Equity Risk-Parity,2021-10-15,0.0032078738408580347
Equity Risk-Parity,2021-10-18,-0.0014605137112988914
Equity Risk-Parity,2021-10-19,0.01044984155207548
Equity Risk-Parity,2021-10-20,0.009259703764470854
Equity Risk-Parity,2021-10-21,0.002357063131854919
Equity Risk-Parity,2021-10-22,0.001529075903500169
Equity Risk-Parity,2021-10-25,0.005307932919297869
Equity Risk-Parity,2021-10-26,0.0046218852376458345
Equity Risk-Parity,2021-10-27,-0.013904448473353516
Equity Risk-Parity,2021-10-28,0.007292560851157843
Equity Risk-Parity,2021-10-29,-0.0027246095050472287
Equity Risk-Parity,2021-11-01,0.006256052920282294
Equity Risk-Parity,2021-11-02,0.004635333794659909
Equity Risk-Parity,2021-11-03,0.005496525561099927
Equity Risk-Parity,2021-11-04,0.004684839436169077
Equity Risk-Parity,2021-11-05,0.0014913700247016534
Equity Risk-Parity,2021-11-08,0.0018324678173525129
Equity Risk-Parity,2021-11-09,0.00031127190169811576
Equity Risk-Parity,2021-11-10,-0.004069988712326921
Equity Risk-Parity,2021-11-11,0.001185721174932167
Equity Risk-Parity,2021-11-12,0.0020977721443816272
Equity Risk-Parity,2021-11-15,-0.0023254846178936686
Equity Risk-Parity,2021-11-16,-0.0007443187101322872
Equity Risk-Parity,2021-11-17,-0.005246930529791946
Equity Risk-Parity,2021-11-18,-0.001948736146768845
Equity Risk-Parity,2021-11-19,-0.006773281072090459
Equity Risk-Parity,2021-11-22,0.00019789226421343446
Equity Risk-Parity,2021-11-23,0.006590306498104133
Equity Risk-Parity,2021-11-24,0.0007349814000712797
Equity Risk-Parity,2021-11-26,-0.01809258211032545
Equity Risk-Parity,2021-11-29,0.005663653667377655
Equity Risk-Parity,2021-11-30,-0.021985061766008094
Equity Risk-Parity,2021-12-01,-0.012663914294550827
Equity Risk-Parity,2021-12-02,0.018748328289005328
Equity Risk-Parity,2021-12-03,0.0019614600851027134
Equity Risk-Parity,2021-12-06,0.012696221586015088
Equity Risk-Parity,2021-12-07,0.012184873206970384
Equity Risk-Parity,2021-12-08,7.968183686085783e-05
Equity Risk-Parity,2021-12-09,-0.005685491135976787
Equity Risk-Parity,2021-12-10,0.005690456784454381
Equity Risk-Parity,2021-12-13,-0.0019421527428034077
Equity Risk-Parity,2021-12-14,-0.0016473837969287807
Equity Risk-Parity,2021-12-15,0.009205301746204847
Equity Risk-Parity,2021-12-16,0.006917494268183777
Equity Risk-Parity,2021-12-17,-0.011106274864598102
Equity Risk-Parity,2021-12-20,-0.005706831587523975
Equity Risk-Parity,2021-12-21,0.01108546604640272
Equity Risk-Parity,2021-12-22,0.005610301185588886
Equity Risk-Parity,2021-12-23,0.004729516742219022
Equity Risk-Parity,2021-12-27,0.011766698490158229
Equity Risk-Parity,2021-12-28,0.0021735628123235613
Equity Risk-Parity,2021-12-29,0.001285351788899016
Equity Risk-Parity,2021-12-30,-0.0006027075334774098
Equity Risk-Parity,2021-12-31,-0.0013269853930088307
Equity Risk-Parity,2022-01-03,0.004606604409840176
Equity Risk-Parity,2022-01-04,0.004948265667135608
Equity Risk-Parity,2022-01-05,-0.008744119295622133
Equity Risk-Parity,2022-01-06,-0.0020884680481925
Equity Risk-Parity,2022-01-07,0.0011831420745052734
Equity Risk-Parity,2022-01-10,-0.006942087805452314
Equity Risk-Parity,2022-01-11,0.008277100781403628
Equity Risk-Parity,2022-01-12,0.003465995665557115
Equity Risk-Parity,2022-01-13,-0.004769245057290907
Equity Risk-Parity,2022-01-14,5.126557350015746e-05
Equity Risk-Parity,2022-01-18,-0.009404445132860989
Equity Risk-Parity,2022-01-19,-0.0032712594315714026
Equity Risk-Parity,2022-01-20,-0.01130994768660272
Equity Risk-Parity,2022-01-21,-0.010471393925675638
Equity Risk-Parity,2022-01-24,0.001484769231523973
Equity Risk-Parity,2022-01-25,-0.0057213383593244516
Equity Risk-Parity,2022-01-26,-0.010368344710769509
Equity Risk-Parity,2022-01-27,-0.003171382706581386
Equity Risk-Parity,2022-01-28,0.016815541562995126
Equity Risk-Parity,2022-01-31,0.013438252908774201
Equity Risk-Parity,2022-02-01,0.00792410612273126
Equity Risk-Parity,2022-02-02,0.010183767585918473
Equity Risk-Parity,2022-02-03,-0.008456052358982651
Equity Risk-Parity,2022-02-04,-0.002185846380777397
Equity Risk-Parity,2022-02-07,0.0017738349552838721
Equity Risk-Parity,2022-02-08,0.003940725532025578
Equity Risk-Parity,2022-02-09,0.010500992565617354
Equity Risk-Parity,2022-02-10,-0.017742672873611177
Equity Risk-Parity,2022-02-11,-0.008973649746642496
Equity Risk-Parity,2022-02-14,-0.0057547676496930295
Equity Risk-Parity,2022-02-15,0.008945372339583563
Equity Risk-Parity,2022-02-16,-0.0007291907550290522
Equity Risk-Parity,2022-02-17,-0.01240399684567816
Equity Risk-Parity,2022-02-18,-0.007540581373606602
Equity Risk-Parity,2022-02-22,-0.005731798100328147
Equity Risk-Parity,2022-02-23,-0.010085678224373546
Equity Risk-Parity,2022-02-24,0.005827782403600936
Equity Risk-Parity,2022-02-25,0.02468477949787273
Equity Risk-Parity,2022-02-28,-0.004536909606328975
Equity Risk-Parity,2022-03-01,-0.01057835166353107
Equity Risk-Parity,2022-03-02,0.01780606142041472
Equity Risk-Parity,2022-03-03,0.0014011956806031355
Equity Risk-Parity,2022-03-04,0.002787427743821348
Equity Risk-Parity,2022-03-07,-0.015003478862095793
Equity Risk-Parity,2022-03-08,-0.007260340629884319
Equity Risk-Parity,2022-03-09,0.01286422076136929
Equity Risk-Parity,2022-03-10,-0.0010452565069509825
Equity Risk-Parity,2022-03-11,-0.008173997491442327
Equity Risk-Parity,2022-03-14,-0.008930620748715088
Equity Risk-Parity,2022-03-15,0.010472843022539131
Equity Risk-Parity,2022-03-16,0.013995741226450004
Equity Risk-Parity,2022-03-17,0.013164809269222717
Equity Risk-Parity,2022-03-18,0.004594877862388288
Equity Risk-Parity,2022-03-21,0.002768624056513503
Equity Risk-Parity,2022-03-22,0.005271733074182364
Equity Risk-Parity,2022-03-23,-0.00938015594865986
Equity Risk-Parity,2022-03-24,0.009967369009981972
Equity Risk-Parity,2022-03-25,0.008694017127345997
Equity Risk-Parity,2022-03-28,0.0030812075234279966
Equity Risk-Parity,2022-03-29,0.012601966662543474
Equity Risk-Parity,2022-03-30,-0.003040150693404563
Equity Risk-Parity,2022-03-31,-0.013129975876748114
Equity Risk-Parity,2022-04-01,0.007097279591585919
Equity Risk-Parity,2022-04-04,0.0024006582928568186
Equity Risk-Parity,2022-04-05,-0.008926590389545734
Equity Risk-Parity,2022-04-06,0.0013805864639477362
Equity Risk-Parity,2022-04-07,0.0017290210626932623
Equity Risk-Parity,2022-04-08,0.0028267685312692793
Equity Risk-Parity,2022-04-11,-0.010927859098726535
Equity Risk-Parity,2022-04-12,-0.0013792986581865332
Equity Risk-Parity,2022-04-13,0.008270925912589574
Equity Risk-Parity,2022-04-14,-0.0017168301815913944
Equity Risk-Parity,2022-04-18,-0.0012522042027302686
Equity Risk-Parity,2022-04-19,0.011952768380262354
Equity Risk-Parity,2022-04-20,0.0018481189508251174
Equity Risk-Parity,2022-04-21,-0.011494999511619756
Equity Risk-Parity,2022-04-22,-0.021276426337585544
Equity Risk-Parity,2022-04-25,-0.0018459319709994257
Equity Risk-Parity,2022-04-26,-0.019713034863429894
Equity Risk-Parity,2022-04-27,0.0001768575203708401
Equity Risk-Parity,2022-04-28,0.016221614418632485
Equity Risk-Parity,2022-04-29,-0.03441837728683285
Equity Risk-Parity,2022-05-02,0.0026685338337874686
Equity Risk-Parity,2022-05-03,0.00500124309520763
Equity Risk-Parity,2022-05-04,0.02837508293625408
Equity Risk-Parity,2022-05-05,-0.02338680785036585
Equity Risk-Parity,2022-05-06,-0.005385802476681022
Equity Risk-Parity,2022-05-09,-0.03017684867910323
Equity Risk-Parity,2022-05-10,-0.0053230611916014955
Equity Risk-Parity,2022-05-11,-0.00171811273230305
Equity Risk-Parity,2022-05-12,0.003159249302147077
Equity Risk-Parity,2022-05-13,0.018981214185991604
Equity Risk-Parity,2022-05-16,0.001805817798745174
Equity Risk-Parity,2022-05-17,0.01573518692923053
Equity Risk-Parity,2022-05-18,-0.02623093773172577
Equity Risk-Parity,2022-05-19,-0.0019749354715288573
Equity Risk-Parity,2022-05-20,0.0021648633453858657
Equity Risk-Parity,2022-05-23,0.017880058578268847
Equity Risk-Parity,2022-05-24,0.00326683792896326
Equity Risk-Parity,2022-05-25,0.007363884252728355
Equity Risk-Parity,2022-05-26,0.012044252018275498
Equity Risk-Parity,2022-05-27,0.01764333497860495
Equity Risk-Parity,2022-05-31,-0.007271406007697567
Equity Risk-Parity,2022-06-01,-0.005627515248876022
Equity Risk-Parity,2022-06-02,0.013358093734429219
Equity Risk-Parity,2022-06-03,-0.00822348743955347
Equity Risk-Parity,2022-06-06,-0.0010947605291170039
Equity Risk-Parity,2022-06-07,0.009380276765763883
Equity Risk-Parity,2022-06-08,-0.012728004992774489
Equity Risk-Parity,2022-06-09,-0.022391620419544244
Equity Risk-Parity,2022-06-10,-0.021615815742210692
Equity Risk-Parity,2022-06-13,-0.03759276043447769
Equity Risk-Parity,2022-06-14,-0.00825413332720738
Equity Risk-Parity,2022-06-15,0.010291876830687274
Equity Risk-Parity,2022-06-16,-0.023924591359884312
Equity Risk-Parity,2022-06-17,-0.0029273581180914014
Equity Risk-Parity,2022-06-21,0.021419001728257253
Equity Risk-Parity,2022-06-22,-0.0007333357543914316
Equity Risk-Parity,2022-06-23,0.005490887244791916
Equity Risk-Parity,2022-06-24,0.025490662785944456
Equity Risk-Parity,2022-06-27,-0.003707150992167982
Equity Risk-Parity,2022-06-28,-0.011259900971112218
Equity Risk-Parity,2022-06-29,-0.00310192949369507
Equity Risk-Parity,2022-06-30,-0.007267345802800928
Equity Risk-Parity,2022-07-01,0.011871486475653604
Equity Risk-Parity,2022-07-05,-0.005091567760270338
Equity Risk-Parity,2022-07-06,0.0003540772293974699
Equity Risk-Parity,2022-07-07,0.010851391951335176
Equity Risk-Parity,2022-07-08,-0.0030414055208404403
Equity Risk-Parity,2022-07-11,-0.00606254541675927
Equity Risk-Parity,2022-07-12,-0.004615390507851216
Equity Risk-Parity,2022-07-13,-0.0032347261484773236
Equity Risk-Parity,2022-07-14,-0.004043257998748003
Equity Risk-Parity,2022-07-15,0.016617994500479318
Equity Risk-Parity,2022-07-18,-0.005886391669552152
Equity Risk-Parity,2022-07-19,0.023888466858067312
Equity Risk-Parity,2022-07-20,2.9722315161471665e-05
Equity Risk-Parity,2022-07-21,0.004932136744850745
Equity Risk-Parity,2022-07-22,-0.003946377668045221
Equity Risk-Parity,2022-07-25,0.0003449016988090493
Equity Risk-Parity,2022-07-26,-0.0036821115085268
Equity Risk-Parity,2022-07-27,0.009703285298991336
Equity Risk-Parity,2022-07-28,0.01031797133003741
Equity Risk-Parity,2022-07-29,0.006875646357601438
Equity Risk-Parity,2022-08-01,-0.0024533521043867646
Equity Risk-Parity,2022-08-02,-0.009126487805291746
Equity Risk-Parity,2022-08-03,0.007884927940299522
Equity Risk-Parity,2022-08-04,-0.0012454163925017295
Equity Risk-Parity,2022-08-05,0.0001654460928496543
Equity Risk-Parity,2022-08-08,0.00048332557332902553
Equity Risk-Parity,2022-08-09,-0.0004632932679774694
Equity Risk-Parity,2022-08-10,0.015336159876696226
Equity Risk-Parity,2022-08-11,0.0032338269749572434
Equity Risk-Parity,2022-08-12,0.015119022663139626
Equity Risk-Parity,2022-08-15,0.005879990891377021
Equity Risk-Parity,2022-08-16,0.0049282924220175345
Equity Risk-Parity,2022-08-17,-0.008092547936408446
Equity Risk-Parity,2022-08-18,0.0018043996559835049
Equity Risk-Parity,2022-08-19,-0.008466407848015844
Equity Risk-Parity,2022-08-22,-0.018023920370120003
Equity Risk-Parity,2022-08-23,-0.0005832095080273201
Equity Risk-Parity,2022-08-24,0.001544476015799987
Equity Risk-Parity,2022-08-25,0.012492980966578275
Equity Risk-Parity,2022-08-26,-0.026105952643071504
Equity Risk-Parity,2022-08-29,-0.004543606489907942
Equity Risk-Parity,2022-08-30,-0.011927994139592765
Equity Risk-Parity,2022-08-31,-0.0064808062611666495
Equity Risk-Parity,2022-09-01,0.0027886099208106973
Equity Risk-Parity,2022-09-02,-0.010382120893011885
Equity Risk-Parity,2022-09-06,-0.0031127357401550607
Equity Risk-Parity,2022-09-07,0.01692021919246828
Equity Risk-Parity,2022-09-08,0.00483246713763077
Equity Risk-Parity,2022-09-09,0.0137546950990041
Equity Risk-Parity,2022-09-12,0.008890895540361956
Equity Risk-Parity,2022-09-13,-0.037672686741736794
Equity Risk-Parity,2022-09-14,0.002812499582379027
Equity Risk-Parity,2022-09-15,-0.015704870244152912
Equity Risk-Parity,2022-09-16,-0.005380943786579293
Equity Risk-Parity,2022-09-19,0.005822737995807526
Equity Risk-Parity,2022-09-20,-0.015841629918774476
Equity Risk-Parity,2022-09-21,-0.016447439790407647
Equity Risk-Parity,2022-09-22,-0.007153789995841808
Equity Risk-Parity,2022-09-23,-0.01990702249701592
Equity Risk-Parity,2022-09-26,-0.014750124402936575
Equity Risk-Parity,2022-09-27,-0.004381869545746977
Equity Risk-Parity,2022-09-28,0.020718537816657237
Equity Risk-Parity,2022-09-29,-0.019618567691047258
Equity Risk-Parity,2022-09-30,-0.015123071318144698
Equity Risk-Parity,2022-10-03,0.03037394438375917
Equity Risk-Parity,2022-10-04,0.027517097563403946
Equity Risk-Parity,2022-10-05,-0.004513488987871997
Equity Risk-Parity,2022-10-06,-0.011930780916736293
Equity Risk-Parity,2022-10-07,-0.022648306997800374
Equity Risk-Parity,2022-10-10,-0.003942130461652248
Equity Risk-Parity,2022-10-11,-0.0010899400438905736
Equity Risk-Parity,2022-10-12,-0.0066782660397483925
Equity Risk-Parity,2022-10-13,0.02707278049377047
Equity Risk-Parity,2022-10-14,-0.01679915882439233
Equity Risk-Parity,2022-10-17,0.01902056351391592
Equity Risk-Parity,2022-10-18,0.01223195692559312
Equity Risk-Parity,2022-10-19,-0.009201650796489196
Equity Risk-Parity,2022-10-20,-0.004022123694109519
Equity Risk-Parity,2022-10-21,0.02213547808488594
Equity Risk-Parity,2022-10-24,0.008905441522815487
Equity Risk-Parity,2022-10-25,0.015880903928255204
Equity Risk-Parity,2022-10-26,0.00640814003911154
Equity Risk-Parity,2022-10-27,-0.0005804160647705575
Equity Risk-Parity,2022-10-28,0.024855596546794624
Equity Risk-Parity,2022-10-31,-0.008083927554327396
Equity Risk-Parity,2022-11-01,0.0012038638591972007
Equity Risk-Parity,2022-11-02,-0.0176535717748104
Equity Risk-Parity,2022-11-03,-0.004284053310634469
Equity Risk-Parity,2022-11-04,0.017375398373671632
Equity Risk-Parity,2022-11-07,0.006685006884565151
Equity Risk-Parity,2022-11-08,0.00667640182066914
Equity Risk-Parity,2022-11-09,-0.018459476692020926
Equity Risk-Parity,2022-11-10,0.04662706968763747
Equity Risk-Parity,2022-11-11,0.008539717254779592
Equity Risk-Parity,2022-11-14,-0.008630803534404905
Equity Risk-Parity,2022-11-15,0.009409006799624585
Equity Risk-Parity,2022-11-16,-0.0075981328886390795
Equity Risk-Parity,2022-11-17,-0.0023903749093769477
Equity Risk-Parity,2022-11-18,0.00622429185945492
Equity Risk-Parity,2022-11-21,0.001890980917246402
Equity Risk-Parity,2022-11-22,0.013669235846719939
Equity Risk-Parity,2022-11-23,0.003949889115660203
Equity Risk-Parity,2022-11-25,0.001074581617538331
Equity Risk-Parity,2022-11-28,-0.01690677217661081
Equity Risk-Parity,2022-11-29,0.0038011702025050544
Equity Risk-Parity,2022-11-30,0.02344530063295305
Equity Risk-Parity,2022-12-01,0.0006298555895740325
Equity Risk-Parity,2022-12-02,0.0018119002685057224
Equity Risk-Parity,2022-12-05,-0.01623309307586089
Equity Risk-Parity,2022-12-06,-0.010996828752513088
Equity Risk-Parity,2022-12-07,-0.0002646913070412694
Equity Risk-Parity,2022-12-08,0.006820751017648481
Equity Risk-Parity,2022-12-09,-0.010186699329395843
Equity Risk-Parity,2022-12-12,0.015261771531691297
Equity Risk-Parity,2022-12-13,0.007783802665778826
Equity Risk-Parity,2022-12-14,-0.007490252182481098
Equity Risk-Parity,2022-12-15,-0.020811741693158848
Equity Risk-Parity,2022-12-16,-0.009014168298202133
Equity Risk-Parity,2022-12-19,-0.00664852028898571
Equity Risk-Parity,2022-12-20,0.002683615000692421
Equity Risk-Parity,2022-12-21,0.016146054458363694
Equity Risk-Parity,2022-12-22,-0.009243216455175986
Equity Risk-Parity,2022-12-23,0.006652491754080995
Equity Risk-Parity,2022-12-27,0.0009751239645709761
Equity Risk-Parity,2022-12-28,-0.012477244200638447
Equity Risk-Parity,2022-12-29,0.012792668370245992
Equity Risk-Parity,2022-12-30,-0.0021613526035314055
Equity Risk-Parity,2023-01-03,0.0036863201065893934
Equity Risk-Parity,2023-01-04,0.017471361878355865
Equity Risk-Parity,2023-01-05,-0.006949918593813231
Equity Risk-Parity,2023-01-06,0.022250914251429048
Equity Risk-Parity,2023-01-09,-0.0020436899104503406
Equity Risk-Parity,2023-01-10,0.0069864826966084025
Equity Risk-Parity,2023-01-11,0.008829327586976065
Equity Risk-Parity,2023-01-12,0.004567390990293071
Equity Risk-Parity,2023-01-13,0.003144559818869716
Equity Risk-Parity,2023-01-17,-0.005400819037740921
Equity Risk-Parity,2023-01-18,-0.016587513331204826
Equity Risk-Parity,2023-01-19,-0.006603249223974846
Equity Risk-Parity,2023-01-20,0.01418455920800805
Equity Risk-Parity,2023-01-23,0.009892767826129932
Equity Risk-Parity,2023-01-24,-0.0023618323881298762
Equity Risk-Parity,2023-01-25,0.0016213150057281373
Equity Risk-Parity,2023-01-26,0.005876094014741504
Equity Risk-Parity,2023-01-27,-0.001192682618032279
Equity Risk-Parity,2023-01-30,-0.00861525071491154
Equity Risk-Parity,2023-01-31,0.011434836543657696
Equity Risk-Parity,2023-02-01,0.004011153678499824
Equity Risk-Parity,2023-02-02,-0.0008678551428111347
Equity Risk-Parity,2023-02-03,-0.012927910494365499
Equity Risk-Parity,2023-02-06,-0.004813790174691973
Equity Risk-Parity,2023-02-07,0.009385926911475283
Equity Risk-Parity,2023-02-08,-0.009646783156824936
Equity Risk-Parity,2023-02-09,-0.008758519699621796
Equity Risk-Parity,2023-02-10,0.008135364094009476
Equity Risk-Parity,2023-02-13,0.008841051387088973
Equity Risk-Parity,2023-02-14,-0.0029136787737347757
Equity Risk-Parity,2023-02-15,0.0009961815940200617
Equity Risk-Parity,2023-02-16,-0.013313499043871822
Equity Risk-Parity,2023-02-17,0.00032769436603240015
Equity Risk-Parity,2023-02-21,-0.015652558744439497
Equity Risk-Parity,2023-02-22,-0.006096540672460208
Equity Risk-Parity,2023-02-23,0.0031936148547360974
Equity Risk-Parity,2023-02-24,-0.00932932863262373
Equity Risk-Parity,2023-02-27,0.0014062958611422908
Equity Risk-Parity,2023-02-28,-0.004324666495362378
Equity Risk-Parity,2023-03-01,-0.002121412195638915
Equity Risk-Parity,2023-03-02,0.011413854885138368
Equity Risk-Parity,2023-03-03,0.012351301641943318
Equity Risk-Parity,2023-03-06,-0.0009714214112766604
Equity Risk-Parity,2023-03-07,-0.016468146417930846
Equity Risk-Parity,2023-03-08,0.0016942942685821121
Equity Risk-Parity,2023-03-09,-0.016085455039946562
Equity Risk-Parity,2023-03-10,-0.011447185102397676
Equity Risk-Parity,2023-03-13,0.0004752062911681934
Equity Risk-Parity,2023-03-14,0.012934801784986478
Equity Risk-Parity,2023-03-15,-0.00505830043583705
Equity Risk-Parity,2023-03-16,0.011599959596157615
Equity Risk-Parity,2023-03-17,-0.010521080760098117
Equity Risk-Parity,2023-03-20,0.011039558016456768
Equity Risk-Parity,2023-03-21,0.0052183896833999655
Equity Risk-Parity,2023-03-22,-0.019122559813036896
Equity Risk-Parity,2023-03-23,0.002593640397160276
Equity Risk-Parity,2023-03-24,0.009949849378447888
Equity Risk-Parity,2023-03-27,0.0034010257438356543
Equity Risk-Parity,2023-03-28,0.0008452779409729624
Equity Risk-Parity,2023-03-29,0.014131473997472773
Equity Risk-Parity,2023-03-30,0.004782574830689798
Equity Risk-Parity,2023-03-31,0.012422103062198537
Equity Risk-Parity,2023-04-03,0.006026356968684973
Equity Risk-Parity,2023-04-04,-0.0024074621317872144
Equity Risk-Parity,2023-04-05,0.0059923793698107835
Equity Risk-Parity,2023-04-06,0.00017943686184718769
Equity Risk-Parity,2023-04-10,0.0022160663538086955
Equity Risk-Parity,2023-04-11,0.0018286898489219324
Equity Risk-Parity,2023-04-12,-0.0021307875730249247
Equity Risk-Parity,2023-04-13,0.007616822466910108
Equity Risk-Parity,2023-04-14,-0.006318138922677246
Equity Risk-Parity,2023-04-17,0.004667185882767254
Equity Risk-Parity,2023-04-18,-0.00023181043946903667
Equity Risk-Parity,2023-04-19,0.0020875208095137545
Equity Risk-Parity,2023-04-20,-0.006579196214434751
Equity Risk-Parity,2023-04-21,0.0006766596888908259
Equity Risk-Parity,2023-04-24,0.0018516547424473843
Equity Risk-Parity,2023-04-25,-0.01234845778346805
Equity Risk-Parity,2023-04-26,-0.014110338585205405
Equity Risk-Parity,2023-04-27,0.013481623313936649
Equity Risk-Parity,2023-04-28,0.007251434782278135
Equity Risk-Parity,2023-05-01,-0.002904983672185765
Equity Risk-Parity,2023-05-02,-0.014718413158567235
Equity Risk-Parity,2023-05-03,-0.010899538636893906
Equity Risk-Parity,2023-05-04,-0.003882285815921866
Equity Risk-Parity,2023-05-05,0.015583537686968879
Equity Risk-Parity,2023-05-08,-0.0009506730631331212
Equity Risk-Parity,2023-05-09,-0.004366895848752261
Equity Risk-Parity,2023-05-10,-0.0011261280939968976
Equity Risk-Parity,2023-05-11,-0.008330087173826444
Equity Risk-Parity,2023-05-12,-0.0003683152249833762
Equity Risk-Parity,2023-05-15,0.0027766115521600963
Equity Risk-Parity,2023-05-16,-0.01620939411607451
Equity Risk-Parity,2023-05-17,0.0093946974151581
Equity Risk-Parity,2023-05-18,0.005036616584760246
Equity Risk-Parity,2023-05-19,-0.0020387816379843953
Equity Risk-Parity,2023-05-22,-0.0001766285471907925
Equity Risk-Parity,2023-05-23,-0.007406478253027221
Equity Risk-Parity,2023-05-24,-0.008932917202561225
Equity Risk-Parity,2023-05-25,-0.0036569923192477406
Equity Risk-Parity,2023-05-26,0.006964416197214226
Equity Risk-Parity,2023-05-30,-0.002580878402271141
Equity Risk-Parity,2023-05-31,-0.0019496449723215216
Equity Risk-Parity,2023-06-01,0.00376045521315805
Equity Risk-Parity,2023-06-02,0.01754870239533275
Equity Risk-Parity,2023-06-05,-0.0047060188950953236
Equity Risk-Parity,2023-06-06,0.002015935775933739
Equity Risk-Parity,2023-06-07,0.007411565863259969
Equity Risk-Parity,2023-06-08,0.004832191553104344
Equity Risk-Parity,2023-06-09,-0.002955144759710996
Equity Risk-Parity,2023-06-12,0.004460912170577984
Equity Risk-Parity,2023-06-13,0.006765098340962875
Equity Risk-Parity,2023-06-14,0.0002949751958829514
Equity Risk-Parity,2023-06-15,0.010588053298658969
Equity Risk-Parity,2023-06-16,0.0012241000352712485
Equity Risk-Parity,2023-06-20,-0.011739089676436656
Equity Risk-Parity,2023-06-21,-0.002617810633364704
Equity Risk-Parity,2023-06-22,-0.0036224461460089416
Equity Risk-Parity,2023-06-23,-0.0070499793263716914
Equity Risk-Parity,2023-06-26,0.006472764551584716
Equity Risk-Parity,2023-06-27,0.0057815586297302775
Equity Risk-Parity,2023-06-28,-0.002529141492898849
Equity Risk-Parity,2023-06-29,0.005452195938713538
Equity Risk-Parity,2023-06-30,0.008654127776394495
Equity Risk-Parity,2023-07-03,0.005489914401593545
Equity Risk-Parity,2023-07-05,-0.003586447493958398
Equity Risk-Parity,2023-07-06,-0.01147540535919308
Equity Risk-Parity,2023-07-07,-0.0019436480106210287
Equity Risk-Parity,2023-07-10,0.004844513583499502
Equity Risk-Parity,2023-07-11,0.013660094338144855
Equity Risk-Parity,2023-07-12,0.007366247390435908
Equity Risk-Parity,2023-07-13,0.004773344595965627
Equity Risk-Parity,2023-07-14,-0.004792690336753159
Equity Risk-Parity,2023-07-17,-0.004648536215534101
Equity Risk-Parity,2023-07-18,0.0048156156350242256
Equity Risk-Parity,2023-07-19,0.006141730747541473
Equity Risk-Parity,2023-07-20,0.002570564263866798
Equity Risk-Parity,2023-07-21,0.005649223249205987
Equity Risk-Parity,2023-07-24,0.00388024595570768
Equity Risk-Parity,2023-07-25,0.002437109586036644
Equity Risk-Parity,2023-07-26,0.0018080220866112911
Equity Risk-Parity,2023-07-27,-0.005287441735646122
Equity Risk-Parity,2023-07-28,0.0037103767641049413
Equity Risk-Parity,2023-07-31,0.0027688298664831773
Equity Risk-Parity,2023-08-01,-0.004526691150595032
Equity Risk-Parity,2023-08-02,-0.012553066560147324
Equity Risk-Parity,2023-08-03,-0.005926988919915987
Equity Risk-Parity,2023-08-04,-0.0023228894091238883
Equity Risk-Parity,2023-08-07,0.008237719019077975
Equity Risk-Parity,2023-08-08,-0.0030562438789610803
Equity Risk-Parity,2023-08-09,-0.00091241861652199
Equity Risk-Parity,2023-08-10,0.0008923506655549488
Equity Risk-Parity,2023-08-11,0.0023343092757507396
Equity Risk-Parity,2023-08-14,0.0005443274730495639
Equity Risk-Parity,2023-08-15,-0.01211652773350582
Equity Risk-Parity,2023-08-16,-0.007290487761219761
Equity Risk-Parity,2023-08-17,-0.005209996865504053
Equity Risk-Parity,2023-08-18,0.0012479242258810349
Equity Risk-Parity,2023-08-21,-0.0010554237308616863
Equity Risk-Parity,2023-08-22,-0.003927966419982822
Equity Risk-Parity,2023-08-23,0.007767610011068526
Equity Risk-Parity,2023-08-24,-0.01135402647242207
Equity Risk-Parity,2023-08-25,0.004515238141856502
Equity Risk-Parity,2023-08-28,0.0073735829206284615
Equity Risk-Parity,2023-08-29,0.011513566138744772
Equity Risk-Parity,2023-08-30,0.001376851562487501
Equity Risk-Parity,2023-08-31,-0.003743950724584374
Equity Risk-Parity,2023-09-01,0.0026380311324498305
Equity Risk-Parity,2023-09-05,-0.009786732803593424
Equity Risk-Parity,2023-09-06,-0.003914976618898234
Equity Risk-Parity,2023-09-07,0.0017814200501248259
Equity Risk-Parity,2023-09-08,0.0036967166279776404
Equity Risk-Parity,2023-09-11,0.003869644544915159
Equity Risk-Parity,2023-09-12,0.0007034750408893596
Equity Risk-Parity,2023-09-13,-0.00012796447555313514
Equity Risk-Parity,2023-09-14,0.012214474450921341
Equity Risk-Parity,2023-09-15,-0.00944353474690835
Equity Risk-Parity,2023-09-18,-0.00046975841841511866
Equity Risk-Parity,2023-09-19,-0.003329207487811487
Equity Risk-Parity,2023-09-20,-0.003327517113612276
Equity Risk-Parity,2023-09-21,-0.017381429661437294
Equity Risk-Parity,2023-09-22,-0.002934107408808314
Equity Risk-Parity,2023-09-25,0.001162506578188579
Equity Risk-Parity,2023-09-26,-0.011557515710520844
Equity Risk-Parity,2023-09-27,-0.003866088086824036
Equity Risk-Parity,2023-09-28,0.0033818373879514765
Equity Risk-Parity,2023-09-29,-0.00136687955905287
Equity Risk-Parity,2023-10-02,-0.014528712946818132
Equity Risk-Parity,2023-10-03,-0.008367502844872404
Equity Risk-Parity,2023-10-04,0.0028990990049070947
Equity Risk-Parity,2023-10-05,-0.0019508218041463137
Equity Risk-Parity,2023-10-06,0.009971416659011119
Equity Risk-Parity,2023-10-09,0.008187607495408738
Equity Risk-Parity,2023-10-10,0.008754122278412895
Equity Risk-Parity,2023-10-11,0.0043157184087806175
Equity Risk-Parity,2023-10-12,-0.008040529320929754
Equity Risk-Parity,2023-10-13,0.0020811496711868683
Equity Risk-Parity,2023-10-16,0.009863819606772923
Equity Risk-Parity,2023-10-17,0.002801338538653726
Equity Risk-Parity,2023-10-18,-0.013555536492600235
Equity Risk-Parity,2023-10-19,-0.009652799002201921
Equity Risk-Parity,2023-10-20,-0.007689506788094838
Equity Risk-Parity,2023-10-23,-0.006136670728245071
Equity Risk-Parity,2023-10-24,0.011256515758552023
Equity Risk-Parity,2023-10-25,-0.011224032334101438
Equity Risk-Parity,2023-10-26,-0.0018374754328869406
Equity Risk-Parity,2023-10-27,-0.010511784332864586
Equity Risk-Parity,2023-10-30,0.009371569361512046
Equity Risk-Parity,2023-10-31,0.0053416164025810306
Equity Risk-Parity,2023-11-01,0.005081679594717801
Equity Risk-Parity,2023-11-02,0.024005733355449654
Equity Risk-Parity,2023-11-03,0.011795183958055278
Equity Risk-Parity,2023-11-06,-0.004589748990028739
Equity Risk-Parity,2023-11-07,-0.003131303234217491
Equity Risk-Parity,2023-11-08,-0.0021244374634107653
Equity Risk-Parity,2023-11-09,-0.009972288491283315
Equity Risk-Parity,2023-11-10,0.009463221563867363
Equity Risk-Parity,2023-11-13,-0.0013964810733467286
Equity Risk-Parity,2023-11-14,0.023480902973040067
Equity Risk-Parity,2023-11-15,0.005317491268415907
Equity Risk-Parity,2023-11-16,-0.00022847290845650194
Equity Risk-Parity,2023-11-17,0.002137554540783642
Equity Risk-Parity,2023-11-20,0.004251873489770687
Equity Risk-Parity,2023-11-21,-0.0013954827559522994
Equity Risk-Parity,2023-11-22,0.00186672963474729
Equity Risk-Parity,2023-11-24,0.0025478644371190688
Equity Risk-Parity,2023-11-27,0.0008213922436247113
Equity Risk-Parity,2023-11-28,0.0028760551594222217
Equity Risk-Parity,2023-11-29,0.004165781442706362
Equity Risk-Parity,2023-11-30,0.006801783900489232
Equity Risk-Parity,2023-12-01,0.009331063591352912
Equity Risk-Parity,2023-12-04,-0.0007843308323029255
Equity Risk-Parity,2023-12-05,-0.004150476739810623
Equity Risk-Parity,2023-12-06,0.00023214759890138436
Equity Risk-Parity,2023-12-07,0.003127808149838392
Equity Risk-Parity,2023-12-08,0.0020348595555275887
Equity Risk-Parity,2023-12-11,0.00634976996583359
Equity Risk-Parity,2023-12-12,0.001016860955231516
Equity Risk-Parity,2023-12-13,0.021801223849328824
Equity Risk-Parity,2023-12-14,0.011154762748917997
Equity Risk-Parity,2023-12-15,-0.004345807599886585
Equity Risk-Parity,2023-12-18,-0.0011070116650420654
Equity Risk-Parity,2023-12-19,0.0073230019099498386
Equity Risk-Parity,2023-12-20,-0.014511944204986924
Equity Risk-Parity,2023-12-21,0.007773951525949205
Equity Risk-Parity,2023-12-22,0.003021091697911817
Equity Risk-Parity,2023-12-26,0.005307273516141356
Equity Risk-Parity,2023-12-27,0.0019217289985691615
Equity Risk-Parity,2023-12-28,0.0018251170420725622
Equity Risk-Parity,2023-12-29,-0.0026323313020501313
