ticker,sector,trading_date,original_publish_date,title,url,publisher,n_articles
ABBV,Healthcare,2020-03-23,2020-03-23,Societe Generale Downgrades AbbVie to Hold,https://www.benzinga.com/news/20/03/15630659/societe-generale-downgrades-abbvie-to-hold,Vick Meyer,11
ABBV,Healthcare,2020-07-20,2020-07-19,3 Fantastic Dividend Stocks to Buy When the Market Crashes Again,https://www.nasdaq.com/articles/3-fantastic-dividend-stocks-to-buy-when-the-market-crashes-again-2020-07-19,,1
ABBV,Healthcare,2021-02-03,2021-02-03,AbbVie Q4 20 Earnings Conference Call At 9:00 AM ET,https://www.nasdaq.com/articles/abbvie-q4-20-earnings-conference-call-at-9%3A00-am-et-2021-02-03,,12
ABBV,Healthcare,2023-02-02,2023-02-02,The 3 Most Undervalued Penny Stocks to Buy in February 2023,https://www.nasdaq.com/articles/the-3-most-undervalued-penny-stocks-to-buy-in-february-2023,,6
ABBV,Healthcare,2023-04-14,2023-04-14,Here is What to Know Beyond Why AbbVie Inc. (ABBV) is a Trending Stock,https://www.nasdaq.com/articles/here-is-what-to-know-beyond-why-abbvie-inc.-abbv-is-a-trending-stock-2,,5
ABBV,Healthcare,2023-10-06,2023-10-06,AbbVie (ABBV) Buys Parkinson's Disease Treatment Maker,https://www.nasdaq.com/articles/abbvie-abbv-buys-parkinsons-disease-treatment-maker,,3
ABBV,Healthcare,2023-11-16,2023-11-16,AbbVie Says Ubrelvy Reduced Development Of Headache If Given At Prodrome Phase Of Migraine Attack,https://www.nasdaq.com/articles/abbvie-says-ubrelvy-reduced-development-of-headache-if-given-at-prodrome-phase-of-migraine,,3
ABT,Healthcare,2020-04-07,2020-04-07,"Here Are All the Companies Working on COVID-19 Vaccines, Treatments, and Testing",https://www.nasdaq.com/articles/here-are-all-the-companies-working-on-covid-19-vaccines-treatments-and-testing-2020-04-07,,4
ABT,Healthcare,2020-09-01,2020-09-01,Carnival Stock Could Rebound Significantly Once a Vaccine Arrives,https://www.nasdaq.com/articles/carnival-stock-could-rebound-significantly-once-a-vaccine-arrives-2020-09-01,,7
ABT,Healthcare,2021-04-15,2021-04-15,Medtronic Is Healing Hearts and Padding Portfolios,https://www.nasdaq.com/articles/medtronic-is-healing-hearts-and-padding-portfolios-2021-04-15,,1
ABT,Healthcare,2021-04-20,2021-04-20,US STOCKS-Wall St headed for lower open as focus turns to tech earnings,https://www.nasdaq.com/articles/us-stocks-wall-st-headed-for-lower-open-as-focus-turns-to-tech-earnings-2021-04-20,,9
ABT,Healthcare,2021-12-21,2021-12-21,3 Great Stocks to Buy With the Omicron Variant Spreading Like Wildfire,https://www.nasdaq.com/articles/3-great-stocks-to-buy-with-the-omicron-variant-spreading-like-wildfire,,3
ABT,Healthcare,2022-05-02,2022-04-30,"Want $2,000 in Passive Income? Invest $10,000 in This Cathie Wood Dividend Stock and Wait 5 Years",https://www.nasdaq.com/articles/want-%242000-in-passive-income-invest-%2410000-in-this-cathie-wood-dividend-stock-and-wait-5,,1
ABT,Healthcare,2022-05-13,2022-05-13,"EXCLUSIVE-Maker of Walmart, Amazon store-brand infant formulas expects shortages through rest of 2022",https://www.nasdaq.com/articles/exclusive-maker-of-walmart-amazon-store-brand-infant-formulas-expects-shortages-through-0,,4
ABT,Healthcare,2023-01-23,2023-01-23,"Noteworthy ETF Inflows: VONV, PFE, VZ, ABT",https://www.nasdaq.com/articles/noteworthy-etf-inflows%3A-vonv-pfe-vz-abt,,4
ABT,Healthcare,2023-05-24,2023-05-24,ABT Makes Notable Cross Below Critical Moving Average,https://www.nasdaq.com/articles/abt-makes-notable-cross-below-critical-moving-average-1,,6
ABT,Healthcare,2023-07-26,2023-07-26,Quest Diagnostics beats profit estimates as routine testing picks up,https://www.nasdaq.com/articles/quest-diagnostics-beats-profit-estimates-as-routine-testing-picks-up,,10
ADBE,Tech,2020-02-18,2020-02-18,Is ADBE Stock Still Viable? Look to the Gig Economy for the Answer,https://www.nasdaq.com/articles/is-adbe-stock-still-viable-look-to-the-gig-economy-for-the-answer-2020-02-18,,2
ADBE,Tech,2021-09-30,2021-09-30,My Best Stocks to Buy and Hold Right Now,https://www.nasdaq.com/articles/my-best-stocks-to-buy-and-hold-right-now-2021-09-30,,2
ADBE,Tech,2023-04-04,2023-04-04,Best AI Stocks To Buy Now? 3 In Focus,https://www.nasdaq.com/articles/best-ai-stocks-to-buy-now-3-in-focus,,5
ADBE,Tech,2023-10-27,2023-10-27,3 Under-the-Radar Artificial Intelligence (AI) Stocks Ready to Pop,https://www.nasdaq.com/articles/3-under-the-radar-artificial-intelligence-ai-stocks-ready-to-pop,,2
AEP,Utilities,2022-06-09,2022-06-09,CenterPoint's (CNP) Green Hydrogen Project Starts Operation,https://www.nasdaq.com/articles/centerpoints-cnp-green-hydrogen-project-starts-operation,,4
AEP,Utilities,2022-09-02,2022-09-02,Why Is Pinnacle West (PNW) Down 0.8% Since Last Earnings Report?,https://www.nasdaq.com/articles/why-is-pinnacle-west-pnw-down-0.8-since-last-earnings-report,,1
AEP,Utilities,2022-12-13,2022-12-13,"The Zacks Analyst Blog Highlights American Electric Power, AES, NRG Energy, NiSource and PPL",https://www.nasdaq.com/articles/the-zacks-analyst-blog-highlights-american-electric-power-aes-nrg-energy-nisource-and-ppl,,1
AMD,Tech,2020-01-14,2020-01-14,3 Gaming Stocks to Own Ahead of New Consoles,https://www.nasdaq.com/articles/3-gaming-stocks-to-own-ahead-of-new-consoles-2020-01-14,,5
AMD,Tech,2020-03-06,2020-03-06,AMD Details Strategy to Deliver Best-in-Class Growth and Strong Shareholder Returns at 2020 Financial Analyst Day,https://www.benzinga.com/news/20/03/15495805/amd-details-strategy-to-deliver-best-in-class-growth-and-strong-shareholder-returns-at-2020-financia,Charles Gross,13
AMD,Tech,2020-04-07,2020-04-07,"Notable Tuesday Option Activity: AMD, FDX, ADBE",https://www.nasdaq.com/articles/notable-tuesday-option-activity%3A-amd-fdx-adbe-2020-04-07,,3
AMD,Tech,2020-07-09,2020-07-09,AMD August 28th Options Begin Trading,https://www.nasdaq.com/articles/amd-august-28th-options-begin-trading-2020-07-09,,7
AMD,Tech,2020-10-27,2020-10-27,Why Xilinx Stock Jumped Today,https://www.nasdaq.com/articles/why-xilinx-stock-jumped-today-2020-10-27,,25
AMD,Tech,2020-11-30,2020-11-30,"Monday Sector Leaders: Healthcare, Technology & Communications",https://www.nasdaq.com/articles/monday-sector-leaders%3A-healthcare-technology-communications-2020-11-30,,3
AMD,Tech,2020-12-21,2020-12-20,"Dump NVIDIA, Buy This Hot Gaming Stock Instead",https://www.nasdaq.com/articles/dump-nvidia-buy-this-hot-gaming-stock-instead-2020-12-20,,5
AMD,Tech,2021-06-16,2021-06-16,Investing in the Intel Turnaround? Don't Be Too Quick to Draw Comparisons With AMD,https://www.nasdaq.com/articles/investing-in-the-intel-turnaround-dont-be-too-quick-to-draw-comparisons-with-amd-2021-06,,3
AMD,Tech,2021-08-20,2021-08-20,Nvidia vs. AMD -- the New Oil? Which Stock Should You Buy?,https://www.nasdaq.com/articles/nvidia-vs.-amd-the-new-oil-which-stock-should-you-buy-2021-08-20,,2
AMD,Tech,2022-01-25,2022-01-25,When Should You Buy the Dip in Nvidia?,https://www.nasdaq.com/articles/when-should-you-buy-the-dip-in-nvidia,,12
AMD,Tech,2022-01-28,2022-01-28,Match Group (MTCH) to Post Q4 Earnings: What's in Store?,https://www.nasdaq.com/articles/match-group-mtch-to-post-q4-earnings%3A-whats-in-store,,14
AMD,Tech,2022-01-31,2022-01-30,"Weekly Preview: Earnings To Watch this Week (AMD, AMZN, FB, GOOGL)",https://www.nasdaq.com/articles/weekly-preview%3A-earnings-to-watch-this-week-amd-amzn-fb-googl,,16
AMD,Tech,2022-03-24,2022-03-24,"4 Top Stock Trades for Friday: Ethereum, Oil, NVDA, CGC",https://www.nasdaq.com/articles/4-top-stock-trades-for-friday%3A-ethereum-oil-nvda-cgc,,13
AMD,Tech,2022-04-01,2022-04-01,Semtech (SMTC) Expands Customer Base With LoRa Selection,https://www.nasdaq.com/articles/semtech-smtc-expands-customer-base-with-lora-selection,,13
AMD,Tech,2022-06-27,2022-06-25,"2 Reasons to Buy AMD Now, and 1 Reason to Wait",https://www.nasdaq.com/articles/2-reasons-to-buy-amd-now-and-1-reason-to-wait,,12
AMD,Tech,2022-10-12,2022-10-12,AMD Stock: Here’s Why Investors Should Consider Buying the Dip,https://www.nasdaq.com/articles/amd-stock%3A-heres-why-investors-should-consider-buying-the-dip,,9
AMD,Tech,2023-04-24,2023-04-23,AI Revolution: 2 Artificial Intelligence Stocks Billionaires Are Buying Like There's No Tomorrow,https://www.nasdaq.com/articles/ai-revolution%3A-2-artificial-intelligence-stocks-billionaires-are-buying-like-theres-no,,5
AMD,Tech,2023-05-19,2023-05-19,Guru Fundamental Report for AMD,https://www.nasdaq.com/articles/guru-fundamental-report-for-amd-10,,8
AMD,Tech,2023-08-24,2023-08-24,NVIDIA's Q2 Earnings Uphold AI Frenzy for the Long Term,https://www.nasdaq.com/articles/nvidias-q2-earnings-uphold-ai-frenzy-for-the-long-term,,27
AMD,Tech,2023-08-29,2023-08-29,Stocks Rally on Improved Prospects for a Pause in Fed Rate Hikes,https://www.nasdaq.com/articles/stocks-rally-on-improved-prospects-for-a-pause-in-fed-rate-hikes,,7
AMD,Tech,2023-09-19,2023-09-19,3 Metaverse Stocks That Should Be on Every Investor’s Radar This Fall,https://www.nasdaq.com/articles/3-metaverse-stocks-that-should-be-on-every-investors-radar-this-fall,,8
AMD,Tech,2023-09-22,2023-09-22,3 Artificial Intelligence (AI) Stocks With More Potential Than Any Cryptocurrency,https://www.nasdaq.com/articles/3-artificial-intelligence-ai-stocks-with-more-potential-than-any-cryptocurrency-0,,6
AMD,Tech,2023-10-18,2023-10-18,Intel's PC Chip Business Still Has 1 Big Problem,https://www.nasdaq.com/articles/intels-pc-chip-business-still-has-1-big-problem,,12
AMGN,Healthcare,2020-01-23,2020-01-23,"Citigroup Maintains Buy on Amgen, Raises Price Target to $275",https://www.benzinga.com/news/20/01/15170556/citigroup-maintains-buy-on-amgen-raises-price-target-to-275,Benzinga_Newsdesk,3
AMGN,Healthcare,2020-04-27,2020-04-27,"Oppenheimer Maintains Outperform on Amgen, Raises Price Target to $250",https://www.benzinga.com/news/20/04/15883605/oppenheimer-maintains-outperform-on-amgen-raises-price-target-to-250,Vick Meyer,4
AMGN,Healthcare,2020-08-07,2020-08-07,This Company is the Landlord of Life Sciences,https://www.nasdaq.com/articles/this-company-is-the-landlord-of-life-sciences-2020-08-07,,1
AMGN,Healthcare,2020-08-13,2020-08-13,iShares Nasdaq Biotechnology ETF Experiences Big Outflow,https://www.nasdaq.com/articles/ishares-nasdaq-biotechnology-etf-experiences-big-outflow-2020-08-13,,1
AMGN,Healthcare,2021-02-02,2021-02-02,"After-Hours Earnings Report for February 2, 2021 : AMZN, GOOG, GOOGL, AMGN, CB, EA, CMG, MTCH, AMCR, PKI, STE, MKL",https://www.nasdaq.com/articles/after-hours-earnings-report-for-february-2-2021-%3A-amzn-goog-googl-amgn-cb-ea-cmg-mtch-amcr,,8
AMGN,Healthcare,2021-09-24,2021-09-24,"Tech stocks, Nike drag Wall Street lower after two-day sharp rally",https://www.nasdaq.com/articles/tech-stocks-nike-drag-wall-street-lower-after-two-day-sharp-rally-2021-09-24,,1
AMGN,Healthcare,2021-11-11,2021-11-11,Here Are the Highlights From Amgen's Q3 Results,https://www.nasdaq.com/articles/here-are-the-highlights-from-amgens-q3-results,,3
AMGN,Healthcare,2022-05-03,2022-05-03,"Pfizer (PFE) Q1 Earnings & Sales Miss Estimates, Stock Down",https://www.nasdaq.com/articles/pfizer-pfe-q1-earnings-sales-miss-estimates-stock-down,,2
AMGN,Healthcare,2023-10-30,2023-10-29,2 Dow Jones Dividend Stocks to Buy Hand Over Fist Right Now,https://www.nasdaq.com/articles/2-dow-jones-dividend-stocks-to-buy-hand-over-fist-right-now,,6
AMT,RealEstate,2020-04-29,2020-04-29,"The Zacks Analyst Blog Highlights: Visa, Novo Nordisk, American Tower, Caterpillar and 3M",http://www.zacks.com/stock/news/897524/the-zacks-analyst-blog-highlights-visa-novo-nordisk-american-tower-caterpillar-and-3m?cid=CS-BENZ-FT-press_releases-897524,Zacks,11
AMT,RealEstate,2021-01-07,2021-01-07,"IYR, AMT, PLD, CCI: Large Outflows Detected at ETF",https://www.nasdaq.com/articles/iyr-amt-pld-cci%3A-large-outflows-detected-at-etf-2021-01-07,,1
AMT,RealEstate,2022-07-26,2022-07-26,What's in the Offing for Digital Realty (DLR) in Q2 Earnings?,https://www.nasdaq.com/articles/whats-in-the-offing-for-digital-realty-dlr-in-q2-earnings,,1
AMT,RealEstate,2022-08-12,2022-08-12,Should You Buy American Tower Now or Wait?,https://www.nasdaq.com/articles/should-you-buy-american-tower-now-or-wait,,1
BA,Industrials,2020-03-04,2020-03-04,Airbus Could Cut A330 Production Due to a Coronavirus Travel Slowdown,https://www.nasdaq.com/articles/airbus-could-cut-a330-production-due-to-a-coronavirus-travel-slowdown-2020-03-04,,5
BA,Industrials,2020-03-16,2020-03-16,Here’s How Smart Investors Can Profit in a Bear Market,https://www.nasdaq.com/articles/heres-how-smart-investors-can-profit-in-a-bear-market-2020-03-16,,7
BA,Industrials,2020-04-29,2020-04-29,"European shares rise on COVID-19 drug hopes, upbeat outlook from corporates",https://www.nasdaq.com/articles/european-shares-rise-on-covid-19-drug-hopes-upbeat-outlook-from-corporates-2020-04-29,,27
BA,Industrials,2020-04-29,2020-04-29,Wall St jumps on coronavirus drug hopes; Fed decision awaited,https://www.nasdaq.com/articles/wall-st-jumps-on-coronavirus-drug-hopes-fed-decision-awaited-2020-04-29,,27
BA,Industrials,2020-06-08,2020-06-08,"DIA, GS, BA, WMT: ETF Inflow Alert",https://www.nasdaq.com/articles/dia-gs-ba-wmt%3A-etf-inflow-alert-2020-06-08,,17
BA,Industrials,2020-07-06,2020-07-06,"Brazil capital markets boom despite pandemic, M&A hits 20-year low",https://www.nasdaq.com/articles/brazil-capital-markets-boom-despite-pandemic-ma-hits-20-year-low-2020-07-06,,11
BA,Industrials,2020-08-10,2020-08-10,"Senators urge U.S. to remove tariffs on EU foods, beverages",https://www.nasdaq.com/articles/senators-urge-u.s.-to-remove-tariffs-on-eu-foods-beverages-2020-08-10,,5
BA,Industrials,2020-12-21,2020-12-21,3 Airlines That Will Make a Big Comeback,https://www.nasdaq.com/articles/3-airlines-that-will-make-a-big-comeback-2020-12-21,,20
BA,Industrials,2021-01-25,2021-01-25,Top 5 Things To Watch In The Stock Market This Week,https://www.nasdaq.com/articles/top-5-things-to-watch-in-the-stock-market-this-week-2021-01-25,,8
BA,Industrials,2021-04-09,2021-04-09,"Dow Movers: BA, HON",https://www.nasdaq.com/articles/dow-movers%3A-ba-hon-2021-04-09,,7
BA,Industrials,2022-01-31,2022-01-31,Why Boeing Stock Is Flying Higher Today,https://www.nasdaq.com/articles/why-boeing-stock-is-flying-higher-today,,16
BA,Industrials,2022-03-07,2022-03-06,What Shipbuilders Can Expect From the Navy’s Plans for Robotics,https://www.nasdaq.com/articles/what-shipbuilders-can-expect-from-the-navys-plans-for-robotics,,12
BA,Industrials,2022-03-30,2022-03-30,Lessor BOC Aviation repossesses 747-8 cargo plane from Russian operator,https://www.nasdaq.com/articles/lessor-boc-aviation-repossesses-747-8-cargo-plane-from-russian-operator,,9
BA,Industrials,2023-12-11,2023-12-11,Boeing picks company veteran Stephanie Pope as COO,https://www.nasdaq.com/articles/boeing-picks-company-veteran-stephanie-pope-as-coo,,15
CAT,Industrials,2020-01-21,2020-01-21,10 Biggest Price Target Changes For Tuesday,https://www.benzinga.com/analyst-ratings/price-target/20/01/15153607/10-biggest-price-target-changes-for-tuesday,Lisa Levin,5
CAT,Industrials,2021-07-22,2021-07-22,Big Tech Headlines Another Major Week for Earnings,https://www.nasdaq.com/articles/big-tech-headlines-another-major-week-for-earnings-2021-07-22,,1
CAT,Industrials,2022-03-09,2022-03-09,7 Dividend Stocks to Finance Your Golden Years,https://www.nasdaq.com/articles/7-dividend-stocks-to-finance-your-golden-years,,3
CAT,Industrials,2023-02-13,2023-02-13,INSIGHT-Silicon Valley layoffs are a boon for tech-hungry farm equipment makers,https://www.nasdaq.com/articles/insight-silicon-valley-layoffs-are-a-boon-for-tech-hungry-farm-equipment-makers,,2
CAT,Industrials,2023-06-15,2023-06-15,Caterpillar (CAT) Hikes Quarterly Dividend Payout by 8%,https://www.nasdaq.com/articles/caterpillar-cat-hikes-quarterly-dividend-payout-by-8,,4
CAT,Industrials,2023-06-27,2023-06-27,"Zacks.com featured highlights Terex, Caterpillar and Ensign",https://www.nasdaq.com/articles/zacks.com-featured-highlights-terex-caterpillar-and-ensign,,4
CAT,Industrials,2023-07-19,2023-07-19,Why Should You Add Reliance Steel (RS) Stock to Your Portfolio,https://www.nasdaq.com/articles/why-should-you-add-reliance-steel-rs-stock-to-your-portfolio,,7
CAT,Industrials,2023-10-11,2023-10-11,Astec (ASTE) Stock Gains 13% in Six Months: More Room to Run?,https://www.nasdaq.com/articles/astec-aste-stock-gains-13-in-six-months%3A-more-room-to-run,,3
CAT,Industrials,2023-10-31,2023-10-31,Caterpillar profit rises on construction equipment demand,https://www.nasdaq.com/articles/caterpillar-profit-rises-on-construction-equipment-demand-0,,21
CCI,RealEstate,2020-05-05,2020-05-05,This 4-Stock “Crisis Portfolio” Pays Up to 10.4% (with upside),https://www.nasdaq.com/articles/this-4-stock-crisis-portfolio-pays-up-to-10.4-with-upside-2020-05-05,,2
CCI,RealEstate,2022-02-25,2022-02-25,2 Top Dividend Stocks You Can Buy and Hold Forever,https://www.nasdaq.com/articles/2-top-dividend-stocks-you-can-buy-and-hold-forever-0,,3
CCI,RealEstate,2023-03-17,2023-03-17,First Week of May 19th Options Trading For Crown Castle (CCI),https://www.nasdaq.com/articles/first-week-of-may-19th-options-trading-for-crown-castle-cci,,1
CCI,RealEstate,2023-07-17,2023-07-17,Stocks Close Higher on Lower Bond Yields and Positive Comments from Yellen,https://www.nasdaq.com/articles/stocks-close-higher-on-lower-bond-yields-and-positive-comments-from-yellen,,5
CMCSA,Comm,2020-01-21,2020-01-21,How Advertising Technology Will Cement Streaming's Dominance Over Cable,https://www.nasdaq.com/articles/how-advertising-technology-will-cement-streamings-dominance-over-cable-2020-01-21,,12
CMCSA,Comm,2020-02-10,2020-02-10,"Amazon Selects Sony Television Executive to Take Over Prime, Studios",https://www.nasdaq.com/articles/amazon-selects-sony-television-executive-to-take-over-prime-studios-2020-02-10,,4
CMCSA,Comm,2020-03-17,2020-03-17,The Good and Mostly Bad of Disney and Universal's Park Closures,https://www.nasdaq.com/articles/the-good-and-mostly-bad-of-disney-and-universals-park-closures-2020-03-17,,5
CMCSA,Comm,2020-09-15,2020-09-15,Comcast To Present At Goldman Sachs Communacopia Virtual Conference; Webcast At 9:40 AM ET,https://www.nasdaq.com/articles/comcast-to-present-at-goldman-sachs-communacopia-virtual-conference-webcast-at-9%3A40-am-et,,2
CMCSA,Comm,2020-10-12,2020-10-12,"INSIGHT-U.S. TV news networks aim for credibility, not speed, on election night",https://www.nasdaq.com/articles/insight-u.s.-tv-news-networks-aim-for-credibility-not-speed-on-election-night-2020-10-12,,6
CMCSA,Comm,2021-08-20,2021-08-20,FOCUS-‘Paw Patrol’ unleashed: Behind ViacomCBS’s plan to take on Disney,https://www.nasdaq.com/articles/focus-paw-patrol-unleashed%3A-behind-viacomcbss-plan-to-take-on-disney-2021-08-20,,2
CMCSA,Comm,2022-03-29,2022-03-29,Comcast (CMCSA) Aids Broadband Business Via New Advanced Gateway,https://www.nasdaq.com/articles/comcast-cmcsa-aids-broadband-business-via-new-advanced-gateway,,4
CMCSA,Comm,2022-09-28,2022-09-28,"Top Research Reports for Broadcom, Comcast & Equinor",https://www.nasdaq.com/articles/top-research-reports-for-broadcom-comcast-equinor,,7
CMCSA,Comm,2023-01-06,2023-01-06,ProShares UltraPro S&P500 Experiences Big Outflow,https://www.nasdaq.com/articles/proshares-ultrapro-sp500-experiences-big-outflow,,2
CMCSA,Comm,2023-03-31,2023-03-31,Comcast (CMCSA) Expands Its Xfinity 10G Network in Southeast,https://www.nasdaq.com/articles/comcast-cmcsa-expands-its-xfinity-10g-network-in-southeast,,3
CMCSA,Comm,2023-06-26,2023-06-26,"After Hours Most Active for Jun 26, 2023 : BAC, QQQ, AMZN, GOOGL, TAL, JD, CMCSA, T, SMH, NRG, KVUE, DIS",https://www.nasdaq.com/articles/after-hours-most-active-for-jun-26-2023-%3A-bac-qqq-amzn-googl-tal-jd-cmcsa-t-smh-nrg-kvue,,6
CMCSA,Comm,2023-11-02,2023-11-02,Guru Fundamental Report for CMCSA,https://www.nasdaq.com/articles/guru-fundamental-report-for-cmcsa-38,,4
COP,Energy,2021-07-21,2021-07-21,Reminder - ConocoPhillips (COP) Goes Ex-Dividend Soon,https://www.nasdaq.com/articles/reminder-conocophillips-cop-goes-ex-dividend-soon-2021-07-21,,2
COP,Energy,2022-01-10,2022-01-10,"With a Rough Week Ahead of Us, One Sector Looks Promising",https://www.nasdaq.com/articles/with-a-rough-week-ahead-of-us-one-sector-looks-promising,,6
COP,Energy,2022-03-09,2022-03-09,Gas leak spurs evacuation at ConocoPhillips field in Alaska,https://www.nasdaq.com/articles/gas-leak-spurs-evacuation-at-conocophillips-field-in-alaska,,6
COP,Energy,2022-03-15,2022-03-15,"U.S. oil 'mini-majors' emerge from shale patch deals, soaring energy prices",https://www.nasdaq.com/articles/u.s.-oil-mini-majors-emerge-from-shale-patch-deals-soaring-energy-prices,,7
COP,Energy,2022-05-23,2022-05-23,Surging Oil Stocks Leaving Tech Stocks in the Dust,https://www.nasdaq.com/articles/surging-oil-stocks-leaving-tech-stocks-in-the-dust,,3
COP,Energy,2022-12-15,2022-12-15,COP August 2023 Options Begin Trading,https://www.nasdaq.com/articles/cop-august-2023-options-begin-trading,,1
COP,Energy,2023-01-27,2023-01-27,Factors to Pay Attention to Ahead of MPLX Q4 Earnings Release,https://www.nasdaq.com/articles/factors-to-pay-attention-to-ahead-of-mplx-q4-earnings-release,,3
COP,Energy,2023-03-10,2023-03-10,CERAWEEK-U.S. Sen Joe Manchin opposes Ford partnership with Chinese battery maker,https://www.nasdaq.com/articles/ceraweek-u.s.-sen-joe-manchin-opposes-ford-partnership-with-chinese-battery-maker,,4
COP,Energy,2023-04-13,2023-04-13,ConocoPhillips (COP) Outpaces Stock Market Gains: What You Should Know,https://www.nasdaq.com/articles/conocophillips-cop-outpaces-stock-market-gains%3A-what-you-should-know-3,,5
COP,Energy,2023-05-03,2023-05-03,"Stock Market News for May 3, 2023",https://www.nasdaq.com/articles/stock-market-news-for-may-3-2023,,7
CVX,Energy,2020-07-30,2020-07-30,"Dow Movers: XOM, PG",https://www.nasdaq.com/articles/dow-movers%3A-xom-pg-2020-07-30,,6
CVX,Energy,2020-08-24,2020-08-24,"Energy Sector Update for 08/24/2020: NBL, CVX, DHT, BP, OXY, XLE, USO, UNG",https://www.nasdaq.com/articles/energy-sector-update-for-08-24-2020%3A-nbl-cvx-dht-bp-oxy-xle-uso-ung-2020-08-24,,9
CVX,Energy,2021-04-14,2021-04-14,7 Energy Stocks to Buy in April as the World Returns to Normal,https://www.nasdaq.com/articles/7-energy-stocks-to-buy-in-april-as-the-world-returns-to-normal-2021-04-14,,4
CVX,Energy,2021-08-19,2021-08-19,"Energy Sector Update for 08/19/2021: COP, CVX, XLE, USO, UNG",https://www.nasdaq.com/articles/energy-sector-update-for-08-19-2021%3A-cop-cvx-xle-uso-ung-2021-08-19,,6
CVX,Energy,2021-09-10,2021-09-10,Wall St Week Ahead-Investors eye wobbling energy sector as gauge for Delta fears,https://www.nasdaq.com/articles/wall-st-week-ahead-investors-eye-wobbling-energy-sector-as-gauge-for-delta-fears-2021-09,,6
CVX,Energy,2022-05-31,2022-05-31,3 Dividend Stocks That Are Good Enough for Warren Buffett,https://www.nasdaq.com/articles/3-dividend-stocks-that-are-good-enough-for-warren-buffett,,13
CVX,Energy,2022-06-30,2022-06-30,Should You Buy the Dip in Energy Stocks & ETFs?,https://www.nasdaq.com/articles/should-you-buy-the-dip-in-energy-stocks-etfs,,8
CVX,Energy,2022-08-15,2022-08-14,Validea's Top Five Energy Stocks Based On Motley Fool - 8/14/2022,https://www.nasdaq.com/articles/valideas-top-five-energy-stocks-based-on-motley-fool-8-14-2022,,15
CVX,Energy,2022-08-24,2022-08-24,"Exxon, Shell, Chevron end lawsuits against Nigeria's state-owned oil company",https://www.nasdaq.com/articles/exxon-shell-chevron-end-lawsuits-against-nigerias-state-owned-oil-company,,6
CVX,Energy,2022-09-30,2022-09-30,"Dow Jones Bear Market: 3 of the Cheapest, Safest Stocks You Can Buy Today",https://www.nasdaq.com/articles/dow-jones-bear-market%3A-3-of-the-cheapest-safest-stocks-you-can-buy-today,,7
CVX,Energy,2023-02-03,2023-02-03,Add Up The Parts: IWL Could Be Worth $108,https://www.nasdaq.com/articles/add-up-the-parts%3A-iwl-could-be-worth-%24108,,4
CVX,Energy,2023-03-27,2023-03-27,"EXCLUSIVE-US plans ultimatum in Mexico energy dispute, raising threat of tariffs",https://www.nasdaq.com/articles/exclusive-us-plans-ultimatum-in-mexico-energy-dispute-raising-threat-of-tariffs,,8
CVX,Energy,2023-05-08,2023-05-07,This Might Be Warren Buffett's FOMO Stock Sector,https://www.nasdaq.com/articles/this-might-be-warren-buffetts-fomo-stock-sector,,17
CVX,Energy,2023-07-24,2023-07-23,"Chevron Q2 Profit Drops, But Tops View",https://www.nasdaq.com/articles/chevron-q2-profit-drops-but-tops-view,,20
CVX,Energy,2023-10-10,2023-10-10,COLUMN-Spot LNG prices languish ahead of seasonal demand uptick: Russell,https://www.nasdaq.com/articles/column-spot-lng-prices-languish-ahead-of-seasonal-demand-uptick%3A-russell-0,,15
CVX,Energy,2023-11-30,2023-11-30,3 Stocks With the Highest Dividends You Can Buy Now,https://www.nasdaq.com/articles/3-stocks-with-the-highest-dividends-you-can-buy-now,,5
CVX,Energy,2023-12-06,2023-12-06,Venezuela's PDVSA authorizes first two oil cargoes to India after sanctions relief,https://www.nasdaq.com/articles/venezuelas-pdvsa-authorizes-first-two-oil-cargoes-to-india-after-sanctions-relief,,13
CVX,Energy,2023-12-11,2023-12-10,Guru Fundamental Report for CVX,https://www.nasdaq.com/articles/guru-fundamental-report-for-cvx-75,,17
D,Utilities,2023-11-08,2023-11-08,Renewable Revolution: 3 Green Energy Stocks Outshining Their Peers,https://www.nasdaq.com/articles/renewable-revolution%3A-3-green-energy-stocks-outshining-their-peers,,1
DD,Materials,2020-03-11,2020-03-11,"Dupont Sees No Change To Q1, FY Adj. Eps Outlook; Says Adj. EPS Impact From Coronavirus Offset Through Favorable Product Mix, Controlled Discretionary Spending",https://www.benzinga.com/news/20/03/15526854/dupont-sees-no-change-to-q1-fy-adj-eps-outlook-says-adj-eps-impact-from-coronavirus-offset-through-f,luke@benzinga.com,6
DD,Materials,2020-05-05,2020-05-05,"DuPont slashes capital expenses, increase cost savings",https://www.nasdaq.com/articles/dupont-slashes-capital-expenses-increase-cost-savings-2020-05-05,,17
DD,Materials,2021-08-03,2021-08-03,"US STOCKS-Wall St falls as Delta worries outweigh earnings, M&A cheer",https://www.nasdaq.com/articles/us-stocks-wall-st-falls-as-delta-worries-outweigh-earnings-ma-cheer-2021-08-03,,12
DD,Materials,2022-06-27,2022-06-27,DuPont de Nemours (DD) Soars 5.8%: Is Further Upside Left in the Stock?,https://www.nasdaq.com/articles/dupont-de-nemours-dd-soars-5.8%3A-is-further-upside-left-in-the-stock,,1
DIS,Consumer,2020-02-19,2020-02-19,US Indexes Close Higher Wednesday With China's Support Comments,http://www.gurufocus.com/news/1044400/us-indexes-close-higher-wednesday-with-chinas-support-comments,GuruFocus,5
DIS,Consumer,2020-04-15,2020-04-15,3 Reasons to Play the Contrarian on Disney,https://www.nasdaq.com/articles/3-reasons-to-play-the-contrarian-on-disney-2020-04-15,,11
DIS,Consumer,2020-04-28,2020-04-28,Why Shares of AMC Entertainment Are Surging Today,https://www.nasdaq.com/articles/why-shares-of-amc-entertainment-are-surging-today-2020-04-28,,22
DIS,Consumer,2020-05-08,2020-05-08,"Gavea Investimentos Ltda Buys Rio Tinto PLC, Vale SA, Philip Morris International Inc, Sells ...",http://www.gurufocus.com/news/1130688/gavea-investimentos-ltda-buys-rio-tinto-plc-vale-sa-philip-morris-international-inc-sells-iacinteractivecorp-amazoncom-inc-the-walt-disney-co,GuruFocus,35
DIS,Consumer,2020-05-18,2020-05-18,"Griffin Asset Management, Inc. Buys Accelerate Diagnostics Inc, The Walt Disney Co, Visa Inc, ...",http://www.gurufocus.com/news/1140326/griffin-asset-management-inc-buys-accelerate-diagnostics-inc-the-walt-disney-co-visa-inc-sells-tiffany-canada-goose-holdings-inc-enterprise-products-partners-lp,GuruFocus,26
DIS,Consumer,2020-07-02,2020-07-02,Disney Finds New Avenue for Revenue in Partnership With Ford,https://www.nasdaq.com/articles/disney-finds-new-avenue-for-revenue-in-partnership-with-ford-2020-07-02,,5
DIS,Consumer,2020-12-31,2020-12-31,Ouch: My Fourth-Quarter Predictions Were Way Off the Mark,https://www.nasdaq.com/articles/ouch%3A-my-fourth-quarter-predictions-were-way-off-the-mark-2020-12-31,,9
DIS,Consumer,2021-07-19,2021-07-19,Why AMC Entertainment Stock Was Falling Today,https://www.nasdaq.com/articles/why-amc-entertainment-stock-was-falling-today-2021-07-19,,10
DIS,Consumer,2021-07-27,2021-07-27,AT&T's WarnerMedia Just Threw Theater Chains Like AMC and Cinemark Under the Bus,https://www.nasdaq.com/articles/atts-warnermedia-just-threw-theater-chains-like-amc-and-cinemark-under-the-bus-2021-07-27,,8
DIS,Consumer,2021-08-13,2021-08-13,US STOCKS-Wall Street ends little changed as Disney offsets drop in sentiment,https://www.nasdaq.com/articles/us-stocks-wall-street-ends-little-changed-as-disney-offsets-drop-in-sentiment-2021-08-13,,19
DIS,Consumer,2021-10-08,2021-10-08,How Disney's (NYSE:DIS) Cash Flows might be Undervalued,https://www.nasdaq.com/articles/how-disneys-nyse%3Adis-cash-flows-might-be-undervalued-2021-10-08,,8
DIS,Consumer,2021-11-09,2021-11-09,What This $3 Billion YouTube Channel Deal Means for Your Wealth,https://www.nasdaq.com/articles/what-this-%243-billion-youtube-channel-deal-means-for-your-wealth,,3
DIS,Consumer,2021-11-23,2021-11-23,Spotify launches 'Netflix Hub' on its app to attract fans,https://www.nasdaq.com/articles/spotify-launches-netflix-hub-on-its-app-to-attract-fans,,5
DIS,Consumer,2021-12-23,2021-12-23,"MGK, GOOGL, FB, DIS: ETF Inflow Alert",https://www.nasdaq.com/articles/mgk-googl-fb-dis%3A-etf-inflow-alert,,8
DIS,Consumer,2022-04-29,2022-04-29,2 Shocking Dow Charts That Illustrate the Power of Long-Term Investing,https://www.nasdaq.com/articles/2-shocking-dow-charts-that-illustrate-the-power-of-long-term-investing,,7
DIS,Consumer,2022-05-17,2022-05-17,Could This Growth Stock Make it Big in the Streaming Market?,https://www.nasdaq.com/articles/could-this-growth-stock-make-it-big-in-the-streaming-market,,5
DIS,Consumer,2022-05-27,2022-05-27,"There Is More Downside to Disney, So Don’t Buy Shares Yet",https://www.nasdaq.com/articles/there-is-more-downside-to-disney-so-dont-buy-shares-yet,,4
DIS,Consumer,2022-07-05,2022-07-02,These 2 Metrics Spell More Bad News for Netflix's Beaten-Down Stock,https://www.nasdaq.com/articles/these-2-metrics-spell-more-bad-news-for-netflixs-beaten-down-stock,,13
DIS,Consumer,2022-10-18,2022-10-18,"Markets Take Off on Q3 Earnings; NFLX, UAL Beat After Hours",https://www.nasdaq.com/articles/markets-take-off-on-q3-earnings-nflx-ual-beat-after-hours,,6
DIS,Consumer,2023-01-09,2023-01-09,Disney asks employees to work from office four days a week - CNBC,https://www.nasdaq.com/articles/disney-asks-employees-to-work-from-office-four-days-a-week-cnbc,,6
DIS,Consumer,2023-01-12,2023-01-12,"Disney (DIS) Wins Big in Golden Globe 2023, Beats Netflix",https://www.nasdaq.com/articles/disney-dis-wins-big-in-golden-globe-2023-beats-netflix,,13
DIS,Consumer,2023-04-12,2023-04-12,Guru Fundamental Report for DIS - Martin Zweig,https://www.nasdaq.com/articles/guru-fundamental-report-for-dis-martin-zweig-13,,7
DIS,Consumer,2023-06-29,2023-06-29,Guru Fundamental Report for DIS - Martin Zweig,https://www.nasdaq.com/articles/guru-fundamental-report-for-dis-martin-zweig-44,,6
DIS,Consumer,2023-07-11,2023-07-11,Electronic Arts' (EA) Cliffhanger Games Unveils Black Panther,https://www.nasdaq.com/articles/electronic-arts-ea-cliffhanger-games-unveils-black-panther,,8
DIS,Consumer,2023-08-02,2023-08-02,Disney's Struggles Show Up Across Three Key Quant Dashboard Stock Scores,https://www.nasdaq.com/articles/disneys-struggles-show-up-across-three-key-quant-dashboard-stock-scores,,7
DIS,Consumer,2023-11-07,2023-11-07,"Stock Market News for Nov 7, 2023",https://www.nasdaq.com/articles/stock-market-news-for-nov-7-2023,,9
DOW,Materials,2020-03-12,2020-03-12,"Coronavirus Ends Bull Run, Trump's Plan & Buy this Chip Stock - Free Lunch",http://www.zacks.com/stock/news/810010/coronavirus-ends-bull-run-trumps-plan-buy-this-chip-stock-free-lunch?cid=CS-BENZ-FT-stocks_in_the_news|major_headlines-810010,Zacks,5
DOW,Materials,2020-04-09,2020-04-09,Shares of several basic material companies are trading higher amid overall market strength after the US Federal Reserve announced a further $2.3 trillion in financing programs to support the economy.,https://www.benzinga.com/wiim/20/04/15776163/shares-of-several-basic-material-companies-are-trading-higher-amid-overall-market-strength-after-the,Benzinga Newsdesk,7
DUK,Utilities,2020-02-13,2020-02-13,Mid-Afternoon Market Update: NASDAQ Turns Positive; Redfin Shares Gain On Narrower-Than-Expected Loss,https://www.benzinga.com/news/earnings/20/02/15328006/mid-afternoon-market-update-nasdaq-turns-positive-redfin-shares-gain-on-narrower-than-expected-loss,Lisa Levin,15
DUK,Utilities,2023-10-11,2023-10-11,Should You Invest in the Vanguard Utilities ETF (VPU)?,https://www.nasdaq.com/articles/should-you-invest-in-the-vanguard-utilities-etf-vpu-10,,1
EA,Comm,2020-01-29,2020-01-29,"Credit Suisse Maintains Outperform on Electronic Arts, Raises Price Target to $123",https://www.benzinga.com/news/20/01/15207494/credit-suisse-maintains-outperform-on-electronic-arts-raises-price-target-to-123,Vick Meyer,1
EA,Comm,2020-05-05,2020-05-05,"Noteworthy Tuesday Option Activity: NYT, TGTX, EA",https://www.nasdaq.com/articles/noteworthy-tuesday-option-activity%3A-nyt-tgtx-ea-2020-05-05,,28
EA,Comm,2020-08-10,2020-08-10,Interesting EA Put And Call Options For September 2021,https://www.nasdaq.com/articles/interesting-ea-put-and-call-options-for-september-2021-2020-08-10,,2
EA,Comm,2021-12-15,2021-12-15,Is A Rise Imminent For Electronic Arts Stock After An 11% Fall In A Month?,https://www.nasdaq.com/articles/is-a-rise-imminent-for-electronic-arts-stock-after-an-11-fall-in-a-month,,2
EA,Comm,2022-05-11,2022-05-11,Electronic Arts Climbs On Surge In Q4 Profit,https://www.nasdaq.com/articles/electronic-arts-climbs-on-surge-in-q4-profit,,10
EA,Comm,2022-05-27,2022-05-27,"There Is More Downside to Disney, So Don’t Buy Shares Yet",https://www.nasdaq.com/articles/there-is-more-downside-to-disney-so-dont-buy-shares-yet,,3
GE,Industrials,2020-03-16,2020-03-14,Is Baker Hughes Stock a Buy?,https://www.nasdaq.com/articles/is-baker-hughes-stock-a-buy-2020-03-14,,4
GE,Industrials,2020-04-09,2020-04-09,GE Withdraws 2020 Guidance - Quick Facts,https://www.nasdaq.com/articles/ge-withdraws-2020-guidance-quick-facts-2020-04-09,,6
GE,Industrials,2020-07-06,2020-07-03,This Is General Electric's Biggest Long-Term Problem,https://www.nasdaq.com/articles/this-is-general-electrics-biggest-long-term-problem-2020-07-03,,2
GE,Industrials,2020-08-25,2020-08-25,Get Long General Electric Stock While It’s Under the Radar,https://www.nasdaq.com/articles/get-long-general-electric-stock-while-its-under-the-radar-2020-08-25,,3
GE,Industrials,2020-09-17,2020-09-17,Tech sell-off hits Wall St as jobless claims remain high,https://www.nasdaq.com/articles/tech-sell-off-hits-wall-st-as-jobless-claims-remain-high-2020-09-17,,11
GE,Industrials,2021-01-13,2021-01-13,EXCLUSIVE-Siemens spin-offs tap hydrogen boom in wind alliance,https://www.nasdaq.com/articles/exclusive-siemens-spin-offs-tap-hydrogen-boom-in-wind-alliance-2021-01-13,,2
GE,Industrials,2021-06-28,2021-06-27,Which Industrial Stocks Are Better Bets Compared To Johnson Controls?,https://www.nasdaq.com/articles/which-industrial-stocks-are-better-bets-compared-to-johnson-controls-2021-06-27,,4
GE,Industrials,2021-07-27,2021-07-27,GE Stock Is Set To Ride Massive Wind Energy Demand Higher,https://www.nasdaq.com/articles/ge-stock-is-set-to-ride-massive-wind-energy-demand-higher-2021-07-27,,15
GE,Industrials,2021-11-15,2021-11-15,"GE Aviation ready to look at acquisitions if make sense, CEO says",https://www.nasdaq.com/articles/ge-aviation-ready-to-look-at-acquisitions-if-make-sense-ceo-says-2021-11-15,,4
GE,Industrials,2023-08-23,2023-08-23,"MTUM, GE, BKNG, SYK: Large Outflows Detected at ETF",https://www.nasdaq.com/articles/mtum-ge-bkng-syk%3A-large-outflows-detected-at-etf,,2
GE,Industrials,2023-09-06,2023-09-06,"The Zacks Analyst Blog Highlights Caterpillar, General Electric and Sherwin Williams",https://www.nasdaq.com/articles/the-zacks-analyst-blog-highlights-caterpillar-general-electric-and-sherwin-williams,,2
GILD,Healthcare,2020-01-03,2020-01-03,Biotech's Most Volatile Binary Events for Q1,https://www.nasdaq.com/articles/biotechs-most-volatile-binary-events-for-q1-2020-01-03,,4
GILD,Healthcare,2020-02-27,2020-02-27,Forty Seven Shares Spike Sharply Higher After Hours As Hearing Co. Had Discussions About Various Options With Gilead,https://www.benzinga.com/m-a/20/02/15434382/forty-seven-shares-spike-sharply-higher-after-hours-as-hearing-co-had-discussions-about-various-opti,Benzinga Newsdesk,25
GILD,Healthcare,2020-03-20,2020-03-20,These 4 Top Stocks Are Bear-Market Tested,https://www.nasdaq.com/articles/these-4-top-stocks-are-bear-market-tested-2020-03-20,,13
GILD,Healthcare,2020-04-24,2020-04-24,"GLOBAL MARKETS-Stocks fall on worries over EU stimulus details, coronavirus drug",https://www.nasdaq.com/articles/global-markets-stocks-fall-on-worries-over-eu-stimulus-details-coronavirus-drug-2020-04-24,,35
GILD,Healthcare,2020-05-05,2020-05-05,"Gilead In Talks With Some Chemicals, Pharma Companies About Ability To Produce Remdesivir For Europea, Asia, Developing World Through At Least 2022",https://www.benzinga.com/news/20/05/15962043/gilead-in-talks-with-some-chemicals-pharma-companies-about-ability-to-produce-remdesivir-for-europea,Benzinga Newsdesk,17
GILD,Healthcare,2020-05-27,2020-05-27,AstraZeneca tests diabetes drug for COVID-19 despite risk seen by doctors,https://www.nasdaq.com/articles/astrazeneca-tests-diabetes-drug-for-covid-19-despite-risk-seen-by-doctors-2020-05-27,,9
GILD,Healthcare,2020-06-08,2020-06-07,AstraZeneca Proposes a Merger With Gilead Sciences,https://www.nasdaq.com/articles/astrazeneca-proposes-a-merger-with-gilead-sciences-2020-06-07,,19
GILD,Healthcare,2020-07-17,2020-07-17,Hong Kong gives conditional nod to Gilead COVID-19 drug Remdesivir,https://www.nasdaq.com/articles/hong-kong-gives-conditional-nod-to-gilead-covid-19-drug-remdesivir-2020-07-17,,6
GILD,Healthcare,2020-07-17,2020-07-17,India's Cadila aims to complete trial of coronavirus vaccine by March,https://www.nasdaq.com/articles/indias-cadila-aims-to-complete-trial-of-coronavirus-vaccine-by-march-2020-07-17,,6
GILD,Healthcare,2020-08-05,2020-08-05,Zydus Cadila's COVID-19 vaccine candidate found safe in early-stage human trial,https://www.nasdaq.com/articles/zydus-cadilas-covid-19-vaccine-candidate-found-safe-in-early-stage-human-trial-2020-08-05,,1
GILD,Healthcare,2020-08-28,2020-08-28,FDA approves expanded emergency use of remdesivir in moderate COVID-19 patients,https://www.nasdaq.com/articles/fda-approves-expanded-emergency-use-of-remdesivir-in-moderate-covid-19-patients-2020-08-28,,6
GILD,Healthcare,2020-11-10,2020-11-10,U.S. to start distributing Lilly COVID-19 antibody this week,https://www.nasdaq.com/articles/u.s.-to-start-distributing-lilly-covid-19-antibody-this-week-2020-11-10,,2
GILD,Healthcare,2022-01-10,2022-01-10,Gilead Sciences: Attractive Dividend Yield and Improving Financials,https://www.nasdaq.com/articles/gilead-sciences%3A-attractive-dividend-yield-and-improving-financials,,2
GILD,Healthcare,2023-01-18,2023-01-18,3 Stocks That Beat the S&P During the Great Recession,https://www.nasdaq.com/articles/3-stocks-that-beat-the-sp-during-the-great-recession,,2
GILD,Healthcare,2023-10-19,2023-10-19,"Health Care Sector Update for 10/19/2023: RARE, GILD, PFE, XLV, IBB",https://www.nasdaq.com/articles/health-care-sector-update-for-10-19-2023%3A-rare-gild-pfe-xlv-ibb,,5
GS,Financials,2020-05-06,2020-05-06,Goldman Sachs looks to buy private company holdings from Invesco - Sky News,https://www.nasdaq.com/articles/goldman-sachs-looks-to-buy-private-company-holdings-from-invesco-sky-news-2020-05-06,,3
GS,Financials,2020-11-03,2020-11-03,"US STOCKS-Wall St set to jump on Biden victory bets, stimulus hopes",https://www.nasdaq.com/articles/us-stocks-wall-st-set-to-jump-on-biden-victory-bets-stimulus-hopes-2020-11-03,,8
GS,Financials,2021-04-16,2021-04-16,Validea David Dreman Strategy Daily Upgrade Report - 4/16/2021,https://www.nasdaq.com/articles/validea-david-dreman-strategy-daily-upgrade-report-4-16-2021-2021-04-16,,14
GS,Financials,2021-06-25,2021-06-25,"US STOCKS-S&P, Nasdaq futures at peaks ahead of crucial inflation report",https://www.nasdaq.com/articles/us-stocks-sp-nasdaq-futures-at-peaks-ahead-of-crucial-inflation-report-2021-06-25,,4
GS,Financials,2021-09-16,2021-09-16,Italy's Ariston Thermo aims for Milan IPO in November - sources,https://www.nasdaq.com/articles/italys-ariston-thermo-aims-for-milan-ipo-in-november-sources-2021-09-16,,4
GS,Financials,2021-11-09,2021-11-09,"Could This Financial Stock Reach $1,000 Within 5 Years?",https://www.nasdaq.com/articles/could-this-financial-stock-reach-%241000-within-5-years,,6
GS,Financials,2022-01-10,2022-01-10,Big U.S. banks expected to post uptick in core Q4 revenues on economic rebound,https://www.nasdaq.com/articles/big-u.s.-banks-expected-to-post-uptick-in-core-q4-revenues-on-economic-rebound,,16
GS,Financials,2022-01-18,2022-01-18,Goldman Sachs sees Brent oil hitting $100/bbl in Q3 2022,https://www.nasdaq.com/articles/goldman-sachs-sees-brent-oil-hitting-%24100-bbl-in-q3-2022,,47
GS,Financials,2022-02-16,2022-02-16,Why Beyond Meat Stock Stumbled on Wednesday,https://www.nasdaq.com/articles/why-beyond-meat-stock-stumbled-on-wednesday,,9
GS,Financials,2022-03-16,2022-03-16,Generali's Donnet faces internal rival to CEO crown,https://www.nasdaq.com/articles/generalis-donnet-faces-internal-rival-to-ceo-crown,,2
GS,Financials,2022-07-11,2022-07-11,What Lies Ahead for Dow ETF in Q2 Earnings?,https://www.nasdaq.com/articles/what-lies-ahead-for-dow-etf-in-q2-earnings,,7
GS,Financials,2022-08-15,2022-08-15,"Goldman, Morgan Stanley seek to end investors' Archegos-linked lawsuits",https://www.nasdaq.com/articles/goldman-morgan-stanley-seek-to-end-investors-archegos-linked-lawsuits,,2
GS,Financials,2022-08-17,2022-08-17,Goldman (GS) Up 11.6% Since Last Earnings Report: Can It Continue?,https://www.nasdaq.com/articles/goldman-gs-up-11.6-since-last-earnings-report%3A-can-it-continue,,3
GS,Financials,2022-12-06,2022-12-06,"Australian, NZ dollars wallow at one-week lows",https://www.nasdaq.com/articles/australian-nz-dollars-wallow-at-one-week-lows,,11
GS,Financials,2023-01-25,2023-01-25,"SEC readies Wall Street 'conflicts' rule, a decade after first try",https://www.nasdaq.com/articles/sec-readies-wall-street-conflicts-rule-a-decade-after-first-try,,6
GS,Financials,2023-03-17,2023-03-17,Interesting GS Put And Call Options For May 19th,https://www.nasdaq.com/articles/interesting-gs-put-and-call-options-for-may-19th,,6
GS,Financials,2023-06-12,2023-06-12,GRAPHIC-Recession risks still loom for markets calmer after banking turmoil,https://www.nasdaq.com/articles/graphic-recession-risks-still-loom-for-markets-calmer-after-banking-turmoil,,9
INTC,Tech,2020-01-17,2020-01-17,"Netflix Stock, 2 Chip Heavyweights Sit Near Buy Points Ahead Of Q4 Results",http://www.investors.com/research/earnings-preview/netflix-stock-sits-near-buy-point-ahead-of-earnings/?src=A00237A&ven=BenzingaCP&src=AURLAAM,Investor's Business Daily,13
INTC,Tech,2020-04-27,2020-04-25,Are Markets Approaching A Breaking Point?,https://talkmarkets.com/content/are-markets-approaching-a-breaking-point?post=259840,TalkMarkets,11
INTC,Tech,2020-05-04,2020-05-04,Stock Alert: Intel Corp.,https://www.nasdaq.com/articles/stock-alert%3A-intel-corp.-2020-05-04,,17
INTC,Tech,2020-07-20,2020-07-20,"S&P 500, Nasdaq rise on vaccine hopes, tech boost",https://www.nasdaq.com/articles/sp-500-nasdaq-rise-on-vaccine-hopes-tech-boost-2020-07-20,,13
INTC,Tech,2020-08-31,2020-08-31,Why AMD Stock Jumped to a New All-Time High Today,https://www.nasdaq.com/articles/why-amd-stock-jumped-to-a-new-all-time-high-today-2020-08-31,,7
INTC,Tech,2021-01-21,2021-01-21,EXCLUSIVE-Air taxi start-up Joby explores deal to go public - sources,https://www.nasdaq.com/articles/exclusive-air-taxi-start-up-joby-explores-deal-to-go-public-sources-2021-01-21,,12
INTC,Tech,2021-03-23,2021-03-23,TSMC shares fall as Taiwan plays down Intel expansion,https://www.nasdaq.com/articles/tsmc-shares-fall-as-taiwan-plays-down-intel-expansion-2021-03-23,,6
INTC,Tech,2021-04-20,2021-04-20,PREVIEW-Investors turn to growth stocks' results after strong earnings start,https://www.nasdaq.com/articles/preview-investors-turn-to-growth-stocks-results-after-strong-earnings-start-2021-04-20,,8
INTC,Tech,2021-07-16,2021-07-16,"Wall Street edges lower as value, growth stocks fall; defensives gain",https://www.nasdaq.com/articles/wall-street-edges-lower-as-value-growth-stocks-fall-defensives-gain-2021-07-16,,13
INTC,Tech,2021-07-16,2021-07-16,Wall St dips as declines in cyclical stocks outweigh growth boost,https://www.nasdaq.com/articles/wall-st-dips-as-declines-in-cyclical-stocks-outweigh-growth-boost-2021-07-16,,13
INTC,Tech,2021-08-18,2021-08-18,"VTV, PG, INTC, KO: ETF Inflow Alert",https://www.nasdaq.com/articles/vtv-pg-intc-ko%3A-etf-inflow-alert-2021-08-18,,5
INTC,Tech,2021-08-25,2021-08-25,Intel Is Positioning Itself to Make the Comeback of the Century,https://www.nasdaq.com/articles/intel-is-positioning-itself-to-make-the-comeback-of-the-century-2021-08-25,,4
INTC,Tech,2021-09-10,2021-09-10,"Chip shortage pushes Reliance, Google to delay India smartphone launch",https://www.nasdaq.com/articles/chip-shortage-pushes-reliance-google-to-delay-india-smartphone-launch-2021-09-10,,8
INTC,Tech,2021-10-19,2021-10-19,Alibaba cloud has silver lining for Chinese chips,https://www.nasdaq.com/articles/alibaba-cloud-has-silver-lining-for-chinese-chips-2021-10-19,,4
INTC,Tech,2022-01-20,2022-01-20,"First Month of 2022 Ends with Deluge of Data, Dow Earnings",https://www.nasdaq.com/articles/first-month-of-2022-ends-with-deluge-of-data-dow-earnings,,8
INTC,Tech,2022-01-31,2022-01-29,Better Buy: Nvidia vs. AMD,https://www.nasdaq.com/articles/better-buy%3A-nvidia-vs.-amd,,12
INTC,Tech,2022-04-06,2022-04-06,Intel Suspends Operations In Russia,https://www.nasdaq.com/articles/intel-suspends-operations-in-russia,,6
INTC,Tech,2022-04-28,2022-04-28,"Vedanta seeks free land, cheap water, power in race to be India's first chipmaker-sources",https://www.nasdaq.com/articles/vedanta-seeks-free-land-cheap-water-power-in-race-to-be-indias-first-chipmaker-sources,,11
INTC,Tech,2022-06-15,2022-06-15,"Crypto giant Binance opens 2,000 positions for hiring - CEO",https://www.nasdaq.com/articles/crypto-giant-binance-opens-2000-positions-for-hiring-ceo,,5
INTC,Tech,2022-07-26,2022-07-26,Intel Reports After the Close on 7/28 -- Options Contracts Expire the Next Day,https://www.nasdaq.com/articles/intel-reports-after-the-close-on-7-28-options-contracts-expire-the-next-day,,6
INTC,Tech,2022-10-11,2022-10-11,U.S. gives reprieve from export curbs to at least two non-Chinese chipmakers in China - sources,https://www.nasdaq.com/articles/u.s.-gives-reprieve-from-export-curbs-to-at-least-two-non-chinese-chipmakers-in-china,,8
INTC,Tech,2022-11-30,2022-11-30,"After Hours Most Active for Nov 30, 2022 : SABR, NYCB, PBF, LUMN, FHN, T, AAPL, INTC, AQN, MSFT, LYFT, CMCSA",https://www.nasdaq.com/articles/after-hours-most-active-for-nov-30-2022-%3A-sabr-nycb-pbf-lumn-fhn-t-aapl-intc-aqn-msft-lyft,,3
INTC,Tech,2022-12-13,2022-12-13,AMD Launches Its Best High-End Graphics Card in Years,https://www.nasdaq.com/articles/amd-launches-its-best-high-end-graphics-card-in-years,,7
INTC,Tech,2023-05-09,2023-05-09,Is It Time to Buy the Dow Jones' 3 Worst-Performing April Stocks?,https://www.nasdaq.com/articles/is-it-time-to-buy-the-dow-jones-3-worst-performing-april-stocks-0,,3
INTC,Tech,2023-08-07,2023-08-07,TSMC to decide in favour of German factory on Tuesday - Handelsblatt,https://www.nasdaq.com/articles/tsmc-to-decide-in-favour-of-german-factory-on-tuesday-handelsblatt,,6
KO,Consumer,2020-03-25,2020-03-25,Popeyes Sharing Netflix Login Data During Pandemic,https://www.nasdaq.com/articles/popeyes-sharing-netflix-login-data-during-pandemic-2020-03-25,,4
KO,Consumer,2021-04-28,2021-04-28,Coca-Cola the latest global brand to 'Adopt a Park' in Brazil rainforest,https://www.nasdaq.com/articles/coca-cola-the-latest-global-brand-to-adopt-a-park-in-brazil-rainforest-2021-04-28,,1
KO,Consumer,2021-06-11,2021-06-11,"Noteworthy ETF Inflows: ESGU, PG, KO, NEE",https://www.nasdaq.com/articles/noteworthy-etf-inflows%3A-esgu-pg-ko-nee-2021-06-11,,3
KO,Consumer,2021-09-03,2021-09-03,3 Ways You Can Beat Warren Buffett in the Stock Market,https://www.nasdaq.com/articles/3-ways-you-can-beat-warren-buffett-in-the-stock-market-2021-09-03,,3
KO,Consumer,2023-03-24,2023-03-24,86% of Warren Buffett's $322 Billion Portfolio Is Invested in Only 8 Stocks,https://www.nasdaq.com/articles/86-of-warren-buffetts-%24322-billion-portfolio-is-invested-in-only-8-stocks,,5
KO,Consumer,2023-04-03,2023-04-03,Guru Fundamental Report for KO,https://www.nasdaq.com/articles/guru-fundamental-report-for-ko-8,,5
KO,Consumer,2023-05-23,2023-05-23,4 Stocks to Watch From the Prospering Soft Drinks Industry,https://www.nasdaq.com/articles/4-stocks-to-watch-from-the-prospering-soft-drinks-industry,,1
KO,Consumer,2023-09-29,2023-09-29,Don’t Miss Out: 3 Dividend Stocks to Buy on EVERY. SINGLE. DIP.,https://www.nasdaq.com/articles/dont-miss-out%3A-3-dividend-stocks-to-buy-on-every.-single.-dip.,,5
KO,Consumer,2023-10-06,2023-10-06,Cola-Cola Stock (NYSE:KO): This Warren Buffett Favorite Will be Just Fine,https://www.nasdaq.com/articles/cola-cola-stock-nyse%3Ako%3A-this-warren-buffett-favorite-will-be-just-fine,,8
KO,Consumer,2023-10-24,2023-10-24,"Consumer Sector Update for 10/24/2023: OSTK, VFC, AWI, KO",https://www.nasdaq.com/articles/consumer-sector-update-for-10-24-2023%3A-ostk-vfc-awi-ko,,30
MMM,Industrials,2020-03-10,2020-03-10,Masks Stored In Canada Expire Triggering Fears Of Shortages Amidst Coronavirus Scare,https://www.benzinga.com/news/20/03/15513815/masks-stored-in-canada-expire-triggering-fears-of-shortages-amidst-coronavirus-scare,Shivdeep Dhaliwal,5
MMM,Industrials,2020-05-07,2020-05-07,FDA Withdraws Approvals for Most of China's N95 Maskmakers,https://www.nasdaq.com/articles/fda-withdraws-approvals-for-most-of-chinas-n95-maskmakers-2020-05-07,,5
MMM,Industrials,2021-01-08,2021-01-08,"Dow Movers: MMM, CRM",https://www.nasdaq.com/articles/dow-movers%3A-mmm-crm-2021-01-08,,3
MMM,Industrials,2021-02-08,2021-02-08,MMM a Top Socially Responsible Dividend Stock With 3.3% Yield (MMM),https://www.nasdaq.com/articles/mmm-a-top-socially-responsible-dividend-stock-with-3.3-yield-mmm-2021-02-08,,3
MMM,Industrials,2021-07-26,2021-07-26,"S&P 500 edges up as investors eye key earnings, Fed meeting",https://www.nasdaq.com/articles/sp-500-edges-up-as-investors-eye-key-earnings-fed-meeting-2021-07-26,,6
MMM,Industrials,2022-07-28,2022-07-28,"Noteworthy ETF Inflows: DGRO, MMM, GS, TFC",https://www.nasdaq.com/articles/noteworthy-etf-inflows%3A-dgro-mmm-gs-tfc,,1
MMM,Industrials,2023-05-31,2023-05-31,3M Company (MMM) Is a Trending Stock: Facts to Know Before Betting on It,https://www.nasdaq.com/articles/3m-company-mmm-is-a-trending-stock%3A-facts-to-know-before-betting-on-it-1,,6
MMM,Industrials,2023-07-24,2023-07-24,Is 3M's 5.8% Dividend Yield Safe for Long-Term Investors?,https://www.nasdaq.com/articles/is-3ms-5.8-dividend-yield-safe-for-long-term-investors,,4
MMM,Industrials,2023-10-24,2023-10-24,3 Dow Jones Stocks Are Celebrating Tuesday Morning,https://www.nasdaq.com/articles/3-dow-jones-stocks-are-celebrating-tuesday-morning,,20
MRK,Healthcare,2020-02-07,2020-02-07,"Health Care Sector Update for 02/07/2020: JNJ, PFE, ABT, MRK, AMGN, ASRT, ZGNX, MYGN",https://www.nasdaq.com/articles/health-care-sector-update-for-02-07-2020%3A-jnj-pfe-abt-mrk-amgn-asrt-zgnx-mygn-2020-02-07,,3
MRK,Healthcare,2020-05-11,2020-05-11,"UPDATE: Cocrystal Says Collaboration With Merck For Discovery, Development Of Certain Proprietary Flu A/B Antiviral Agents Ongoing",https://www.benzinga.com/news/20/05/15999348/update-cocrystal-says-collaboration-with-merck-for-discovery-development-of-certain-proprietary-flu,Benzinga Newsdesk,6
MRK,Healthcare,2020-06-11,2020-06-11,"Shares of several healthcare companies are trading lower in sympathy with the overall market following an increase in coronavirus cases in some US states that have reopened, leading to concerns of a second wave of the virus.",https://www.benzinga.com/wiim/20/06/16233278/shares-of-several-healthcare-companies-are-trading-lower-in-sympathy-with-the-overall-market-followi,Benzinga Newsdesk,2
MRK,Healthcare,2021-12-02,2021-12-02,"REUTERS NEXT-NFTs next hit may be music industry, former manager for Elton John, Beyonce says",https://www.nasdaq.com/articles/reuters-next-nfts-next-hit-may-be-music-industry-former-manager-for-elton-john-beyonce,,5
MRK,Healthcare,2022-04-06,2022-04-06,Iovance (IOVA) to Seek FDA Nod for Melanoma Therapy in August,https://www.nasdaq.com/articles/iovance-iova-to-seek-fda-nod-for-melanoma-therapy-in-august,,4
MRK,Healthcare,2022-10-10,2022-10-10,Merck's blood vessel disorder drug succeeds in late-stage study,https://www.nasdaq.com/articles/mercks-blood-vessel-disorder-drug-succeeds-in-late-stage-study,,5
MRK,Healthcare,2022-12-01,2022-12-01,3 Reasons Growth Investors Will Love Merck (MRK),https://www.nasdaq.com/articles/3-reasons-growth-investors-will-love-merck-mrk,,6
MRK,Healthcare,2023-01-09,2023-01-09,FDA Accepts Pfizer's (PFE) sBLA Filing for Pneumococcal Jab,https://www.nasdaq.com/articles/fda-accepts-pfizers-pfe-sbla-filing-for-pneumococcal-jab,,3
MRK,Healthcare,2023-03-20,2023-03-18,Could This Be Merck's Next Blockbuster Drug?,https://www.nasdaq.com/articles/could-this-be-mercks-next-blockbuster-drug,,6
MRK,Healthcare,2023-06-05,2023-06-05,Why Merck is a Top Socially Responsible Dividend Stock (MRK),https://www.nasdaq.com/articles/why-merck-is-a-top-socially-responsible-dividend-stock-mrk,,5
MRK,Healthcare,2023-07-26,2023-07-26,"Daily Dividend Report: UNP,MRK,ETN,WFC,TFC",https://www.nasdaq.com/articles/daily-dividend-report%3A-unpmrketnwfctfc,,5
MRK,Healthcare,2023-07-31,2023-07-31,3 Pharma Stocks to Buy for Their Promising Progress,https://www.nasdaq.com/articles/3-pharma-stocks-to-buy-for-their-promising-progress,,10
MRK,Healthcare,2023-10-23,2023-10-22,"Japan's Nikkei drops, volatility spikes on Middle East concerns",https://www.nasdaq.com/articles/japans-nikkei-drops-volatility-spikes-on-middle-east-concerns,,10
MS,Financials,2020-01-13,2020-01-13,Earnings Time: Excitement Builds Ahead Of Big Bank Reporting Season Getting Underway,https://www.benzinga.com/news/earnings/20/01/15112698/earnings-time-excitement-builds-ahead-of-big-bank-reporting-season-getting-underway,JJ Kinahan,7
MS,Financials,2020-01-16,2020-01-16,Morgan Stanley Trades Higher On Q4 Earnings Beat,https://www.benzinga.com/news/earnings/20/01/15133358/morgan-stanley-trades-higher-on-q4-earnings-beat,Tanzeel Akhtar,26
MS,Financials,2020-04-03,2020-04-03,Why Avis Budget Group Plunged 57% in March,https://www.nasdaq.com/articles/why-avis-budget-group-plunged-57-in-march-2020-04-03,,7
MS,Financials,2020-06-01,2020-05-31,Better Buy: Amazon.com vs. Google,https://www.nasdaq.com/articles/better-buy%3A-amazon.com-vs.-google-2020-05-31,,5
MS,Financials,2021-07-01,2021-07-01,EXCLUSIVE -Mediaset wins TV rights for next 3 seasons of Italian Cup - sources,https://www.nasdaq.com/articles/exclusive-mediaset-wins-tv-rights-for-next-3-seasons-of-italian-cup-sources-2021-07-01,,11
MS,Financials,2021-07-08,2021-07-08,PREVIEW-U.S. banks to see big jump in 2Q profits before results return to normal,https://www.nasdaq.com/articles/preview-u.s.-banks-to-see-big-jump-in-2q-profits-before-results-return-to-normal-2021-07,,8
MS,Financials,2021-08-17,2021-08-17,MOVES-Citigroup poaches Shah from Credit Suisse to boost tech M&A,https://www.nasdaq.com/articles/moves-citigroup-poaches-shah-from-credit-suisse-to-boost-tech-ma-2021-08-17,,5
MS,Financials,2022-06-14,2022-06-14,"West Virginia threatens to bar big banks, Blackrock over perceived fossil fuel boycotts",https://www.nasdaq.com/articles/west-virginia-threatens-to-bar-big-banks-blackrock-over-perceived-fossil-fuel-boycotts,,3
MS,Financials,2022-10-21,2022-10-21,"2 Reasons to Buy Apple Stock, and 1 Reason to Sell",https://www.nasdaq.com/articles/2-reasons-to-buy-apple-stock-and-1-reason-to-sell,,3
MS,Financials,2023-05-09,2023-05-09,"GLOBAL MARKETS-Chinese data, U.S. debt ceiling worries push stocks down",https://www.nasdaq.com/articles/global-markets-chinese-data-u.s.-debt-ceiling-worries-push-stocks-down,,3
MS,Financials,2023-06-07,2023-06-07,Bank of America's (BAC) 2Q23 View Bleak Amid Industry Woes (Revised),https://www.nasdaq.com/articles/bank-of-americas-bac-2q23-view-bleak-amid-industry-woes-revised,,3
NEE,Utilities,2023-05-05,2023-05-05,IDACORP's (IDA) Q1 Earnings and Revenues Surpass Estimates,https://www.nasdaq.com/articles/idacorps-ida-q1-earnings-and-revenues-surpass-estimates,,3
NEE,Utilities,2023-09-28,2023-09-28,Don’t Miss the Boom: 3 Renewable Energy Stocks Set to Explode Higher,https://www.nasdaq.com/articles/dont-miss-the-boom%3A-3-renewable-energy-stocks-set-to-explode-higher,,9
NEM,Materials,2020-04-06,2020-04-06,First Majestic Revokes '20 Guidance on Coronavirus Concerns,http://www.zacks.com/stock/news/856901/first-majestic-revokes-20-guidance-on-coronavirus-concerns?cid=CS-BENZ-FT-analyst_blog|company_news_-_corporate_actions-856901,Zacks,2
NEM,Materials,2020-04-20,2020-04-20,"Barrick Issues Q1 Preliminary Results, to Meet 2020 Guidance",http://www.zacks.com/stock/news/880378/barrick-issues-q1-preliminary-results-to-meet-2020-guidance?cid=CS-BENZ-FT-analyst_blog|company_news_-_corporate_actions-880378,Zacks,2
NEM,Materials,2020-05-14,2020-05-14,Key Levels Still in Play with NFLX at All-Time Highs,https://talkmarkets.com/content/key-levels-still-in-play-with-nflx-at-all-time-highs?post=262149,TalkMarkets,4
NEM,Materials,2020-12-07,2020-12-07,"BUZZ-U.S. STOCKS ON THE MOVE-Obalon, Aptose, Greenland Technologies, Globus Maritime",https://www.nasdaq.com/articles/buzz-u.s.-stocks-on-the-move-obalon-aptose-greenland-technologies-globus-maritime-2020-12,,2
NEM,Materials,2023-01-03,2023-01-03,"S&P 500 Movers: TSLA, NEM",https://www.nasdaq.com/articles/sp-500-movers%3A-tsla-nem,,1
NEM,Materials,2023-04-27,2023-04-27,Newmont Corporation (NEM) Q1 Earnings Surpass Estimates,https://www.nasdaq.com/articles/newmont-corporation-nem-q1-earnings-surpass-estimates,,6
NEM,Materials,2023-06-20,2023-06-20,Newmont To Defer Full-funds Investment For Yanacocha Sulfides Project In Peru For At Least Two Years,https://www.nasdaq.com/articles/newmont-to-defer-full-funds-investment-for-yanacocha-sulfides-project-in-peru-for-at-least,,4
NEM,Materials,2023-08-22,2023-08-22,Unusual Put Option Trade in Newmont (NEM) Worth $260.75K,https://www.nasdaq.com/articles/unusual-put-option-trade-in-newmont-nem-worth-%24260.75k,,3
NEM,Materials,2023-10-26,2023-10-26,Newmont misses quarterly profit estimates,https://www.nasdaq.com/articles/newmont-misses-quarterly-profit-estimates,,6
NEM,Materials,2023-11-14,2023-11-14,The 7 Best Commodities Stocks to Buy Based on Expert Predictions,https://www.nasdaq.com/articles/the-7-best-commodities-stocks-to-buy-based-on-expert-predictions,,3
NKE,Consumer,2020-03-20,2020-03-20,3 Athletic Stocks to Buy Right Now,https://www.nasdaq.com/articles/3-athletic-stocks-to-buy-right-now-2020-03-20,,5
NKE,Consumer,2020-10-05,2020-10-03,Here's My Top Stock to Buy in October,https://www.nasdaq.com/articles/heres-my-top-stock-to-buy-in-october-2020-10-03,,5
NKE,Consumer,2020-12-14,2020-12-13,Here Are the 4 Biggest Consumer Trends to Look For in 2021,https://www.nasdaq.com/articles/here-are-the-4-biggest-consumer-trends-to-look-for-in-2021-2020-12-13,,8
NKE,Consumer,2020-12-21,2020-12-21,"Consumer Sector Update for 12/21/2020: NKE, FCAU, THO, XLP, XLY",https://www.nasdaq.com/articles/consumer-sector-update-for-12-21-2020%3A-nke-fcau-tho-xlp-xly-2020-12-21,,22
NKE,Consumer,2021-09-24,2021-09-24,Relative Strength Alert For Nike,https://www.nasdaq.com/articles/relative-strength-alert-for-nike-2021-09-24,,16
NKE,Consumer,2022-04-04,2022-04-02,1 Current and 1 Future Dividend Aristocrat to Buy and Hold Forever,https://www.nasdaq.com/articles/1-current-and-1-future-dividend-aristocrat-to-buy-and-hold-forever,,3
NKE,Consumer,2022-05-06,2022-05-06,US STOCKS-Wall Street eyes lower open as jobs data adds to rate hike worries,https://www.nasdaq.com/articles/us-stocks-wall-street-eyes-lower-open-as-jobs-data-adds-to-rate-hike-worries,,7
NKE,Consumer,2022-09-06,2022-09-06,Good Stocks To Invest In Right Now? 3 Consumer Discretionary Stocks To Watch,https://www.nasdaq.com/articles/good-stocks-to-invest-in-right-now-3-consumer-discretionary-stocks-to-watch,,3
NKE,Consumer,2023-02-10,2023-02-10,3 Stocks That Could Be Easy Wealth Builders,https://www.nasdaq.com/articles/3-stocks-that-could-be-easy-wealth-builders,,3
NKE,Consumer,2023-02-10,2023-02-10,Nike Stock Is Down 31% From Its High. Time to Buy?,https://www.nasdaq.com/articles/nike-stock-is-down-31-from-its-high.-time-to-buy,,3
NKE,Consumer,2023-02-28,2023-02-28,Things You Need to Know Ahead of Aaron's (AAN) Q4 Earnings,https://www.nasdaq.com/articles/things-you-need-to-know-ahead-of-aarons-aan-q4-earnings,,2
NKE,Consumer,2023-08-08,2023-08-08,Under Armour posts surprise profit on easing cost pressures,https://www.nasdaq.com/articles/under-armour-posts-surprise-profit-on-easing-cost-pressures,,3
NKE,Consumer,2023-09-15,2023-09-15,"You Can't Control Activist Investors, but You Can Control What You Do About Them",https://www.nasdaq.com/articles/you-cant-control-activist-investors-but-you-can-control-what-you-do-about-them,,3
NUE,Materials,2021-12-03,2021-12-03,US STOCKS-Futures edge lower ahead of payrolls report,https://www.nasdaq.com/articles/us-stocks-futures-edge-lower-ahead-of-payrolls-report,,6
NUE,Materials,2023-05-23,2023-05-23,U.S. Steel (X) Closes Financing of $240M for Big River 2,https://www.nasdaq.com/articles/u.s.-steel-x-closes-financing-of-%24240m-for-big-river-2,,5
NVDA,Tech,2021-08-23,2021-08-23,4 Top Tech Stocks To Watch In The Stock Market This Week,https://www.nasdaq.com/articles/4-top-tech-stocks-to-watch-in-the-stock-market-this-week-2021-08-23,,11
NVDA,Tech,2021-11-19,2021-11-19,Data Center Growth Is Still the Top Reason to Buy Nvidia Stock Now,https://www.nasdaq.com/articles/data-center-growth-is-still-the-top-reason-to-buy-nvidia-stock-now,,19
NVDA,Tech,2021-12-17,2021-12-17,Wall Street ends down after mostly negative week,https://www.nasdaq.com/articles/wall-street-ends-down-after-mostly-negative-week,,7
NVDA,Tech,2022-01-19,2022-01-19,My 3 Favorite Semiconductor ETFs to Buy in 2022,https://www.nasdaq.com/articles/my-3-favorite-semiconductor-etfs-to-buy-in-2022,,15
NVDA,Tech,2022-01-28,2022-01-28,Start Your Investing Resolutions Off Right With This Classic Stock Bundle,https://www.nasdaq.com/articles/start-your-investing-resolutions-off-right-with-this-classic-stock-bundle,,7
NVDA,Tech,2022-02-09,2022-02-09,"Stock Market Today: Nasdaq Recovery Continues as Comms, Tech Rebound",https://www.nasdaq.com/articles/stock-market-today%3A-nasdaq-recovery-continues-as-comms-tech-rebound,,13
NVDA,Tech,2022-02-23,2022-02-23,2 Top Metaverse Stocks Ready for a Bull Run,https://www.nasdaq.com/articles/2-top-metaverse-stocks-ready-for-a-bull-run-1,,9
NVDA,Tech,2022-03-24,2022-03-24,US STOCKS-Wall Street rises on tech boost; NATO summit in focus,https://www.nasdaq.com/articles/us-stocks-wall-street-rises-on-tech-boost-nato-summit-in-focus,,22
NVDA,Tech,2022-05-04,2022-05-04,Why Advanced Micro Devices Stock Fell 21.8% in April,https://www.nasdaq.com/articles/why-advanced-micro-devices-stock-fell-21.8-in-april,,13
NVDA,Tech,2022-06-21,2022-06-20,Wall Street Closes Worst Week In Two Years,https://www.nasdaq.com/articles/wall-street-closes-worst-week-in-two-years,,13
NVDA,Tech,2023-02-09,2023-02-09,3 Things About Nvidia That Smart Investors Know,https://www.nasdaq.com/articles/3-things-about-nvidia-that-smart-investors-know-2,,6
NVDA,Tech,2023-05-31,2023-05-31,3 Metaverse Stocks to Buy for a Virtual Reality Future,https://www.nasdaq.com/articles/3-metaverse-stocks-to-buy-for-a-virtual-reality-future,,46
NVDA,Tech,2023-06-12,2023-06-12,Nvidia: 5 Reasons the Tech Giant's Ascent is Far From Finished,https://www.nasdaq.com/articles/nvidia%3A-5-reasons-the-tech-giants-ascent-is-far-from-finished,,30
NVDA,Tech,2023-06-12,2023-06-11,"WALL ST WEEK AHEAD-Investors rethink recession plays, boosting U.S. stock market laggards",https://www.nasdaq.com/articles/wall-st-week-ahead-investors-rethink-recession-plays-boosting-u.s.-stock-market-laggards-0,,30
NVDA,Tech,2023-06-15,2023-06-15,Better AI Buy: Nvidia vs. Alphabet Stock,https://www.nasdaq.com/articles/better-ai-buy%3A-nvidia-vs.-alphabet-stock,,31
NVDA,Tech,2023-06-20,2023-06-20,NVIDIA and Tyson Foods have been highlighted as Zacks Bull and Bear of the Day,https://www.nasdaq.com/articles/nvidia-and-tyson-foods-have-been-highlighted-as-zacks-bull-and-bear-of-the-day,,47
NVDA,Tech,2023-07-20,2023-07-20,Mercury (MRCY) Receives $14M Contract From PIT-RADWAR S.A.,https://www.nasdaq.com/articles/mercury-mrcy-receives-%2414m-contract-from-pit-radwar-s.a.,,22
NVDA,Tech,2023-07-26,2023-07-26,7 ‘Monster’ Stocks to Buy Right Now,https://www.nasdaq.com/articles/7-monster-stocks-to-buy-right-now,,26
NVDA,Tech,2023-08-04,2023-08-04,"The Zacks Analyst Blog Highlights PayPal, Coinbase Global, NVIDIA and Accenture",https://www.nasdaq.com/articles/the-zacks-analyst-blog-highlights-paypal-coinbase-global-nvidia-and-accenture,,20
NVDA,Tech,2023-08-07,2023-08-07,US STOCKS-Wall St starts week higher; U.S. inflation in focus,https://www.nasdaq.com/articles/us-stocks-wall-st-starts-week-higher-u.s.-inflation-in-focus,,28
NVDA,Tech,2023-08-31,2023-08-31,U.S. denies blocking chip sales to Middle East,https://www.nasdaq.com/articles/u.s.-denies-blocking-chip-sales-to-middle-east,,36
NVDA,Tech,2023-09-08,2023-09-08,"What Nvidia, Intel, AMD, ASML, and Qualcomm Stock Investors Should Know About Recent Updates",https://www.nasdaq.com/articles/what-nvidia-intel-amd-asml-and-qualcomm-stock-investors-should-know-about-recent-updates,,22
NVDA,Tech,2023-10-02,2023-10-02,"What Cloudflare, Micron, and Nvidia Stock Investors Should Know About Recent Semiconductor Updates",https://www.nasdaq.com/articles/what-cloudflare-micron-and-nvidia-stock-investors-should-know-about-recent-semiconductor,,39
NVDA,Tech,2023-10-23,2023-10-22,"Missed Out on Nvidia? 1 Artificial Intelligence (AI) Stock Could Be the ""Fastest-Growing Software Company,"" According to This Wall Street Analyst",https://www.nasdaq.com/articles/missed-out-on-nvidia-1-artificial-intelligence-ai-stock-could-be-the-fastest-growing,,32
NVDA,Tech,2023-10-24,2023-10-24,Nvidia (NVDA) Outpaces Stock Market Gains: What You Should Know,https://www.nasdaq.com/articles/nvidia-nvda-outpaces-stock-market-gains%3A-what-you-should-know-11,,26
NVDA,Tech,2023-11-15,2023-11-15,Cambium (CMBM) Solution to Boost Connectivity in Rural Areas,https://www.nasdaq.com/articles/cambium-cmbm-solution-to-boost-connectivity-in-rural-areas,,22
NVDA,Tech,2023-11-24,2023-11-24,Nvidia Earnings Beat: A Hidden Opportunity Amid Muted Market Reaction?,https://www.nasdaq.com/articles/nvidia-earnings-beat%3A-a-hidden-opportunity-amid-muted-market-reaction,,54
NVDA,Tech,2023-12-01,2023-12-01,"Stock Market News for Dec 1, 2023",https://www.nasdaq.com/articles/stock-market-news-for-dec-1-2023,,17
O,RealEstate,2020-02-27,2020-02-27,100 Stocks Moving In Thursday's Mid-Day Session,https://www.benzinga.com/news/20/02/15431271/100-stocks-moving-in-thursdays-mid-day-session,Lisa Levin,5
O,RealEstate,2021-01-27,2021-01-27,"Ex-Dividend Reminder: Realty Income, Aon and Vornado Realty Trust",https://www.nasdaq.com/articles/ex-dividend-reminder%3A-realty-income-aon-and-vornado-realty-trust-2021-01-27,,1
O,RealEstate,2021-10-22,2021-10-22,7 of the Best Dividend Stocks for Passive Income,https://www.nasdaq.com/articles/7-of-the-best-dividend-stocks-for-passive-income-2021-10-22,,1
O,RealEstate,2021-12-30,2021-12-30,"Realty Income Corporation (O) Ex-Dividend Date Scheduled for December 31, 2021",https://www.nasdaq.com/articles/realty-income-corporation-o-ex-dividend-date-scheduled-for-december-31-2021,,2
O,RealEstate,2022-06-14,2022-06-14,Realty Income Enters Oversold Territory,https://www.nasdaq.com/articles/realty-income-enters-oversold-territory,,1
O,RealEstate,2023-02-21,2023-02-21,Realty Income to invest $1 bln for vertical farming with startup Plenty,https://www.nasdaq.com/articles/realty-income-to-invest-%241-bln-for-vertical-farming-with-startup-plenty,,9
O,RealEstate,2023-02-27,2023-02-27,Where Will Realty Income Be in 5 Years?,https://www.nasdaq.com/articles/where-will-realty-income-be-in-5-years,,2
O,RealEstate,2023-07-28,2023-07-28,Here's How Broadstone Net Lease Can Afford Its 6.6% Dividend Yield,https://www.nasdaq.com/articles/heres-how-broadstone-net-lease-can-afford-its-6.6-dividend-yield,,1
OXY,Energy,2020-02-04,2020-02-04,Occidental Petroleum (OXY) Gains But Lags Market: What You Should Know,http://www.zacks.com/stock/news/749349/occidental-petroleum-oxy-gains-but-lags-market-what-you-should-know?cid=CS-BENZ-FT-tale_of_the_tape|yseop_template_6-749349,Zacks,4
OXY,Energy,2020-03-12,2020-03-12,Occidental Petroleum (OXY) Gains As Market Dips: What You Should Know,http://www.zacks.com/stock/news/810215/occidental-petroleum-oxy-gains-as-market-dips-what-you-should-know?cid=CS-BENZ-FT-tale_of_the_tape|yseop_template_6-810215,Zacks,19
OXY,Energy,2020-03-12,2020-03-12,Carl Icahn Boosts Occidental Stake To Almost 10%,https://www.benzinga.com/news/20/03/15533719/carl-icahn-boosts-occidental-stake-to-almost-10,Charles Gross,19
OXY,Energy,2020-03-12,2020-03-12,3 Stocks Buffett Likely Bought During This Correction,https://www.nasdaq.com/articles/3-stocks-buffett-likely-bought-during-this-correction-2020-03-12,,19
OXY,Energy,2020-03-31,2020-03-31,"The Zacks Analyst Blog Highlights: Occidental, Diamondback, Marathon, Schlumberger and Transocean",http://www.zacks.com/stock/news/847344/the-zacks-analyst-blog-highlights-occidental-diamondback-marathon-schlumberger-and-transocean?cid=CS-BENZ-FT-press_releases-847344,Zacks,8
OXY,Energy,2020-04-07,2020-04-07,Continental Resources suspends dividend amid coronavirus woes,https://www.nasdaq.com/articles/continental-resources-suspends-dividend-amid-coronavirus-woes-2020-04-07-0,,7
OXY,Energy,2020-04-16,2020-04-16,Is Occidental Petroleum Stock a Buy?,https://www.nasdaq.com/articles/is-occidental-petroleum-stock-a-buy-2020-04-16,,8
OXY,Energy,2021-12-02,2021-12-02,"Energy Sector Update for 12/02/2021: WEC,RNW,CEI,OXY",https://www.nasdaq.com/articles/energy-sector-update-for-12-02-2021%3A-wecrnwceioxy,,4
OXY,Energy,2022-02-09,2022-02-09,"Zacks Industry Outlook Highlights ConocoPhillips, Occidental Petroleum, Hess Corp and Marathon Oil Corp",https://www.nasdaq.com/articles/zacks-industry-outlook-highlights-conocophillips-occidental-petroleum-hess-corp-and,,6
OXY,Energy,2022-02-11,2022-02-11,Occidental Petroleum Corp. Shares Climb 1.6% Past Previous 52-Week High - Market Mover,https://www.nasdaq.com/articles/occidental-petroleum-corp.-shares-climb-1.6-past-previous-52-week-high-market-mover,,2
OXY,Energy,2022-09-15,2022-09-15,Why Oil Stocks Were in Retreat Today,https://www.nasdaq.com/articles/why-oil-stocks-were-in-retreat-today,,4
OXY,Energy,2023-02-28,2023-02-28,"Daily Dividend Report: UBSI,GNTX,OXY,VMI,CNMD",https://www.nasdaq.com/articles/daily-dividend-report%3A-ubsigntxoxyvmicnmd,,6
OXY,Energy,2023-04-03,2023-04-02,This 7%-Yielding Dividend Has the Fuel to Keep Growing Until at Least 2030,https://www.nasdaq.com/articles/this-7-yielding-dividend-has-the-fuel-to-keep-growing-until-at-least-2030,,16
OXY,Energy,2023-04-05,2023-04-05,3 Must-Have Oil Stocks to Buy After OPEC Production Cuts,https://www.nasdaq.com/articles/3-must-have-oil-stocks-to-buy-after-opec-production-cuts,,6
OXY,Energy,2023-06-26,2023-06-24,This Warning Could Mean Big Trouble Is Ahead for Oil Stocks by 2030,https://www.nasdaq.com/articles/this-warning-could-mean-big-trouble-is-ahead-for-oil-stocks-by-2030,,3
OXY,Energy,2023-10-10,2023-10-10,OXY Stock: A Buffett Pick With Huge Upside Potential,https://www.nasdaq.com/articles/oxy-stock%3A-a-buffett-pick-with-huge-upside-potential,,3
OXY,Energy,2023-11-06,2023-11-06,2 Stocks Warren Buffett Is Selling and the 1 Surprising Stock He Can't Stop Buying,https://www.nasdaq.com/articles/2-stocks-warren-buffett-is-selling-and-the-1-surprising-stock-he-cant-stop-buying,,4
PLD,RealEstate,2022-03-18,2022-03-18,"Noteworthy ETF Outflows: IYR, PLD, AMT, CCI",https://www.nasdaq.com/articles/noteworthy-etf-outflows%3A-iyr-pld-amt-cci,,2
PLD,RealEstate,2023-12-04,2023-12-04,Validea Detailed Fundamental Analysis - PLD,https://www.nasdaq.com/articles/validea-detailed-fundamental-analysis-pld-2,,2
PSA,RealEstate,2020-04-06,2020-04-06,"First US Payroll Crash Since 2010: What's Hot, What's Not",http://www.zacks.com/stock/news/856918/first-us-payroll-crash-since-2010-whats-hot-whats-not?cid=CS-BENZ-FT-analyst_blog|investment_ideas-856918,Zacks,3
PSA,RealEstate,2022-05-03,2022-05-03,"Public Storage Reports Climb In Q1 Bottom Line, Beats estimates",https://www.nasdaq.com/articles/public-storage-reports-climb-in-q1-bottom-line-beats-estimates,,3
QCOM,Tech,2021-03-19,2021-03-19,Airspan Stock Is Going Public Via a SPAC: Should You Buy Shares Now or Wait?,https://www.nasdaq.com/articles/airspan-stock-is-going-public-via-a-spac%3A-should-you-buy-shares-now-or-wait-2021-03-19,,1
QCOM,Tech,2021-08-05,2021-08-05,Qualcomm Proposes To Acquire Veoneer; Offer Represents 18% Premium To Magna Offer,https://www.nasdaq.com/articles/qualcomm-proposes-to-acquire-veoneer-offer-represents-18-premium-to-magna-offer-2021-08-05,,7
QCOM,Tech,2021-12-09,2021-12-09,"Nasdaq 100 Movers: PTON, DOCU",https://www.nasdaq.com/articles/nasdaq-100-movers%3A-pton-docu,,4
QCOM,Tech,2023-05-24,2023-05-24,"Top Research Reports for AbbVie, Intel & Qualcomm",https://www.nasdaq.com/articles/top-research-reports-for-abbvie-intel-qualcomm,,3
QCOM,Tech,2023-06-26,2023-06-26,"Why PayPal, CrowdStrike, and 2 Semiconductor Stocks Are on My Watch List This Week",https://www.nasdaq.com/articles/why-paypal-crowdstrike-and-2-semiconductor-stocks-are-on-my-watch-list-this-week,,7
QCOM,Tech,2023-10-05,2023-10-05,QUALCOMM Incorporated (QCOM) Is a Trending Stock: Facts to Know Before Betting on It,https://www.nasdaq.com/articles/qualcomm-incorporated-qcom-is-a-trending-stock%3A-facts-to-know-before-betting-on-it-5,,6
QCOM,Tech,2023-10-30,2023-10-30,Apple introduces new MacBook Pro and M3 chip family,https://www.nasdaq.com/articles/apple-introduces-new-macbook-pro-and-m3-chip-family,,11
SBUX,Consumer,2020-01-28,2020-01-28,"Starbucks Q1 Adj. EPS $0.79 Beats $0.75 Estimate, Sales $7.097B Miss $7.1B Estimate",https://www.benzinga.com/news/earnings/20/01/15202969/starbucks-q1-adj-eps-0-79-beats-0-75-estimate-sales-7-097b-miss-7-1b-estimate,Benzinga Newsdesk,20
SBUX,Consumer,2020-03-10,2020-03-10,Why I'm Holding Starbucks Stock No Matter What,https://www.nasdaq.com/articles/why-im-holding-starbucks-stock-no-matter-what-2020-03-10,,5
SBUX,Consumer,2020-04-27,2020-04-27,Retailers and Restaurants Leery of Reopening Even When Allowed,https://www.nasdaq.com/articles/retailers-and-restaurants-leery-of-reopening-even-when-allowed-2020-04-27,,18
SBUX,Consumer,2020-08-31,2020-08-31,Starbucks Reaches Analyst Target Price,https://www.nasdaq.com/articles/starbucks-reaches-analyst-target-price-2020-08-31,,2
SBUX,Consumer,2020-11-16,2020-11-16,"Luckin Coffee Is Soaring, But Investors Shouldn’t Be Fooled",https://www.nasdaq.com/articles/luckin-coffee-is-soaring-but-investors-shouldnt-be-fooled,,5
SBUX,Consumer,2020-11-17,2020-11-17,"Up 10% In 2020, Does McDonald's Stock Have More Upside?",https://www.nasdaq.com/articles/up-10-in-2020-does-mcdonalds-stock-have-more-upside-2020-11-17,,2
SBUX,Consumer,2021-03-17,2021-03-17,Starbucks 2021 Annual Meeting Of Shareholders At 1:00 PM ET,https://www.nasdaq.com/articles/starbucks-2021-annual-meeting-of-shareholders-at-1%3A00-pm-et-2021-03-17,,2
SBUX,Consumer,2021-05-06,2021-05-06,3 Growing Stocks That Recently Raised Their Guidance for 2021,https://www.nasdaq.com/articles/3-growing-stocks-that-recently-raised-their-guidance-for-2021-2021-05-06,,5
SBUX,Consumer,2021-11-05,2021-11-05,Black Rifle Coffee and SPACs are a logical blend,https://www.nasdaq.com/articles/black-rifle-coffee-and-spacs-are-a-logical-blend-2021-11-05,,4
SBUX,Consumer,2022-04-04,2022-04-04,"US STOCKS-S&P 500, Nasdaq climb as growth stocks, Twitter jump",https://www.nasdaq.com/articles/us-stocks-sp-500-nasdaq-climb-as-growth-stocks-twitter-jump,,17
SBUX,Consumer,2022-09-12,2022-09-11,California's Minimum Wage May Rise to $22 Next Year. Is Starbucks Still a Buy?,https://www.nasdaq.com/articles/californias-minimum-wage-may-rise-to-%2422-next-year.-is-starbucks-still-a-buy,,4
SBUX,Consumer,2023-07-19,2023-07-19,Wells Fargo Maintains Starbucks (SBUX) Overweight Recommendation,https://www.nasdaq.com/articles/wells-fargo-maintains-starbucks-sbux-overweight-recommendation-0,,5
SBUX,Consumer,2023-11-16,2023-11-16,Starbucks employees at hundreds of US stores walkout on 'Red Cup' day,https://www.nasdaq.com/articles/starbucks-employees-at-hundreds-of-us-stores-walkout-on-red-cup-day,,5
SHW,Materials,2020-01-30,2020-01-30,"Q4 GDP 2.1%, In-Line with Q3; Plus Q4 Earnings from VZ, KO & More",http://www.zacks.com/stock/news/740766/q4-gdp-21-in-line-with-q3-plus-q4-earnings-from-vz-ko-more?cid=CS-BENZ-FT-ahead_of_wall_street-740766,Zacks,12
SHW,Materials,2020-05-22,2020-05-22,2 Real Deal Stocks to Buy Now,https://www.nasdaq.com/articles/2-real-deal-stocks-to-buy-now-2020-05-22,,1
SHW,Materials,2021-04-19,2021-04-18,3 Materials Stocks Worth Adding to Your Portfolio,https://www.nasdaq.com/articles/3-materials-stocks-worth-adding-to-your-portfolio-2021-04-18,,1
SLB,Energy,2020-03-02,2020-03-02,"Shares of several oil companies are trading lower amid the global coronavirus outlook, which has hampered the outlook for oil demand and pressured prices.",https://www.benzinga.com/wiim/20/03/15456616/shares-of-several-oil-companies-are-trading-lower-amid-the-global-coronavirus-outlook-which-has-hamp,Benzinga Newsdesk,2
SLB,Energy,2020-05-08,2020-05-08,"Security National Bank Of So Dak Buys Vanguard Growth, iShares Select Dividend ETF, Vanguard ...",http://www.gurufocus.com/news/1131273/security-national-bank-of-so-dak-buys-vanguard-growth-ishares-select-dividend-etf-vanguard-value-sells-vanguard-ftse-all-world-ex-us-vanguard-total-world-stock-index-vanguard-midcap,GuruFocus,8
SLB,Energy,2020-12-01,2020-12-01,Halliburton's Stock Jumps 16% – Should You Get In?,https://www.nasdaq.com/articles/halliburtons-stock-jumps-16-should-you-get-in-2020-12-01,,1
SLB,Energy,2021-01-22,2021-01-22,Schlumberger Q4 20 Earnings Conference Call At 8:30 AM ET,https://www.nasdaq.com/articles/schlumberger-q4-20-earnings-conference-call-at-8%3A30-am-et-2021-01-22,,8
SLB,Energy,2022-03-01,2022-03-01,Top oil service firms could easily replace lost Russian business -U.S. expert,https://www.nasdaq.com/articles/top-oil-service-firms-could-easily-replace-lost-russian-business-u.s.-expert,,1
SLB,Energy,2023-01-03,2023-01-03,Will These 5 Energy Stocks See Another Bull Run in 2023?,https://www.nasdaq.com/articles/will-these-5-energy-stocks-see-another-bull-run-in-2023,,4
SLB,Energy,2023-01-09,2023-01-09,How to Find Strong Oils and Energy Stocks Slated for Positive Earnings Surprises,https://www.nasdaq.com/articles/how-to-find-strong-oils-and-energy-stocks-slated-for-positive-earnings-surprises-3,,1
SO,Utilities,2020-01-28,2020-01-28,Stocks That Hit 52-Week Highs On Tuesday,https://www.benzinga.com/news/20/01/15199704/stocks-that-hit-52-week-highs-on-tuesday,Lisa Levin,5
SO,Utilities,2023-01-12,2023-01-12,Southern Co. (SO) Stock Sinks As Market Gains: What You Should Know,https://www.nasdaq.com/articles/southern-co.-so-stock-sinks-as-market-gains%3A-what-you-should-know-0,,2
SO,Utilities,2023-10-06,2023-10-06,"The Zacks Analyst Blog Highlights American Water Works, Vistra, Pinnacle West Capital, OGE Energy and The Southern",https://www.nasdaq.com/articles/the-zacks-analyst-blog-highlights-american-water-works-vistra-pinnacle-west-capital-oge,,3
T,Comm,2020-02-06,2020-02-06,5 Total Yield Dividend Stocks That Offer Attractive Returns,https://www.nasdaq.com/articles/5-total-yield-dividend-stocks-that-offer-attractive-returns-2020-02-06,,4
T,Comm,2020-02-20,2020-02-20,Better Buy: Bank of America vs. Wells Fargo,https://www.nasdaq.com/articles/better-buy%3A-bank-of-america-vs.-wells-fargo-2020-02-20,,4
T,Comm,2020-05-04,2020-05-04,3 Top Stocks That Will Make You Richer in May (and Beyond),https://www.nasdaq.com/articles/3-top-stocks-that-will-make-you-richer-in-may-and-beyond-2020-05-04,,5
T,Comm,2020-06-10,2020-06-10,HBO Max Pulls 'Gone With the Wind' From Movie Library,https://www.nasdaq.com/articles/hbo-max-pulls-gone-with-the-wind-from-movie-library-2020-06-10,,2
T,Comm,2020-06-12,2020-06-12,"AT&T seeks sale for Warner Bros. gaming unit, could fetch about $4 bln - CNBC",https://www.nasdaq.com/articles/att-seeks-sale-for-warner-bros.-gaming-unit-could-fetch-about-%244-bln-cnbc-2020-06-12,,3
T,Comm,2020-09-24,2020-09-24,The 5 Best 5G Stocks to Buy Right Now,https://www.nasdaq.com/articles/the-5-best-5g-stocks-to-buy-right-now-2020-09-24,,5
T,Comm,2021-01-25,2021-01-24,Will SpaceX's Starlink Kill the Cable Industry?,https://www.nasdaq.com/articles/will-spacexs-starlink-kill-the-cable-industry-2021-01-24,,14
T,Comm,2021-04-28,2021-04-28,Best Stocks To Invest In 2021? 4 Dividend Stocks To Watch,https://www.nasdaq.com/articles/best-stocks-to-invest-in-2021-4-dividend-stocks-to-watch-2021-04-28,,6
T,Comm,2021-05-18,2021-05-18,Daily Markets: Tech Stocks Rebound; Home Depot (HD) Crushes Earnings,https://www.nasdaq.com/articles/daily-markets%3A-tech-stocks-rebound-home-depot-hd-crushes-earnings-2021-05-18,,20
T,Comm,2021-06-02,2021-06-02,Better Buy: Spotify vs. T-Mobile,https://www.nasdaq.com/articles/better-buy%3A-spotify-vs.-t-mobile-2021-06-02,,4
T,Comm,2022-12-19,2022-12-19,"Monday Sector Laggards: Services, Technology & Communications",https://www.nasdaq.com/articles/monday-sector-laggards%3A-services-technology-communications-4,,8
T,Comm,2023-07-20,2023-07-20,Wells Fargo Maintains AT&T (T) Overweight Recommendation,https://www.nasdaq.com/articles/wells-fargo-maintains-att-t-overweight-recommendation,,8
T,Comm,2023-10-19,2023-10-19,4 Stocks That Are Absurdly Cheap Right Now,https://www.nasdaq.com/articles/4-stocks-that-are-absurdly-cheap-right-now,,27
T,Comm,2023-12-06,2023-12-06,The Investor’s Wishlist: 3 Dividend Stocks to Buy for a Prosperous New Year,https://www.nasdaq.com/articles/the-investors-wishlist%3A-3-dividend-stocks-to-buy-for-a-prosperous-new-year,,8
TMUS,Comm,2020-11-06,2020-11-06,US STOCKS-Wall St pauses as Biden edges closer to victory,https://www.nasdaq.com/articles/us-stocks-wall-st-pauses-as-biden-edges-closer-to-victory-2020-11-06,,17
TMUS,Comm,2022-10-10,2022-10-10,Why T-Mobile Stock Was Up on a Down Day for the Market,https://www.nasdaq.com/articles/why-t-mobile-stock-was-up-on-a-down-day-for-the-market,,1
TMUS,Comm,2023-03-16,2023-03-16,"Nasdaq 100 Movers: REGN, INTC",https://www.nasdaq.com/articles/nasdaq-100-movers%3A-regn-intc,,5
TMUS,Comm,2023-08-22,2023-08-22,Nokia (NOK) Launches Improved Home Connectivity Software,https://www.nasdaq.com/articles/nokia-nok-launches-improved-home-connectivity-software,,1
TTWO,Comm,2023-07-24,2023-07-24,Video Game Stocks Could Heat Up if Microsoft-Activision Blizzard Deal Closes,https://www.nasdaq.com/articles/video-game-stocks-could-heat-up-if-microsoft-activision-blizzard-deal-closes,,1
UPS,Industrials,2020-02-06,2020-02-06,How Amazon.com Plans to Add Electric Vehicles to Its Delivery Fleet,https://www.nasdaq.com/articles/how-amazon.com-plans-to-add-electric-vehicles-to-its-delivery-fleet-2020-02-06,,3
UPS,Industrials,2020-04-28,2020-04-28,United Parcel Service Q1 20 Earnings Conference Call At 8:30 AM ET,https://www.nasdaq.com/articles/united-parcel-service-q1-20-earnings-conference-call-at-8%3A30-am-et-2020-04-28,,19
UPS,Industrials,2020-10-26,2020-10-26,5 Stocks to Buy Now for a Post-Pandemic Era,https://www.nasdaq.com/articles/5-stocks-to-buy-now-for-a-post-pandemic-era-2020-10-26,,3
UPS,Industrials,2021-02-02,2021-02-02,"US STOCKS-Wall St gains ahead of Amazon, Alphabet results; stimulus hopes a boost",https://www.nasdaq.com/articles/us-stocks-wall-st-gains-ahead-of-amazon-alphabet-results-stimulus-hopes-a-boost-2021-02-02,,13
UPS,Industrials,2021-02-08,2021-02-08,EXCLUSIVE-Electric truck maker Xos in deal talks to go public -sources,https://www.nasdaq.com/articles/exclusive-electric-truck-maker-xos-in-deal-talks-to-go-public-sources-2021-02-08,,6
UPS,Industrials,2022-03-30,2022-03-30,"Top Stock Market News For Today March 30, 2022",https://www.nasdaq.com/articles/top-stock-market-news-for-today-march-30-2022,,3
UPS,Industrials,2023-06-21,2023-06-21,"Noteworthy ETF Outflows: OEF, INTC, LOW, UPS",https://www.nasdaq.com/articles/noteworthy-etf-outflows%3A-oef-intc-low-ups,,7
USB,Financials,2020-06-25,2020-06-25,August 7th Options Now Available For US Bancorp (USB),https://www.nasdaq.com/articles/august-7th-options-now-available-for-us-bancorp-usb-2020-06-25,,4
USB,Financials,2021-07-15,2021-07-15,"Financial Sector Update for 07/15/2021: PGR, MS, USB, XLF, FAS, FAZ",https://www.nasdaq.com/articles/financial-sector-update-for-07-15-2021%3A-pgr-ms-usb-xlf-fas-faz-2021-07-15,,5
USB,Financials,2022-05-26,2022-05-26,3 Dividend Stocks That Can Help You Crush Inflation,https://www.nasdaq.com/articles/3-dividend-stocks-that-can-help-you-crush-inflation,,2
USB,Financials,2022-09-13,2022-09-13,Wells Fargo CFO says there will be stress as economy slows,https://www.nasdaq.com/articles/wells-fargo-cfo-says-there-will-be-stress-as-economy-slows,,1
USB,Financials,2022-12-08,2022-12-08,2 Ways Warren Buffett and Other Smart Investors Can Prep for 2023,https://www.nasdaq.com/articles/2-ways-warren-buffett-and-other-smart-investors-can-prep-for-2023,,1
USB,Financials,2023-05-08,2023-05-08,Goldman Sachs Maintains U.S. Bancorp (USB) Neutral Recommendation,https://www.nasdaq.com/articles/goldman-sachs-maintains-u.s.-bancorp-usb-neutral-recommendation,,4
USB,Financials,2023-08-08,2023-08-08,"Here's Why U.S. Bancorp, KeyCorp, and Truist Financial Are Falling on Tuesday",https://www.nasdaq.com/articles/heres-why-u.s.-bancorp-keycorp-and-truist-financial-are-falling-on-tuesday,,15
V,Financials,2020-05-15,2020-05-15,"Odey Holdings AG Buys Regeneron Pharmaceuticals Inc, Amazon. ...",http://www.gurufocus.com/news/1138814/odey-holdings-ag-buys-regeneron-pharmaceuticals-inc-amazoncom-inc-facebook-inc-sells-barrick-gold-corp-the-stars-group-inc,GuruFocus,12
V,Financials,2020-06-02,2020-06-02,"BUZZ-U.S. STOCKS ON THE MOVE-Visa, MoneyGram, Trevena, Seadrill",https://www.nasdaq.com/articles/buzz-u.s.-stocks-on-the-move-visa-moneygram-trevena-seadrill-2020-06-02,,10
V,Financials,2020-06-05,2020-06-05,Shares of several companies in the broader technology space are trading higher as markets rally following strong US jobs data.,https://www.benzinga.com/wiim/20/06/16191262/shares-of-several-companies-in-the-broader-technology-space-are-trading-higher-as-markets-rally-foll,Benzinga Newsdesk,5
V,Financials,2020-12-01,2020-12-01,BlockFi partners with Visa to launch bitcoin rewards credit card,https://www.nasdaq.com/articles/blockfi-partners-with-visa-to-launch-bitcoin-rewards-credit-card-2020-12-01,,1
V,Financials,2022-04-27,2022-04-27,"US STOCKS-S&P 500 ends higher, supported by Microsoft",https://www.nasdaq.com/articles/us-stocks-sp-500-ends-higher-supported-by-microsoft,,18
V,Financials,2022-06-30,2022-06-30,7 Beaten-Down S&P 500 Stocks to Buy Before They Rebound,https://www.nasdaq.com/articles/7-beaten-down-sp-500-stocks-to-buy-before-they-rebound,,4
V,Financials,2023-03-20,2023-03-20,3 Great ETFs to Invest in the Fintech Revolution,https://www.nasdaq.com/articles/3-great-etfs-to-invest-in-the-fintech-revolution,,3
V,Financials,2023-10-24,2023-10-24,Visa Q4 23 Earnings Conference Call At 5:00 PM ET,https://www.nasdaq.com/articles/visa-q4-23-earnings-conference-call-at-5%3A00-pm-et,,10
WFC,Financials,2020-01-28,2020-01-28,See Which Of The Latest 13F Filers Holds Wells Fargo,https://www.nasdaq.com/articles/see-which-of-the-latest-13f-filers-holds-wells-fargo-2020-01-28,,7
WFC,Financials,2020-03-25,2020-03-25,JPMorgan Strategist Predicts Markets Will Surge 40%,https://www.nasdaq.com/articles/jpmorgan-strategist-predicts-markets-will-surge-40-2020-03-25,,4
WFC,Financials,2020-05-11,2020-05-11,Stocks That Hit 52-Week Lows On Monday,https://www.benzinga.com/news/20/05/16001031/stocks-that-hit-52-week-lows-on-monday,Benzinga Insights,5
WFC,Financials,2020-07-14,2020-07-14,Wall Street banks see trading-revenue renaissance ending soon,https://www.nasdaq.com/articles/wall-street-banks-see-trading-revenue-renaissance-ending-soon-2020-07-14,,32
WFC,Financials,2020-08-25,2020-08-25,15 Stocks to Buy Now for a ‘Vaxtober Surprise’,https://www.nasdaq.com/articles/15-stocks-to-buy-now-for-a-vaxtober-surprise-2020-08-25,,2
WFC,Financials,2020-09-30,2020-09-30,"US STOCKS-Wall Street jumps on stimulus hopes, upbeat data",https://www.nasdaq.com/articles/us-stocks-wall-street-jumps-on-stimulus-hopes-upbeat-data-2020-09-30-0,,4
WFC,Financials,2021-01-27,2021-01-27,Wells Fargo Maintains Quarterly Dividend,https://www.nasdaq.com/articles/wells-fargo-maintains-quarterly-dividend-2021-01-27,,2
WFC,Financials,2021-10-04,2021-10-03,Warren Buffett's Best-Performing Stocks So Far This Year: Are They Still Buys?,https://www.nasdaq.com/articles/warren-buffetts-best-performing-stocks-so-far-this-year%3A-are-they-still-buys-2021-10-03,,2
WFC,Financials,2022-10-07,2022-10-07,"PREVIEW-U.S. banks' Q3 profits set to shrink on economic risks, deal slump",https://www.nasdaq.com/articles/preview-u.s.-banks-q3-profits-set-to-shrink-on-economic-risks-deal-slump,,4
WFC,Financials,2023-03-07,2023-03-07,"Noteworthy Tuesday Option Activity: VTRS, WFC, QCOM",https://www.nasdaq.com/articles/noteworthy-tuesday-option-activity%3A-vtrs-wfc-qcom,,4
WFC,Financials,2023-05-19,2023-05-19,iShares S&P 500 Value ETF Experiences Big Outflow,https://www.nasdaq.com/articles/ishares-sp-500-value-etf-experiences-big-outflow-1,,3
WFC,Financials,2023-07-03,2023-07-03,"Wells Fargo (WFC) Hikes Dividend by 17%, To Continue Buybacks",https://www.nasdaq.com/articles/wells-fargo-wfc-hikes-dividend-by-17-to-continue-buybacks,,7
WFC,Financials,2023-07-18,2023-07-18,New York City pension chief urges pay clawbacks at Bank of America,https://www.nasdaq.com/articles/new-york-city-pension-chief-urges-pay-clawbacks-at-bank-of-america,,14
WMT,Consumer,2020-01-07,2020-01-07,"Noteworthy ETF Outflows: XLP, KO, PEP, WMT",https://www.nasdaq.com/articles/noteworthy-etf-outflows%3A-xlp-ko-pep-wmt-2020-01-07,,5
WMT,Consumer,2020-01-21,2020-01-21,It’s Time to Go Long Amarin Stock After Recent Headlines,https://www.nasdaq.com/articles/its-time-to-go-long-amarin-stock-after-recent-headlines-2020-01-21,,8
WMT,Consumer,2020-02-18,2020-02-16,3 Things to Watch in the Stock Market This Week,https://www.nasdaq.com/articles/3-things-to-watch-in-the-stock-market-this-week-2020-02-16,,18
WMT,Consumer,2020-02-19,2020-02-19,Buffett Goes Grocery Shopping,https://www.nasdaq.com/articles/buffett-goes-grocery-shopping-2020-02-19,,7
WMT,Consumer,2020-02-26,2020-02-26,Better Buy: Amazon vs. Walmart,https://www.nasdaq.com/articles/better-buy%3A-amazon-vs.-walmart-2020-02-26,,12
WMT,Consumer,2020-06-17,2020-06-17,The Winners and Losers From the May Retail Sales Report,https://www.nasdaq.com/articles/the-winners-and-losers-from-the-may-retail-sales-report-2020-06-17,,8
WMT,Consumer,2020-07-08,2020-07-08,Amazon India's unit gets $308 mln in fresh funds from parent,https://www.nasdaq.com/articles/amazon-indias-unit-gets-%24308-mln-in-fresh-funds-from-parent-2020-07-08,,8
WMT,Consumer,2020-10-22,2020-10-22,These 3 Stocks Could Be Huge Winners From Another Round of Stimulus Checks,https://www.nasdaq.com/articles/these-3-stocks-could-be-huge-winners-from-another-round-of-stimulus-checks-2020-10-22,,11
WMT,Consumer,2020-12-28,2020-12-28,U.S. government appeals order blocking TikTok restrictions,https://www.nasdaq.com/articles/u.s.-government-appeals-order-blocking-tiktok-restrictions-2020-12-28,,11
WMT,Consumer,2021-01-19,2021-01-19,Western Union Gains 3% On Walmart Deal,https://www.nasdaq.com/articles/western-union-gains-3-on-walmart-deal-2021-01-19,,20
WMT,Consumer,2021-03-12,2021-03-12,Amazon's Pouncing on an Opportunity in Grocery,https://www.nasdaq.com/articles/amazons-pouncing-on-an-opportunity-in-grocery-2021-03-12,,7
WMT,Consumer,2021-07-16,2021-07-16,"Target removes J&J sunscreens from stores, website",https://www.nasdaq.com/articles/target-removes-jj-sunscreens-from-stores-website-2021-07-16,,7
WMT,Consumer,2021-08-18,2021-08-18,Why Casey's Focus on Communities Makes It a Decades-Long Investment,https://www.nasdaq.com/articles/why-caseys-focus-on-communities-makes-it-a-decades-long-investment-2021-08-18,,5
WMT,Consumer,2021-11-16,2021-11-16,Can Walmart Stock Trade Higher Following Q3 Results?,https://www.nasdaq.com/articles/can-walmart-stock-trade-higher-following-q3-results,,23
WMT,Consumer,2021-12-09,2021-12-09,FOCUS-Starbucks union drive spurred by barista burnout from mobile orders,https://www.nasdaq.com/articles/focus-starbucks-union-drive-spurred-by-barista-burnout-from-mobile-orders,,4
WMT,Consumer,2022-02-01,2022-02-01,3 Anticipated 2022 IPOs Investors Should Watch,https://www.nasdaq.com/articles/3-anticipated-2022-ipos-investors-should-watch,,3
WMT,Consumer,2022-03-28,2022-03-28,Power Hour Stocks To Buy Today? 4 E-commerce Stocks To Know,https://www.nasdaq.com/articles/power-hour-stocks-to-buy-today-4-e-commerce-stocks-to-know,,7
WMT,Consumer,2022-03-28,2022-03-28,WSJ: Walmart Ending Cigarette Sales In Some Stores,https://www.nasdaq.com/articles/wsj%3A-walmart-ending-cigarette-sales-in-some-stores,,7
WMT,Consumer,2022-06-14,2022-06-14,FTC launches probe into mental-health startup Cerebral - WSJ,https://www.nasdaq.com/articles/ftc-launches-probe-into-mental-health-startup-cerebral-wsj,,4
WMT,Consumer,2022-07-11,2022-07-09,3 Stocks That Are Great Long-Term Picks,https://www.nasdaq.com/articles/3-stocks-that-are-great-long-term-picks-0,,10
WMT,Consumer,2022-08-12,2022-08-12,"Notable Friday Option Activity: WMT, ADBE, BR",https://www.nasdaq.com/articles/notable-friday-option-activity%3A-wmt-adbe-br,,7
WMT,Consumer,2022-09-13,2022-09-13,"Notable Tuesday Option Activity: LNG, WMT, CLX",https://www.nasdaq.com/articles/notable-tuesday-option-activity%3A-lng-wmt-clx,,4
WMT,Consumer,2023-05-19,2023-05-19,Is Walmart Stock a Buy Following Another Strong Quarter?,https://www.nasdaq.com/articles/is-walmart-stock-a-buy-following-another-strong-quarter,,17
WMT,Consumer,2023-08-14,2023-08-14,US STOCKS-Futures rise as megacap growth stocks bounce; focus on economic data,https://www.nasdaq.com/articles/us-stocks-futures-rise-as-megacap-growth-stocks-bounce-focus-on-economic-data,,28
WMT,Consumer,2023-11-13,2023-11-13,Markets Stay Flat Ahead of CPI Tuesday Morning,https://www.nasdaq.com/articles/markets-stay-flat-ahead-of-cpi-tuesday-morning,,23
XOM,Energy,2020-03-06,2020-03-06,Why Oil Stocks Are Getting Crushed Today,https://www.nasdaq.com/articles/why-oil-stocks-are-getting-crushed-today-2020-03-06,,14
XOM,Energy,2020-05-20,2020-05-20,It’s Unlikely a Rebound in Oil Prices Can Save Chesapeake Stock,https://www.nasdaq.com/articles/its-unlikely-a-rebound-in-oil-prices-can-save-chesapeake-stock-2020-05-20,,7
XOM,Energy,2020-06-03,2020-06-03,Zoom Stock Rises Then Falls After Blockbuster Earnings,https://talkmarkets.com/content/zoom-stock-rises-then-falls-after-blockbuster-earnings?post=264259,TalkMarkets,6
XOM,Energy,2021-01-04,2021-01-04,"BUZZ-U.S. STOCKS ON THE MOVE-Aurora Cannabis, Teledyne Techologies, Moderna Inc",https://www.nasdaq.com/articles/buzz-u.s.-stocks-on-the-move-aurora-cannabis-teledyne-techologies-moderna-inc-2021-01-04,,4
XOM,Energy,2021-06-23,2021-06-23,Exxon must face Massachusetts lawsuit alleging climate change deceit,https://www.nasdaq.com/articles/exxon-must-face-massachusetts-lawsuit-alleging-climate-change-deceit-2021-06-23,,5
XOM,Energy,2021-12-01,2021-12-01,"Energy Sector Update for 12/01/2021: REX, XOM, SLB, XLE, USO, UNG",https://www.nasdaq.com/articles/energy-sector-update-for-12-01-2021%3A-rex-xom-slb-xle-uso-ung,,6
XOM,Energy,2022-01-12,2022-01-12,PREVIEW-Investors ready for U.S. earnings as inflation worries run high,https://www.nasdaq.com/articles/preview-investors-ready-for-u.s.-earnings-as-inflation-worries-run-high,,16
XOM,Energy,2022-02-01,2022-02-01,US STOCKS-Wall St flat in choppy trading after two-day surge,https://www.nasdaq.com/articles/us-stocks-wall-st-flat-in-choppy-trading-after-two-day-surge,,23
XOM,Energy,2022-02-02,2022-02-02,"Notable Wednesday Option Activity: AMSC, WFC, XOM",https://www.nasdaq.com/articles/notable-wednesday-option-activity%3A-amsc-wfc-xom,,10
XOM,Energy,2022-02-07,2022-02-07,EXCLUSIVE-Spanish oil major Repsol looking to sell parts of its Canadian assets -sources,https://www.nasdaq.com/articles/exclusive-spanish-oil-major-repsol-looking-to-sell-parts-of-its-canadian-assets-sources-0,,9
XOM,Energy,2022-02-16,2022-02-16,New Strong Buy Stocks for February 16th,https://www.nasdaq.com/articles/new-strong-buy-stocks-for-february-16th,,10
XOM,Energy,2022-03-10,2022-03-10,Exxon considers sale of Bakken assets - Bloomberg News,https://www.nasdaq.com/articles/exxon-considers-sale-of-bakken-assets-bloomberg-news,,8
XOM,Energy,2022-03-18,2022-03-18,ConocoPhillips (COP) Reduces Alpine Oilfield Crude Production,https://www.nasdaq.com/articles/conocophillips-cop-reduces-alpine-oilfield-crude-production,,3
XOM,Energy,2022-04-04,2022-04-04,Exxon Mobil (XOM) Gains But Lags Market: What You Should Know,https://www.nasdaq.com/articles/exxon-mobil-xom-gains-but-lags-market%3A-what-you-should-know-0,,10
XOM,Energy,2022-05-02,2022-04-30,6 Dividend Stocks That Will Maintain Their Payouts in an Economic Downturn,https://www.nasdaq.com/articles/6-dividend-stocks-that-will-maintain-their-payouts-in-an-economic-downturn,,6
XOM,Energy,2022-05-24,2022-05-24,Is WisdomTree U.S. LargeCap Dividend ETF (DLN) a Strong ETF Right Now?,https://www.nasdaq.com/articles/is-wisdomtree-u.s.-largecap-dividend-etf-dln-a-strong-etf-right-now-3,,5
XOM,Energy,2022-06-24,2022-06-24,"If You Invested $10,000 in Enterprise Products Partners in March 2020, This Is How Much You Would Have Today",https://www.nasdaq.com/articles/if-you-invested-%2410000-in-enterprise-products-partners-in-march-2020-this-is-how-much-you,,4
XOM,Energy,2022-11-16,2022-11-16,Should First Trust Morningstar Dividend Leaders ETF (FDL) Be on Your Investing Radar?,https://www.nasdaq.com/articles/should-first-trust-morningstar-dividend-leaders-etf-fdl-be-on-your-investing-radar-3,,5
XOM,Energy,2023-03-13,2023-03-13,"Venture Global LNG to go ahead with phase 2 of Plaquemines, La., export plant",https://www.nasdaq.com/articles/venture-global-lng-to-go-ahead-with-phase-2-of-plaquemines-la.-export-plant,,9
XOM,Energy,2023-03-22,2023-03-22,Here's Why Hold Strategy is Apt for ExxonMobil (XOM) Now,https://www.nasdaq.com/articles/heres-why-hold-strategy-is-apt-for-exxonmobil-xom-now,,8
XOM,Energy,2023-03-30,2023-03-30,Guru Fundamental Report for XOM,https://www.nasdaq.com/articles/guru-fundamental-report-for-xom-10,,5
XOM,Energy,2023-04-05,2023-04-05,Companies operating two Kazakh oil fields face arbitration - Bloomberg,https://www.nasdaq.com/articles/companies-operating-two-kazakh-oil-fields-face-arbitration-bloomberg,,11
XOM,Energy,2023-04-26,2023-04-26,"Oil producer Hess beats first-quarter profit, makes new discovery in Guyana",https://www.nasdaq.com/articles/oil-producer-hess-beats-first-quarter-profit-makes-new-discovery-in-guyana,,5
XOM,Energy,2023-05-02,2023-05-02,"Why Oil and Gas Majors Chevron, ExxonMobil, and Petrobras Were Plunging Today",https://www.nasdaq.com/articles/why-oil-and-gas-majors-chevron-exxonmobil-and-petrobras-were-plunging-today,,9
XOM,Energy,2023-10-06,2023-10-06,US drillers cut oil and gas rigs for third week in a row -Baker Hughes,https://www.nasdaq.com/articles/us-drillers-cut-oil-and-gas-rigs-for-third-week-in-a-row-baker-hughes-0,,26
